uf,cd_tse,cd_ibge,municipio,CLARIANA BARAO,EDMILSON COSTA,ESCRITOR AUGUSTO CURY,FLAVIO BOLSONARO,HERTZ DIAS,LULA,RENAN SANTOS,RONALDO CAIADO,RUI COSTA PIMENTA,SAMARA,VETERINÁRIO WILSON GRASSI,ZEMA
AC,01007,1200138,BUJARI,3,3,165,5531,3,2394,68,133,2,3,0,3
AC,01015,1200179,CAPIXABA,1,2,108,4227,0,1732,77,134,0,1,0,16
AC,01023,1200807,PORTO ACRE,0,6,228,7926,0,2658,113,169,0,5,1,22
AC,01031,1200435,SANTA ROSA DO PURUS,1,1,55,1258,0,1384,17,24,0,0,0,2
AC,01040,1200351,MARECHAL THAUMATURGO,2,2,189,5369,0,3365,43,102,2,1,0,3
AC,01058,1200104,BRASILÉIA,2,6,295,10709,1,3965,200,192,0,2,0,15
AC,01066,1200393,PORTO WALTER,1,1,194,2780,0,3208,48,62,1,1,0,0
AC,01074,1200203,CRUZEIRO DO SUL,12,14,1357,34218,8,12368,921,703,2,17,8,28
AC,01082,1200427,RODRIGUES ALVES,4,1,184,7154,1,2355,77,148,2,1,0,4
AC,01090,1200336,MÂNCIO LIMA,1,2,256,7749,0,3481,123,73,1,2,1,0
AC,01104,1200328,JORDÃO,1,0,152,1935,0,2147,15,43,0,0,1,5
AC,01112,1200252,EPITACIOLÂNDIA,6,2,202,8129,1,2656,133,135,1,9,0,8
AC,01120,1200013,ACRELÂNDIA,2,0,114,5940,1,1508,85,136,0,2,0,3
AC,01139,1200302,FEIJÓ,6,3,384,9069,1,7435,157,214,2,10,1,14
AC,01392,1200401,RIO BRANCO,113,72,7747,131895,46,56423,4808,5143,23,201,24,359
AC,01457,1200500,SENA MADUREIRA,2,5,542,16640,3,5787,348,284,1,15,0,15
AC,01473,1200609,TARAUACÁ,37,5,395,12435,0,8099,206,266,0,13,1,51
AC,01490,1200708,XAPURI,4,4,140,6055,1,3366,129,98,0,5,0,2
AC,01511,1200385,PLÁCIDO DE CASTRO,2,1,213,6580,2,2473,120,166,0,5,1,5
AC,01538,1200450,SENADOR GUIOMARD,11,2,404,10111,0,3536,195,268,1,18,0,10
AC,01554,1200344,MANOEL URBANO,3,3,76,3823,1,2415,59,51,0,1,0,0
AC,01570,1200054,ASSIS BRASIL,1,5,123,3274,2,2015,38,50,2,2,1,8
AL,27006,2706448,PARIPUEIRA,4,5,232,4999,1,4101,155,95,1,7,3,2
AL,27014,2700102,ÁGUA BRANCA,0,2,134,1230,2,9576,117,38,0,2,2,3
AL,27022,2706422,PARICONHA,0,0,87,658,3,6310,80,20,0,1,1,1
AL,27030,2700201,ANADIA,3,1,207,2600,3,6524,63,34,0,3,0,3
AL,27049,2702553,ESTRELA DE ALAGOAS,0,0,130,1613,2,6859,82,42,0,3,2,3
AL,27057,2700300,ARAPIRACA,48,20,3809,56513,31,60304,2103,830,9,80,10,64
AL,27065,2703759,JEQUIÁ DA PRAIA,1,0,175,2915,1,3053,66,30,0,3,0,0
AL,27073,2700409,ATALAIA,6,4,443,8726,6,14076,297,179,0,11,1,5
AL,27081,2701357,CAMPESTRE,1,1,111,1276,0,2798,44,9,1,1,0,0
AL,27090,2700508,BARRA DE SANTO ANTÔNIO,2,3,286,4637,1,5771,124,69,0,3,2,5
AL,27111,2700607,BARRA DE SÃO MIGUEL,4,0,157,3227,1,2858,78,58,0,3,2,5
AL,27138,2700706,BATALHA,2,2,201,3579,4,6197,113,52,0,4,1,4
AL,27154,2700805,BELÉM,1,0,88,956,0,2501,29,14,0,2,0,5
AL,27170,2700904,BELO MONTE,0,0,106,1314,0,3116,38,32,0,0,0,1
AL,27197,2701001,BOCA DA MATA,5,3,253,5779,0,7804,146,62,0,6,2,10
AL,27219,2701100,BRANQUINHA,0,2,85,1877,0,4114,81,27,0,1,0,4
AL,27235,2701209,CACIMBINHAS,0,0,64,1698,2,4073,51,25,0,0,0,1
AL,27251,2701308,CAJUEIRO,3,1,185,3135,5,6630,134,67,0,4,0,6
AL,27278,2701407,CAMPO ALEGRE,0,2,376,6532,4,11781,256,75,0,10,3,4
AL,27294,2701506,CAMPO GRANDE,0,0,152,1720,1,4622,78,37,0,1,1,2
AL,27316,2701605,CANAPI,0,0,219,2051,2,8006,73,16,1,10,1,1
AL,27332,2701704,CAPELA,6,0,170,3700,3,5533,135,57,0,3,1,6
AL,27359,2701803,CARNEIROS,0,1,98,1143,1,4217,85,17,1,1,0,0
AL,27375,2701902,CHÃ PRETA,0,1,119,1422,1,3457,67,14,0,1,0,3
AL,27391,2702009,COITÉ DO NÓIA,1,0,188,1712,0,4983,110,26,0,4,0,1
AL,27413,2702108,COLÔNIA LEOPOLDINA,17,2,170,5068,2,5409,97,47,1,3,0,6
AL,27430,2702207,COQUEIRO SECO,1,0,131,1798,2,2300,65,45,0,2,1,1
AL,27456,2702306,CORURIPE,10,7,711,15184,6,13895,363,173,1,12,5,11
AL,27472,2702405,DELMIRO GOUVEIA,6,4,517,5750,5,23510,489,112,3,9,4,8
AL,27499,2702504,DOIS RIACHOS,0,0,74,1799,2,4352,62,27,0,2,0,3
AL,27510,2702603,FEIRA GRANDE,1,2,350,3614,3,10417,164,60,0,4,1,7
AL,27537,2702702,FELIZ DESERTO,1,0,50,1030,0,1653,25,6,0,0,0,1
AL,27553,2702801,FLEXEIRAS,0,1,120,2989,0,2943,72,26,0,2,0,1
AL,27570,2702900,GIRAU DO PONCIANO,2,1,357,4370,2,15661,218,65,2,6,1,3
AL,27596,2703007,IBATEGUARA,21,1,130,3064,3,4702,70,39,0,5,0,2
AL,27618,2703106,IGACI,3,3,314,3134,2,10470,169,87,0,6,4,6
AL,27634,2703205,IGREJA NOVA,2,1,237,3533,0,8952,114,76,0,0,3,3
AL,27650,2703304,INHAPI,0,1,171,1691,2,7926,80,41,0,1,0,1
AL,27677,2703403,JACARÉ DOS HOMENS,2,0,71,809,1,3067,33,9,0,1,0,2
AL,27693,2703502,JACUÍPE,1,0,97,1434,1,3113,48,12,0,3,0,0
AL,27715,2703601,JAPARATINGA,4,2,114,3709,1,2992,61,34,0,2,3,4
AL,27731,2703700,JARAMATAIA,0,0,68,994,1,2962,20,18,0,0,0,1
AL,27758,2703809,JOAQUIM GOMES,4,2,156,3430,1,7394,103,51,0,6,0,0
AL,27774,2703908,JUNDIÁ,0,1,63,1399,1,2027,37,29,0,4,0,0
AL,27790,2704005,JUNQUEIRO,5,8,437,5637,3,8286,183,93,0,22,4,6
AL,27812,2704104,LAGOA DA CANOA,4,0,213,3911,6,8122,140,47,0,7,0,3
AL,27839,2704203,LIMOEIRO DE ANADIA,1,0,238,4249,1,10464,132,46,0,5,1,6
AL,27855,2704302,MACEIÓ,280,67,13769,259789,166,203850,10043,6691,58,670,108,625
AL,27871,2704401,MAJOR ISIDORO,0,0,174,4009,2,7056,83,41,0,1,2,5
AL,27898,2704500,MARAGOGI,0,6,350,10898,2,7431,213,87,1,10,0,7
AL,27910,2704609,MARAVILHA,1,0,179,1473,2,4409,65,27,0,0,1,5
AL,27936,2704708,MARECHAL DEODORO,13,5,910,19001,9,15178,562,380,2,32,6,26
AL,27952,2704807,MARIBONDO,2,2,143,3067,5,5141,111,44,1,4,0,7
AL,27979,2704906,MAR VERMELHO,0,1,52,811,1,1933,36,29,2,2,0,0
AL,27995,2705002,MATA GRANDE,0,1,160,2337,2,10073,107,38,0,4,0,2
AL,28010,2705101,MATRIZ DE CAMARAGIBE,2,3,187,7489,1,5701,174,63,0,5,3,4
AL,28037,2705200,MESSIAS,7,2,172,4282,1,5892,129,68,1,7,1,3
AL,28053,2705309,MINADOR DO NEGRÃO,0,2,93,1106,0,2356,39,19,0,0,0,2
AL,28070,2705408,MONTEIRÓPOLIS,1,0,136,1141,2,3332,44,24,1,2,0,3
AL,28096,2705507,MURICI,2,6,229,5628,3,8996,193,74,0,4,0,7
AL,28118,2705606,NOVO LINO,12,0,114,3612,0,3432,73,42,0,6,2,5
AL,28134,2705705,OLHO D'ÁGUA DAS FLORES,0,0,255,4518,1,6905,138,70,0,7,0,3
AL,28150,2705804,OLHO D'ÁGUA DO CASADO,1,1,94,752,0,4368,71,12,0,0,0,0
AL,28177,2705903,OLHO D'ÁGUA GRANDE,0,1,74,889,0,2711,40,12,0,0,0,0
AL,28193,2706000,OLIVENÇA,1,2,172,2379,0,5213,97,43,1,4,0,5
AL,28215,2706109,OURO BRANCO,2,1,252,1771,1,5183,84,32,1,2,0,0
AL,28231,2706208,PALESTINA,0,0,102,737,3,2636,21,18,0,1,0,0
AL,28258,2706307,PALMEIRA DOS ÍNDIOS,8,10,887,14385,10,23887,661,309,7,24,4,30
AL,28274,2706406,PÃO DE AÇÚCAR,4,1,250,3331,3,9813,160,86,0,2,1,8
AL,28290,2706505,PASSO DE CAMARAGIBE,2,0,163,4176,0,5161,70,44,1,4,1,0
AL,28312,2706604,PAULO JACINTO,0,2,125,1472,3,3368,57,40,0,2,0,2
AL,28339,2706703,PENEDO,2,2,925,12036,9,18884,480,224,0,16,2,15
AL,28355,2706802,PIAÇABUÇU,2,2,225,3508,3,6409,96,54,0,1,2,2
AL,28371,2706901,PILAR,5,6,507,10026,7,11359,303,146,0,8,3,11
AL,28398,2707008,PINDOBA,0,0,29,827,0,1393,16,10,0,1,0,0
AL,28410,2707107,PIRANHAS,6,1,267,2561,3,11382,179,31,2,4,2,2
AL,28436,2707206,POÇO DAS TRINCHEIRAS,5,0,219,1471,0,6344,78,50,1,8,0,1
AL,28452,2707305,PORTO CALVO,5,2,289,8667,4,6941,122,82,1,11,6,1
AL,28479,2707404,PORTO DE PEDRAS,2,0,126,3285,2,2989,65,18,0,5,0,1
AL,28495,2707503,PORTO REAL DO COLÉGIO,0,0,263,3236,1,9542,144,63,0,5,0,7
AL,28517,2707602,QUEBRANGULO,2,0,89,2236,0,5305,87,48,0,2,3,2
AL,28533,2707701,RIO LARGO,27,3,1339,24885,10,26017,924,458,1,53,5,29
AL,28550,2707800,ROTEIRO,0,1,70,1615,0,2463,47,20,0,2,0,2
AL,28576,2707909,SANTA LUZIA DO NORTE,0,0,140,1928,2,2912,59,30,0,5,0,2
AL,28592,2708006,SANTANA DO IPANEMA,7,3,678,7218,5,16402,386,123,0,12,5,14
AL,28614,2708105,SANTANA DO MUNDAÚ,1,0,148,1753,1,4749,79,37,0,2,1,2
AL,28630,2708204,SÃO BRÁS,1,0,102,1467,1,3881,54,22,0,2,2,2
AL,28657,2708303,SÃO JOSÉ DA LAJE,8,4,259,4848,8,7218,148,80,0,9,3,7
AL,28673,2708402,SÃO JOSÉ DA TAPERA,1,6,449,3713,5,11832,188,106,0,8,1,6
AL,28690,2708501,SÃO LUÍS DO QUITUNDE,1,2,271,8292,5,7992,182,74,0,9,0,6
AL,28711,2708600,SÃO MIGUEL DOS CAMPOS,10,6,738,15362,4,14939,480,272,0,28,2,17
AL,28738,2708709,SÃO MIGUEL DOS MILAGRES,1,2,105,3235,1,2743,67,44,0,2,0,2
AL,28754,2708808,SÃO SEBASTIÃO,3,2,437,5637,1,13514,288,94,0,11,1,6
AL,28770,2708907,SATUBA,5,2,308,6429,5,5435,219,101,1,10,2,7
AL,28797,2709004,TANQUE D'ARCA,1,0,81,982,1,3097,33,17,0,2,0,2
AL,28819,2709103,TAQUARANA,2,1,162,2862,6,8217,106,42,1,6,0,3
AL,28835,2709202,TRAIPU,7,1,198,3046,0,10086,149,83,1,6,0,10
AL,28851,2709301,UNIÃO DOS PALMARES,11,11,632,12989,5,20994,493,186,1,34,6,19
AL,28878,2709400,VIÇOSA,2,4,333,5490,1,9372,190,93,1,13,2,11
AL,28894,2702355,CRAÍBAS,3,3,427,4159,2,11551,180,58,3,1,2,4
AL,28916,2708956,SENADOR RUI PALMEIRA,1,0,148,1415,2,5297,76,31,0,1,1,3
AL,28932,2709152,TEOTÔNIO VILELA,5,6,557,7879,1,12294,312,140,1,9,7,9
AM,02003,1300144,APUÍ,1,0,202,5895,0,2042,73,88,0,0,0,5
AM,02011,1303205,NOVO AIRÃO,2,2,357,4377,1,4507,143,101,0,3,1,3
AM,02020,1301654,GUAJARÁ,1,2,208,5489,0,3049,56,85,0,3,1,0
AM,02038,1300102,ANORI,2,0,229,3499,0,4628,113,100,0,2,0,3
AM,02046,1301159,CAREIRO DA VÁRZEA,4,4,326,5092,1,7982,98,216,0,11,0,5
AM,02054,1300201,ATALAIA DO NORTE,0,0,64,1732,1,4854,54,108,0,2,0,0
AM,02070,1300300,AUTAZES,0,1,646,9013,0,13259,271,186,0,7,0,6
AM,02097,1300409,BARCELOS,1,0,243,3161,4,4187,96,72,0,6,1,0
AM,02119,1300508,BARREIRINHA,1,2,340,1612,1,15878,130,134,0,3,1,3
AM,02135,1300607,BENJAMIN CONSTANT,2,1,354,3717,1,15294,173,138,0,3,1,4
AM,02151,1300706,BOCA DO ACRE,7,0,313,9804,1,6531,158,238,0,3,0,3
AM,02178,1300805,BORBA,5,2,439,4560,0,13307,144,120,0,2,1,9
AM,02194,1300904,CANUTAMA,3,0,197,3655,0,3653,67,147,0,3,0,3
AM,02216,1301001,CARAUARI,4,1,408,3935,0,9690,195,221,0,1,1,0
AM,02232,1301100,CAREIRO,1,8,603,7072,1,11262,254,295,1,12,4,13
AM,02259,1301209,COARI,13,2,766,14023,1,21874,377,287,0,17,2,11
AM,02275,1301308,CODAJÁS,1,0,290,4984,1,7344,136,104,2,3,2,1
AM,02291,1301407,EIRUNEPÉ,2,5,523,5334,2,8665,108,297,0,0,1,5
AM,02313,1301506,ENVIRA,2,1,437,2465,0,4354,86,159,0,1,1,7
AM,02330,1301605,FONTE BOA,0,3,229,3063,1,9303,84,115,0,0,0,0
AM,02356,1301704,HUMAITÁ,1,3,790,14741,3,10608,350,298,1,25,2,17
AM,02372,1303601,SANTA ISABEL DO RIO NEGRO,0,0,126,1730,0,4355,53,71,0,2,0,0
AM,02399,1301803,IPIXUNA,0,0,126,3302,0,4479,48,178,0,0,1,1
AM,02410,1301902,ITACOATIARA,19,4,1767,20163,6,33740,789,614,0,28,3,20
AM,02437,1302009,ITAPIRANGA,0,1,177,3096,0,3895,101,56,0,5,1,4
AM,02453,1302108,JAPURÁ,1,0,141,1856,0,1775,18,48,0,1,0,2
AM,02470,1302207,JURUÁ,1,0,160,2202,0,2919,40,83,0,2,0,2
AM,02496,1302306,JUTAÍ,2,0,205,4178,0,6095,71,108,0,1,2,0
AM,02518,1302405,LÁBREA,2,3,541,8489,1,12464,191,307,0,5,0,4
AM,02534,1302504,MANACAPURU,19,13,1639,27295,1,32183,735,627,1,16,5,27
AM,02550,1302603,MANAUS,743,163,53684,641864,397,439027,25155,18082,144,1551,241,1488
AM,02577,1302702,MANICORÉ,4,2,573,10039,2,15214,247,227,2,5,0,11
AM,02593,1302801,MARAÃ,1,1,122,2282,0,4369,36,54,1,4,0,2
AM,02615,1302900,MAUÉS,1,2,484,4655,2,22574,305,157,0,6,1,2
AM,02631,1303007,NHAMUNDÁ,1,1,179,1952,0,9762,79,84,0,2,0,3
AM,02658,1303106,NOVA OLINDA DO NORTE,2,1,780,3902,1,10308,177,140,1,1,1,4
AM,02674,1303304,NOVO ARIPUANÃ,3,0,201,2938,0,6403,62,89,0,4,1,1
AM,02690,1303403,PARINTINS,3,3,1175,9489,4,43822,778,408,0,16,2,11
AM,02712,1303502,PAUINI,2,0,174,3345,0,4710,51,92,0,1,0,2
AM,02739,1303700,SANTO ANTÔNIO DO IÇÁ,1,0,275,3983,1,10172,115,131,0,4,0,3
AM,02755,1303908,SÃO PAULO DE OLIVENÇA,1,0,315,3067,0,13914,100,210,0,2,2,1
AM,02771,1304005,SILVES,3,1,174,1480,0,5612,68,66,0,5,0,6
AM,02798,1304104,TAPAUÁ,1,1,222,5234,0,4807,89,143,0,1,0,3
AM,02810,1304203,TEFÉ,8,6,839,14319,1,22775,402,381,0,9,1,7
AM,02836,1303809,SÃO GABRIEL DA CACHOEIRA,3,1,277,4638,2,18454,246,153,0,10,0,5
AM,02852,1304302,URUCARÁ,0,0,159,2309,1,6578,70,56,1,2,0,2
AM,02879,1304401,URUCURITUBA,0,0,169,2490,1,7749,100,81,0,1,0,2
AM,02895,1300029,ALVARÃES,0,0,282,2691,0,6537,107,81,0,1,0,1
AM,02917,1300060,AMATURÁ,0,0,68,1348,1,4735,34,63,0,0,1,2
AM,02933,1300086,ANAMÃ,1,0,178,2182,1,4272,44,52,0,2,0,2
AM,02950,1300631,BERURI,1,2,143,4072,1,6883,111,135,0,1,0,1
AM,02976,1300680,BOA VISTA DO RAMOS,1,1,177,1339,1,8778,104,66,0,1,0,2
AM,02992,1300839,CAAPIRANGA,1,2,195,2313,1,4291,50,50,0,1,0,2
AM,98353,1301852,IRANDUBA,22,4,1167,15886,5,18677,499,467,1,26,2,21
AM,98370,1301951,ITAMARATI,0,1,101,1863,0,3274,42,93,0,0,0,1
AM,98396,1302553,MANAQUIRI,6,0,301,3563,1,7301,79,134,1,5,1,4
AM,98418,1303536,PRESIDENTE FIGUEIREDO,10,1,826,9206,3,9258,310,205,2,9,3,8
AM,98434,1303569,RIO PRETO DA EVA,5,4,529,7738,1,8281,232,192,1,20,1,13
AM,98450,1303957,SÃO SEBASTIÃO DO UATUMÃ,1,1,151,2539,0,2895,64,62,0,4,0,0
AM,98477,1304062,TABATINGA,7,8,486,10073,1,19470,353,409,1,6,3,11
AM,98493,1304260,UARINI,0,1,152,2576,2,4761,39,83,1,0,0,1
AM,98515,1304237,TONANTINS,0,0,127,1855,0,7157,51,63,0,0,0,1
AP,06009,1600550,PRACUÚBA,2,3,108,1469,0,1612,32,35,0,1,0,3
AP,06017,1600105,AMAPÁ,2,1,259,2277,0,3379,108,81,2,2,0,3
AP,06025,1600535,PORTO GRANDE,3,2,459,5300,3,5770,284,173,0,10,0,9
AP,06033,1600204,CALÇOENE,0,0,306,2832,0,3476,132,115,0,2,1,5
AP,06041,1600253,ITAUBAL,1,0,265,3107,0,3646,86,115,1,2,1,4
AP,06050,1600303,MACAPÁ,155,37,11656,124378,108,114179,7001,5510,31,382,35,246
AP,06068,1600212,CUTIAS,0,2,190,2125,0,2645,55,71,0,4,0,0
AP,06076,1600402,MAZAGÃO,5,0,600,6402,2,11092,304,236,2,8,0,2
AP,06084,1600154,PEDRA BRANCA DO AMAPARI,3,3,237,3026,2,3492,86,92,0,3,1,6
AP,06092,1600501,OIAPOQUE,7,2,457,6109,1,9792,313,236,6,8,2,8
AP,06106,1600055,SERRA DO NAVIO,1,0,116,1693,2,1054,55,46,0,1,0,3
AP,06114,1600238,FERREIRA GOMES,0,0,230,2889,4,2788,120,76,0,4,0,6
AP,06122,1600808,VITÓRIA DO JARI,2,0,177,2668,0,4824,141,81,1,6,1,2
AP,06130,1600279,LARANJAL DO JARI,6,2,622,8386,2,10748,482,282,1,17,0,8
AP,06157,1600600,SANTANA,39,9,3157,35791,7,29279,1992,1051,8,54,7,34
AP,06173,1600709,TARTARUGALZINHO,3,1,218,3826,1,4727,151,104,1,4,1,2
BA,30007,2919553,LUÍS EDUARDO MAGALHÃES,8,7,1531,38496,11,20173,1101,657,7,18,0,52
BA,30058,2910727,EUNÁPOLIS,13,12,1946,28359,6,28976,1147,828,5,31,7,85
BA,30660,2917334,IUIU,0,1,136,1571,1,4935,62,55,0,1,0,2
BA,30678,2917359,JABORANDI,1,3,107,2144,2,4868,58,180,1,0,0,6
BA,30694,2918555,JUSSARI,0,0,28,1061,0,2342,12,22,0,2,0,0
BA,30716,2901155,AMÉRICA DOURADA,1,4,160,1902,1,7668,70,83,0,1,0,2
BA,30732,2902252,ARATACA,2,0,72,1388,0,3188,45,30,0,1,1,1
BA,30759,2903235,BARRO ALTO,1,1,338,1966,0,6560,98,79,0,3,0,10
BA,30775,2903276,BARROCAS,0,0,277,2245,6,9074,164,112,0,4,0,2
BA,30791,2904753,BURITIRAMA,2,1,154,2901,2,8642,81,103,0,3,1,7
BA,30813,2906857,CAPELA DO ALTO ALEGRE,2,1,165,1941,2,5263,74,124,0,3,0,4
BA,30830,2906873,CAPIM GROSSO,0,1,472,7103,4,11210,248,192,2,4,2,5
BA,30856,2906824,CANUDOS,1,2,120,1802,3,8248,106,43,0,4,0,3
BA,30872,2910057,DIAS D'ÁVILA,12,3,1220,9615,6,26217,754,611,2,25,5,31
BA,30899,2910750,FÁTIMA,4,2,166,2004,3,9758,177,76,1,2,0,6
BA,30910,2910859,FILADÉLFIA,0,0,191,3021,3,8554,119,95,0,3,0,6
BA,30937,2911253,GAVIÃO,0,1,123,1038,0,2055,29,47,0,1,0,4
BA,30953,2911659,GUAJERU,1,0,124,713,1,3739,34,57,0,1,1,2
BA,30970,2911857,HELIÓPOLIS,0,0,167,1500,2,7776,198,74,0,2,0,4
BA,30996,2918357,JOÃO DOURADO,1,1,362,5456,1,9545,153,122,0,6,1,6
BA,33014,2900108,ABAÍRA,3,4,82,1651,0,3037,78,78,0,3,0,4
BA,33030,2900207,ABARÉ,1,4,169,2961,2,8618,63,38,0,1,0,2
BA,33057,2900306,ACAJUTIBA,3,0,156,2121,2,6512,132,109,0,0,0,5
BA,33065,2900355,ADUSTINA,1,1,230,1979,2,7267,109,69,1,1,1,2
BA,33073,2900405,ÁGUA FRIA,3,2,236,1964,1,7386,85,119,1,7,0,2
BA,33090,2900504,ÉRICO CARDOSO,2,1,100,1258,0,4545,62,97,0,3,1,4
BA,33111,2900603,AIQUARA,0,0,52,753,0,2315,15,17,0,1,0,2
BA,33138,2900702,ALAGOINHAS,36,13,2267,23628,35,55711,1419,1358,9,68,6,89
BA,33154,2900801,ALCOBAÇA,7,4,230,4216,1,9507,149,83,1,6,1,9
BA,33170,2900900,ALMADINA,1,1,25,719,2,2943,18,22,0,0,0,2
BA,33197,2901007,AMARGOSA,6,2,374,7542,8,12926,252,230,1,4,1,9
BA,33219,2901106,AMÉLIA RODRIGUES,1,2,313,2883,7,11248,191,228,0,12,4,11
BA,33235,2901205,ANAGÉ,2,3,265,3004,0,10800,145,141,0,5,0,7
BA,33251,2901304,ANDARAÍ,0,0,107,1223,1,5844,60,45,0,6,1,1
BA,33260,2901353,ANDORINHA,1,1,201,1289,0,9252,91,52,0,1,0,1
BA,33278,2901403,ANGICAL,2,1,155,2640,2,7073,95,139,0,2,1,4
BA,33294,2901502,ANGUERA,3,0,110,1553,1,6206,56,123,0,2,0,1
BA,33316,2901601,ANTAS,1,1,174,2611,1,5290,87,51,0,2,0,1
BA,33332,2901700,ANTÔNIO CARDOSO,1,0,111,1415,1,7868,42,141,0,2,0,0
BA,33359,2901809,ANTÔNIO GONÇALVES,4,2,80,1568,1,5000,65,67,0,5,0,3
BA,33375,2901908,APORÁ,1,1,156,2718,0,7517,99,164,0,3,1,3
BA,33383,2902054,ARAÇÁS,1,3,109,1239,1,6357,84,55,1,1,1,3
BA,33391,2902005,ARACATU,0,1,177,2292,1,7400,77,107,1,2,0,5
BA,33405,2901957,APUAREMA,0,2,124,1452,1,3060,35,46,1,1,0,3
BA,33413,2902104,ARACI,7,3,605,4872,3,24425,260,222,2,7,1,6
BA,33430,2902203,ARAMARI,1,2,115,1026,0,6003,44,56,0,2,0,3
BA,33456,2902302,ARATUÍPE,1,2,111,1325,2,4711,45,97,0,1,0,2
BA,33472,2902401,AURELINO LEAL,2,3,179,1927,4,4612,61,73,0,4,2,2
BA,33499,2902500,BAIANÓPOLIS,0,4,203,3286,1,5937,65,140,0,0,0,8
BA,33510,2902609,BAIXA GRANDE,2,3,154,2989,0,8040,101,107,0,5,0,5
BA,33529,2902658,BANZAÊ,1,0,156,1839,0,6255,79,87,1,3,1,3
BA,33537,2902708,BARRA,2,3,377,5261,2,22029,218,207,5,3,2,10
BA,33553,2902807,BARRA DA ESTIVA,0,2,467,5674,4,10707,236,115,0,6,1,9
BA,33570,2902906,BARRA DO CHOÇA,3,2,590,5298,6,15560,264,226,2,7,0,17
BA,33596,2903003,BARRA DO MENDES,1,0,224,1137,2,7970,99,58,0,2,0,1
BA,33618,2903102,BARRA DO ROCHA,1,0,67,983,1,1994,28,44,0,0,0,5
BA,33634,2903201,BARREIRAS,8,5,2048,37394,19,43434,1475,1259,4,41,5,58
BA,33650,2903300,BARRO PRETO,0,0,96,1109,0,2978,42,41,0,4,0,3
BA,33677,2903409,BELMONTE,2,1,175,3246,2,7238,123,120,3,4,1,12
BA,33693,2903508,BELO CAMPO,4,3,188,3066,6,8380,167,129,1,5,0,6
BA,33715,2903607,BIRITINGA,1,5,149,1376,1,8240,75,93,0,1,1,2
BA,33731,2903706,BOA NOVA,0,1,170,1440,2,7150,123,80,1,7,2,5
BA,33758,2903805,BOA VISTA DO TUPIM,0,3,145,3177,3,6856,67,153,0,4,4,2
BA,33774,2903904,BOM JESUS DA LAPA,8,3,688,8683,5,28130,466,378,0,11,3,16
BA,33782,2903953,BOM JESUS DA SERRA,3,1,108,953,1,5574,61,93,1,2,0,4
BA,33790,2904001,BONINAL,0,0,111,2429,1,5416,58,47,3,4,0,5
BA,33804,2904050,BONITO,1,1,231,2028,3,7146,122,106,0,1,0,3
BA,33812,2904100,BOQUIRA,2,1,135,1387,0,10524,101,78,0,1,0,3
BA,33839,2904209,BOTUPORÃ,3,2,116,1506,1,5199,112,75,0,1,0,2
BA,33855,2904308,BREJÕES,0,3,121,2146,1,5782,69,103,0,3,0,4
BA,33871,2904407,BREJOLÂNDIA,0,1,75,2092,1,3829,52,86,0,1,0,2
BA,33898,2904506,BROTAS DE MACAÚBAS,3,3,121,1805,1,5353,121,66,0,4,1,4
BA,33910,2904605,BRUMADO,7,4,992,13281,7,27162,647,419,6,14,2,26
BA,33936,2904704,BUERAREMA,5,4,141,4796,0,4039,118,153,2,8,1,11
BA,33952,2904803,CAATIBA,0,0,103,1522,0,2687,53,67,0,3,0,3
BA,33960,2904852,CABACEIRAS DO PARAGUAÇU,1,1,198,1932,2,8550,72,126,0,5,1,6
BA,33979,2904902,CACHOEIRA,2,5,304,3319,5,15771,187,257,0,10,1,14
BA,33995,2905008,CACULÉ,1,5,327,4447,4,9136,208,140,0,4,0,17
BA,34010,2905107,CAEM,0,0,95,1082,1,4964,35,52,0,3,0,0
BA,34029,2905156,CAETANOS,0,0,118,1068,0,7101,36,49,0,1,0,3
BA,34037,2905206,CAETITÉ,3,4,908,7558,10,23679,475,380,2,11,0,24
BA,34053,2905305,CAFARNAUM,3,2,237,3231,1,7525,84,136,1,3,1,5
BA,34070,2905404,CAIRU,3,0,360,3880,2,6883,116,168,0,11,0,12
BA,34096,2905503,CALDEIRÃO GRANDE,1,1,111,2218,0,5292,70,86,0,1,0,4
BA,34118,2905602,CAMACAN,3,2,241,5250,3,7078,201,167,0,10,2,8
BA,34134,2905701,CAMAÇARI,31,27,5005,48036,32,96949,2927,2618,12,137,14,139
BA,34150,2905800,CAMAMU,3,2,482,6073,1,10402,141,347,0,5,2,8
BA,34177,2905909,CAMPO ALEGRE DE LOURDES,0,2,270,3448,0,14703,138,80,1,1,1,4
BA,34193,2906006,CAMPO FORMOSO,3,10,959,13710,10,29443,466,481,2,16,2,15
BA,34215,2906105,CANÁPOLIS,2,0,78,1559,0,5127,71,91,0,0,1,0
BA,34231,2906204,CANARANA,2,1,350,3640,0,11513,152,108,0,2,0,7
BA,34258,2906303,CANAVIEIRAS,6,3,393,6239,3,10555,210,223,3,15,2,15
BA,34274,2906402,CANDEAL,0,1,59,1385,1,4655,31,68,0,0,0,1
BA,34290,2906501,CANDEIAS,10,7,1301,8127,4,37343,639,559,4,20,1,27
BA,34312,2906600,CANDIBA,1,2,229,2301,1,6160,91,47,1,2,0,5
BA,34339,2906709,CÂNDIDO SALES,0,4,278,4302,2,10888,152,102,2,0,0,12
BA,34355,2906808,CANSANÇÃO,0,5,454,3838,2,18443,118,108,0,3,1,9
BA,34363,2906899,CARAÍBAS,1,1,143,1687,2,4610,62,75,1,0,0,5
BA,34371,2906907,CARAVELAS,2,3,191,3746,3,7550,130,107,2,5,0,7
BA,34398,2907004,CARDEAL DA SILVA,2,1,83,763,0,4771,30,35,0,1,0,2
BA,34410,2907103,CARINHANHA,2,4,286,6390,4,10479,153,154,0,3,3,11
BA,34436,2907202,CASA NOVA,1,11,1027,10605,3,32772,420,179,0,13,0,6
BA,34452,2907301,CASTRO ALVES,4,4,382,3908,2,13426,178,314,1,0,0,6
BA,34479,2907400,CATOLÂNDIA,0,0,85,890,2,2197,34,45,0,0,0,1
BA,34495,2907509,CATU,3,7,734,5781,3,23954,430,268,2,14,1,14
BA,34509,2907558,CATURAMA,0,0,74,942,0,4386,66,67,1,0,1,3
BA,34517,2907608,CENTRAL,1,1,160,2202,3,8102,87,87,0,7,0,4
BA,34533,2907707,CHORROCHÓ,0,0,88,1058,1,5965,34,38,0,2,0,0
BA,34550,2907806,CÍCERO DANTAS,2,2,403,5530,6,13507,259,199,0,2,2,7
BA,34576,2907905,CIPÓ,1,3,202,3584,2,7344,116,101,2,7,0,3
BA,34592,2908002,COARACI,2,3,196,3954,2,7053,126,167,1,3,0,3
BA,34614,2908101,COCOS,1,1,180,4354,2,7462,96,122,2,5,0,4
BA,34630,2908200,CONCEIÇÃO DA FEIRA,2,5,352,2979,3,9602,130,223,2,4,0,3
BA,34657,2908309,CONCEIÇÃO DO ALMEIDA,0,0,151,2256,2,8790,53,143,0,3,0,2
BA,34673,2908408,CONCEIÇÃO DO COITÉ,3,1,854,16231,5,25726,533,329,4,21,2,10
BA,34690,2908507,CONCEIÇÃO DO JACUÍPE,4,5,690,6321,5,13822,353,397,3,18,3,18
BA,34711,2908606,CONDE,1,4,223,3043,2,10501,121,110,0,6,1,5
BA,34738,2908705,CONDEÚBA,2,3,267,3077,2,7133,132,106,1,2,2,13
BA,34754,2908804,CONTENDAS DO SINCORÁ,3,0,65,959,0,2469,22,21,0,0,1,1
BA,34770,2908903,CORAÇÃO DE MARIA,6,7,370,3396,2,13081,179,199,1,4,1,5
BA,34797,2909000,CORDEIROS,2,0,133,1972,1,2886,82,72,0,0,0,6
BA,34819,2909109,CORIBE,1,4,113,2656,0,6041,80,151,0,2,0,3
BA,34835,2909208,CORONEL JOÃO SÁ,0,0,239,3143,4,8067,104,91,0,2,0,0
BA,34851,2909307,CORRENTINA,0,4,345,6535,2,13258,213,684,2,6,0,2
BA,34878,2909406,COTEGIPE,0,0,106,2269,0,6465,74,132,1,5,0,1
BA,34894,2909505,CRAVOLÂNDIA,0,0,43,636,0,2704,39,19,1,1,0,0
BA,34916,2909604,CRISÓPOLIS,1,0,148,2227,1,9900,126,83,2,3,0,10
BA,34932,2909703,CRISTÓPOLIS,0,0,126,2967,1,6168,79,133,1,5,0,7
BA,34959,2909802,CRUZ DAS ALMAS,11,3,806,12166,11,25171,454,535,2,18,3,24
BA,34975,2909901,CURAÇÁ,3,3,519,4866,1,16607,235,107,0,4,0,9
BA,34991,2910008,DÁRIO MEIRA,1,0,96,1413,0,4661,61,40,0,2,0,4
BA,35017,2910107,DOM BASÍLIO,2,2,136,1680,0,6829,79,85,1,3,0,1
BA,35033,2910206,DOM MACEDO COSTA,0,0,74,1306,2,2216,41,96,0,1,1,0
BA,35050,2910305,ELÍSIO MEDRADO,1,4,91,1724,0,3821,54,55,0,2,1,1
BA,35076,2910404,ENCRUZILHADA,2,3,190,2998,2,8129,84,59,0,1,0,4
BA,35092,2910503,ENTRE RIOS,6,2,528,4888,2,16289,235,215,5,17,2,10
BA,35114,2910602,ESPLANADA,0,3,361,4667,3,14763,182,199,0,6,4,7
BA,35130,2910701,EUCLIDES DA CUNHA,6,11,628,6876,4,27308,419,275,2,13,4,17
BA,35149,2910776,FEIRA DA MATA,1,0,58,1488,1,2409,23,54,0,0,1,2
BA,35157,2910800,FEIRA DE SANTANA,76,47,9356,121727,94,194272,5720,7997,39,259,36,408
BA,35173,2910909,FIRMINO ALVES,0,2,83,1311,0,2361,20,42,0,0,0,1
BA,35190,2911006,FLORESTA AZUL,3,0,136,1483,1,4089,67,53,0,2,0,4
BA,35211,2911105,FORMOSA DO RIO PRETO,3,3,271,6090,1,9366,143,221,1,3,0,4
BA,35238,2911204,GANDU,3,1,362,6926,1,9997,202,291,2,8,0,10
BA,35254,2911303,GENTIO DO OURO,1,0,105,1559,0,6148,44,63,1,3,0,2
BA,35270,2911402,GLÓRIA,0,0,96,1201,3,8557,77,59,0,3,0,3
BA,35297,2911501,GONGOGI,1,1,76,779,3,2633,28,38,0,0,0,0
BA,35319,2911600,GOVERNADOR MANGABEIRA,2,2,258,3126,1,10179,113,354,0,3,3,6
BA,35335,2911709,GUANAMBI,5,15,1446,18945,12,30792,751,526,7,24,3,36
BA,35351,2911808,GUARATINGA,1,6,180,3745,1,7102,105,101,0,8,1,24
BA,35378,2911907,IAÇU,4,3,174,3300,1,11219,112,154,1,4,0,6
BA,35394,2912004,IBIASSUCÊ,0,4,148,2103,0,4318,80,75,0,2,0,5
BA,35416,2912103,IBICARAÍ,3,2,307,4725,4,8105,138,157,0,5,4,5
BA,35432,2912202,IBICOARA,0,1,357,4432,0,7385,129,98,3,4,0,4
BA,35459,2912301,IBICUÍ,1,3,209,2714,0,5319,107,76,2,3,3,5
BA,35475,2912400,IBIPEBA,1,2,229,2014,0,8605,113,71,0,1,0,3
BA,35491,2928406,SANTA RITA DE CÁSSIA,3,4,241,4071,2,12359,152,175,0,0,1,6
BA,35513,2912509,IBIPITANGA,0,0,369,2981,1,6281,95,57,0,1,0,4
BA,35530,2912608,IBIQUERA,0,1,41,571,0,2387,13,31,0,0,0,1
BA,35556,2912707,IBIRAPITANGA,2,1,214,2928,2,7118,93,120,0,1,0,4
BA,35572,2912806,IBIRAPUÃ,0,0,73,2772,0,2948,54,35,1,0,0,6
BA,35599,2912905,IBIRATAIA,4,2,238,3886,1,6782,143,162,0,5,0,7
BA,35610,2913002,IBITIARA,1,2,258,2153,1,6428,68,101,1,4,1,3
BA,35637,2913101,IBITITÁ,0,1,239,2801,0,9615,118,98,0,3,0,4
BA,35653,2913200,IBOTIRAMA,1,1,221,5506,2,10583,201,119,2,9,0,2
BA,35670,2913309,ICHU,0,0,122,1021,0,3638,105,30,1,3,0,1
BA,35696,2913408,IGAPORÃ,2,1,167,1681,2,7336,82,103,1,1,1,1
BA,35700,2913457,IGRAPIÚNA,0,1,164,1732,0,4697,57,97,0,3,0,3
BA,35718,2913507,IGUAÍ,0,2,249,4409,0,7300,144,132,1,7,0,8
BA,35734,2913606,ILHÉUS,33,16,2641,35875,36,55886,1729,1872,18,100,13,124
BA,35750,2913705,INHAMBUPE,7,3,338,4765,2,15026,200,233,2,14,4,14
BA,35777,2913804,IPECAETÁ,3,1,145,2350,1,8661,82,161,1,4,1,1
BA,35793,2913903,IPIAÚ,13,5,618,8128,7,14346,337,302,1,12,1,31
BA,35815,2914000,IPIRÁ,3,9,586,8255,6,25020,369,536,2,15,3,9
BA,35831,2914109,IPUPIARA,1,1,189,2265,1,4551,78,63,0,0,0,3
BA,35858,2914208,IRAJUBA,1,1,56,927,1,2944,39,28,0,0,2,4
BA,35874,2914307,IRAMAIA,1,3,104,1393,2,5071,43,30,0,1,0,0
BA,35890,2914406,IRAQUARA,1,1,290,2077,2,12559,133,106,1,4,0,6
BA,35912,2914505,IRARÁ,2,5,472,4007,5,14354,180,296,0,14,0,7
BA,35939,2914604,IRECÊ,4,4,1157,12777,6,25731,618,330,4,19,1,28
BA,35947,2914653,ITABELA,2,4,388,7069,1,7623,252,174,2,4,0,5
BA,35955,2914703,ITABERABA,5,1,871,10089,2,25880,549,612,2,17,2,37
BA,35971,2914802,ITABUNA,42,17,2862,47182,33,55379,1969,2138,19,105,14,116
BA,35998,2914901,ITACARÉ,1,1,210,3841,2,9700,151,125,2,9,1,14
BA,36013,2915007,ITAETÉ,0,2,80,2433,1,5470,47,53,0,0,1,5
BA,36030,2915106,ITAGI,3,2,128,2238,1,5103,52,89,0,4,0,4
BA,36056,2915205,ITAGIBÁ,3,1,266,3250,0,5834,110,108,0,5,0,1
BA,36072,2915304,ITAGIMIRIM,0,3,162,1530,0,2829,60,38,0,4,0,3
BA,36080,2915353,ITAGUAÇU DA BAHIA,0,0,68,1098,0,7403,55,31,0,1,0,3
BA,36099,2915403,ITAJU DO COLÔNIA,0,1,41,1560,0,2862,38,35,1,1,0,1
BA,36110,2915502,ITAJUÍPE,1,2,266,3662,2,7925,175,128,2,8,2,8
BA,36137,2915601,ITAMARAJU,9,7,487,17365,3,15069,332,294,2,9,1,27
BA,36153,2915700,ITAMARI,0,1,105,1437,0,2809,35,40,0,0,0,1
BA,36170,2915809,ITAMBÉ,0,3,259,3903,0,9029,172,143,1,2,0,1
BA,36196,2915908,ITANAGRA,0,1,60,930,2,3565,50,54,0,2,0,4
BA,36218,2916005,ITANHÉM,3,2,244,3918,0,5976,111,94,1,5,0,14
BA,36234,2916104,ITAPARICA,0,1,223,2680,2,11792,108,202,0,11,2,3
BA,36250,2916203,ITAPÉ,1,2,113,2296,0,3650,74,57,0,3,0,3
BA,36277,2916302,ITAPEBI,0,2,83,1380,1,4091,58,31,0,1,0,1
BA,36293,2916401,ITAPETINGA,14,8,775,15640,5,19382,503,386,2,21,1,39
BA,36315,2916500,ITAPICURU,2,6,328,3348,3,14089,133,218,0,15,1,8
BA,36331,2916609,ITAPITANGA,2,1,63,1216,1,3139,50,48,0,2,1,2
BA,36358,2916708,ITAQUARA,0,2,75,1379,2,3304,31,46,0,2,1,0
BA,36374,2916807,ITARANTIM,1,1,178,4151,0,5837,80,88,0,8,0,5
BA,36382,2916856,ITATIM,1,2,224,3041,0,6602,117,110,0,1,1,5
BA,36390,2916906,ITIRUÇU,1,1,93,1741,0,4697,61,40,0,0,0,1
BA,36412,2917003,ITIÚBA,0,3,388,5709,3,15207,181,154,0,6,0,1
BA,36439,2917102,ITORORÓ,4,1,289,4167,0,7257,167,102,0,3,1,5
BA,36455,2917201,ITUAÇU,2,2,317,4012,3,7396,119,99,3,2,0,8
BA,36471,2917300,ITUBERÁ,6,4,280,4802,5,7615,164,171,1,6,1,7
BA,36498,2917409,JACARACI,2,0,188,1875,0,6713,121,77,1,2,0,3
BA,36510,2917508,JACOBINA,14,7,1189,12630,6,31691,560,707,3,23,4,25
BA,36536,2917607,JAGUAQUARA,6,3,560,8548,3,16206,282,263,2,12,3,16
BA,36552,2917706,JAGUARARI,1,3,348,4249,6,13404,276,166,6,7,1,10
BA,36579,2917805,JAGUARIPE,6,1,201,2345,1,8755,73,179,2,1,2,3
BA,36595,2917904,JANDAÍRA,0,0,124,1165,1,5476,47,28,0,2,1,3
BA,36617,2918001,JEQUIÉ,14,10,2497,31824,28,53993,1654,1554,4,50,6,91
BA,36633,2918100,JEREMOABO,4,3,244,4724,3,17774,174,156,1,9,1,6
BA,36650,2918209,JIQUIRIÇÁ,4,3,300,2163,0,6026,85,126,1,3,1,5
BA,36676,2918308,JITAÚNA,2,1,174,2359,3,6894,81,89,0,3,1,7
BA,36692,2918407,JUAZEIRO,25,14,2991,42135,30,83457,2109,960,4,46,10,67
BA,36706,2918456,JUCURUÇU,1,1,126,1999,1,3830,39,54,1,1,0,5
BA,36714,2918506,JUSSARA,2,0,129,1475,0,9304,90,64,0,3,0,2
BA,36730,2918605,JUSSIAPE,1,0,80,1358,1,3588,46,49,0,0,0,4
BA,36757,2918704,LAFAIETE COUTINHO,0,3,56,849,0,2406,32,51,0,1,1,0
BA,36765,2918753,LAGOA REAL,1,0,159,1653,0,6533,95,72,0,1,1,4
BA,36773,2918803,LAJE,2,5,294,4467,4,10552,113,137,0,4,0,2
BA,36790,2918902,LAJEDÃO,0,1,52,1291,0,1682,20,25,0,0,0,3
BA,36811,2919009,LAJEDINHO,0,0,40,548,0,2091,17,19,0,0,0,1
BA,36820,2919058,LAJEDO DO TABOCAL,1,1,130,927,0,3532,48,56,0,1,0,1
BA,36838,2919108,LAMARÃO,0,1,73,741,0,5344,37,44,0,0,0,0
BA,36854,2919207,LAURO DE FREITAS,33,10,3788,39471,44,70481,2641,2613,7,88,10,159
BA,36870,2919306,LENÇÓIS,1,2,98,1037,0,4676,52,41,0,1,0,3
BA,36897,2919405,LICÍNIO DE ALMEIDA,2,0,143,2257,0,5512,112,43,0,2,0,14
BA,36919,2919504,LIVRAMENTO DE NOSSA SENHORA,4,7,589,7513,4,19442,339,155,2,4,2,16
BA,36935,2919603,MACAJUBA,0,0,74,1598,3,5188,40,92,1,2,3,3
BA,36951,2919702,MACARANI,0,1,182,3536,0,5105,89,83,0,1,2,2
BA,36978,2919801,MACAÚBAS,2,3,546,6619,2,17101,284,220,1,5,3,9
BA,36994,2919900,MACURURÉ,0,1,81,738,0,4260,36,42,0,1,1,1
BA,37010,2920007,MAIQUINIQUE,0,1,96,2275,1,2889,44,46,0,5,1,2
BA,37036,2920106,MAIRI,3,1,176,2232,4,7520,63,109,2,4,0,4
BA,37052,2920205,MALHADA,0,2,136,3149,2,6864,82,62,0,0,0,2
BA,37079,2920304,MALHADA DE PEDRAS,3,0,91,1791,0,4197,45,58,0,1,1,2
BA,37095,2920403,MANOEL VITORINO,1,2,255,1951,0,7696,168,78,0,3,0,6
BA,37117,2920502,MARACÁS,2,4,439,4379,5,10774,191,165,2,3,2,9
BA,37133,2920601,MARAGOGIPE,0,1,340,5197,2,21252,213,418,1,18,1,10
BA,37150,2920700,MARAÚ,0,2,260,2857,3,8455,110,137,1,6,0,11
BA,37176,2920809,MARCIONÍLIO SOUZA,0,0,99,1235,0,4348,22,34,0,1,0,3
BA,37192,2920908,MASCOTE,0,1,127,1879,0,4564,65,47,0,1,0,2
BA,37214,2921005,MATA DE SÃO JOÃO,6,1,829,7239,8,22616,415,477,5,14,2,19
BA,37222,2921054,MATINA,1,1,99,1157,1,5861,60,56,1,1,0,2
BA,37230,2921104,MEDEIROS NETO,1,5,258,5924,2,7356,172,109,0,6,1,12
BA,37257,2921203,MIGUEL CALMON,2,3,285,4617,4,9764,130,239,0,4,1,2
BA,37273,2921302,MILAGRES,0,0,98,1816,0,4673,61,68,0,1,0,1
BA,37290,2921401,MIRANGABA,1,2,126,2088,2,7379,100,102,0,2,0,3
BA,37303,2921450,MIRANTE,0,4,143,1314,1,4716,51,65,2,2,0,1
BA,37311,2921500,MONTE SANTO,4,3,424,4308,6,27711,218,144,0,6,2,12
BA,37338,2921609,MORPARÁ,0,3,63,1658,1,3912,30,21,0,1,0,0
BA,37354,2921708,MORRO DO CHAPÉU,2,3,427,4918,2,13770,201,300,2,2,0,6
BA,37370,2921807,MORTUGABA,2,2,142,2716,1,4000,67,84,0,4,2,6
BA,37397,2921906,MUCUGÊ,0,2,153,2316,2,5229,76,65,0,6,2,6
BA,37419,2922003,MUCURI,7,4,460,8840,2,10146,337,194,0,9,4,32
BA,37427,2922052,MULUNGU DO MORRO,3,0,379,1357,0,7005,93,57,0,1,0,4
BA,37435,2922102,MUNDO NOVO,1,3,120,2560,1,8071,80,160,1,1,0,6
BA,37451,2922201,MUNIZ FERREIRA,1,2,148,1583,1,4748,52,94,0,1,1,2
BA,37460,2922250,MUQUÉM DO SÃO FRANCISCO,0,0,87,2171,3,5249,61,58,3,0,0,1
BA,37478,2922300,MURITIBA,1,6,284,3162,8,13033,147,225,1,6,1,5
BA,37494,2922409,MUTUÍPE,1,1,371,4127,3,8337,111,204,2,5,0,3
BA,37516,2922508,NAZARÉ,2,1,358,3821,3,12434,187,259,0,3,0,4
BA,37532,2922607,NILO PEÇANHA,4,1,150,1868,1,5338,50,79,0,0,1,1
BA,37559,2922706,NOVA CANAÃ,5,1,157,2070,1,6661,93,69,0,2,0,3
BA,37567,2922730,NOVA FÁTIMA,3,0,208,1655,0,4311,41,68,0,2,1,2
BA,37575,2922805,NOVA ITARANA,0,0,64,1434,0,3641,39,52,0,1,0,2
BA,37583,2922854,NOVA REDENÇÃO,1,1,54,698,0,4105,29,30,0,1,0,1
BA,37591,2922904,NOVA SOURE,0,7,214,2292,2,13021,140,134,1,1,0,4
BA,37613,2923001,NOVA VIÇOSA,4,2,379,10817,5,11287,253,181,2,8,1,23
BA,37621,2923050,NOVO TRIUNFO,1,2,80,1354,0,4575,75,44,0,0,0,2
BA,37630,2923100,OLINDINA,0,1,216,2497,2,11811,152,154,0,3,0,4
BA,37656,2923209,OLIVEIRA DOS BREJINHOS,1,2,161,2937,4,9993,109,126,0,3,0,2
BA,37672,2923308,OURIÇANGAS,2,2,112,855,0,4265,40,96,0,5,0,6
BA,37680,2923357,OUROLÂNDIA,1,1,182,4267,0,6103,113,114,0,1,0,3
BA,37699,2923407,PALMAS DE MONTE ALTO,1,2,197,2628,0,10470,86,100,0,2,0,9
BA,37710,2923506,PALMEIRAS,1,1,119,974,3,4978,33,39,3,1,0,6
BA,37737,2923605,PARAMIRIM,1,2,309,2920,1,9668,106,89,0,1,1,7
BA,37753,2923704,PARATINGA,4,1,205,3700,2,14251,109,150,0,6,2,6
BA,37770,2923803,PARIPIRANGA,2,0,300,3927,3,13615,227,185,0,3,1,9
BA,37796,2923902,PAU BRASIL,0,0,64,2045,0,3689,34,42,0,0,0,2
BA,37818,2924009,PAULO AFONSO,16,7,1106,13063,14,47173,1140,317,5,27,6,41
BA,37834,2924108,PEDRÃO,1,0,150,668,1,4116,51,54,0,1,0,0
BA,37850,2924207,PEDRO ALEXANDRE,0,0,163,1331,2,6416,63,79,0,1,1,1
BA,37877,2924306,PIATÃ,1,2,395,3438,1,8124,272,195,0,7,1,11
BA,37893,2924405,PILÃO ARCADO,4,3,322,4132,6,17562,166,179,0,5,0,7
BA,37915,2924504,PINDAÍ,3,1,215,2302,1,7588,90,95,1,5,1,1
BA,37931,2924603,PINDOBAÇU,1,2,169,3819,2,8620,108,104,0,0,0,5
BA,37940,2924678,PIRAÍ DO NORTE,2,0,126,1590,0,3656,64,79,0,0,0,0
BA,37958,2924702,PIRIPÁ,2,2,154,1595,0,4388,99,60,0,1,0,3
BA,37974,2924801,PIRITIBA,2,3,202,2946,1,7330,95,169,1,3,0,3
BA,37990,2924900,PLANALTINO,1,1,83,1247,1,3715,41,55,0,2,1,1
BA,38016,2925006,PLANALTO,3,3,266,4489,3,10387,207,161,0,6,1,21
BA,38032,2925105,POÇÕES,4,6,570,7393,4,19478,375,330,0,12,2,21
BA,38059,2925204,POJUCA,5,6,364,4413,1,16067,320,266,2,11,2,20
BA,38067,2925253,PONTO NOVO,4,0,240,3032,2,8429,105,110,2,4,0,4
BA,38075,2925303,PORTO SEGURO,20,5,2641,37301,32,42129,1515,848,7,82,2,96
BA,38091,2925402,POTIRAGUÁ,3,0,69,2126,0,3421,40,47,0,1,1,4
BA,38113,2925501,PRADO,5,2,243,8545,7,9774,165,138,1,10,0,10
BA,38130,2925600,PRESIDENTE DUTRA,1,0,111,1417,2,8285,79,37,1,1,0,0
BA,38156,2925709,PRESIDENTE JÂNIO QUADROS,0,0,172,1460,0,5660,75,83,1,0,0,3
BA,38164,2925758,PRESIDENTE TANCREDO NEVES,2,0,485,5876,4,9981,127,244,0,3,0,6
BA,38172,2925808,QUEIMADAS,2,3,310,4310,5,10967,160,178,1,3,3,4
BA,38199,2925907,QUIJINGUE,2,5,235,2647,2,13742,114,86,0,2,1,5
BA,38210,2926004,REMANSO,3,2,309,5159,2,18991,220,172,2,4,0,16
BA,38237,2926103,RETIROLÂNDIA,1,5,281,2441,1,7245,135,123,0,10,0,6
BA,38253,2926202,RIACHÃO DAS NEVES,1,3,219,3857,0,10280,111,98,0,5,0,1
BA,38270,2926301,RIACHÃO DO JACUÍPE,5,3,632,4506,4,16737,262,348,2,9,1,11
BA,38296,2926400,RIACHO DE SANTANA,3,2,311,3037,1,14242,221,97,0,2,0,10
BA,38318,2926509,RIBEIRA DO AMPARO,2,0,110,1739,0,7489,67,70,1,5,2,7
BA,38334,2926608,RIBEIRA DO POMBAL,4,1,774,8900,1,23991,441,309,3,9,1,17
BA,38342,2926657,RIBEIRÃO DO LARGO,0,0,81,1678,0,4425,58,79,0,1,0,4
BA,38350,2926707,RIO DE CONTAS,3,1,164,2493,1,6790,110,71,2,2,1,10
BA,38377,2926806,RIO DO ANTÔNIO,0,2,149,1706,1,6628,65,53,0,2,0,5
BA,38393,2926905,RIO DO PIRES,3,0,167,1711,1,5350,72,48,1,1,0,0
BA,38415,2927002,RIO REAL,2,2,580,6058,5,15327,268,292,0,7,2,5
BA,38431,2927101,RODELAS,0,0,81,1132,0,4694,66,24,0,0,0,1
BA,38458,2927200,RUY BARBOSA,6,4,303,4857,2,11694,155,323,5,7,1,12
BA,38474,2927309,SALINAS DA MARGARIDA,3,1,207,1991,0,9248,92,135,0,4,0,10
BA,38490,2927408,SALVADOR,462,226,40676,391188,505,944358,29219,36320,239,1589,180,2052
BA,38512,2927507,SANTA BÁRBARA,2,3,320,3307,0,11603,125,190,0,1,0,8
BA,38539,2927606,SANTA BRÍGIDA,0,1,150,1369,0,7189,98,43,0,1,1,5
BA,38555,2927705,SANTA CRUZ CABRÁLIA,4,3,444,6755,5,9896,240,197,2,16,0,9
BA,38571,2927804,SANTA CRUZ DA VITÓRIA,0,0,132,1253,0,1924,29,29,0,1,0,4
BA,38598,2927903,SANTA INÊS,0,0,91,1146,0,4647,51,34,1,0,0,3
BA,38610,2928000,SANTALUZ,2,3,695,6733,3,16973,291,269,1,3,1,9
BA,38636,2928109,SANTA MARIA DA VITÓRIA,3,0,347,6763,3,15887,266,433,1,4,0,12
BA,38652,2928208,SANTANA,0,3,191,5076,2,10420,153,235,1,5,0,8
BA,38679,2928307,SANTANÓPOLIS,0,0,147,1512,1,5327,55,111,0,1,0,1
BA,38695,2928505,SANTA TEREZINHA,0,1,104,1566,1,5463,47,94,1,3,0,3
BA,38717,2928604,SANTO AMARO,15,3,620,5155,9,28779,328,559,2,21,4,19
BA,38733,2928703,SANTO ANTÔNIO DE JESUS,18,12,1880,19640,10,36601,970,807,3,32,1,43
BA,38750,2928802,SANTO ESTEVÃO,6,7,593,5841,5,23211,323,368,1,11,2,16
BA,38776,2928901,SÃO DESIDÉRIO,4,0,385,7931,3,13345,271,264,2,2,1,9
BA,38792,2929008,SÃO FÉLIX,2,2,124,1331,1,6190,62,134,4,5,0,4
BA,38806,2928950,SÃO DOMINGOS,0,1,145,1781,2,4375,69,106,2,2,0,3
BA,38814,2929107,SÃO FELIPE,0,2,198,3812,1,9543,166,210,1,3,0,3
BA,38822,2929057,SÃO FÉLIX DO CORIBE,1,0,186,3798,2,5660,119,173,2,4,1,4
BA,38830,2929206,SÃO FRANCISCO DO CONDE,7,4,504,3397,6,20076,207,261,2,12,1,15
BA,38857,2929305,SÃO GONÇALO DOS CAMPOS,2,4,573,4622,0,17586,242,443,1,8,1,5
BA,38865,2929370,SÃO JOSÉ DO JACUÍPE,1,2,135,1782,1,4572,56,63,0,2,0,1
BA,38873,2929404,SÃO MIGUEL DAS MATAS,1,0,134,1637,0,5368,91,91,0,1,1,9
BA,38890,2929503,SÃO SEBASTIÃO DO PASSÉ,2,0,431,3443,4,21232,303,325,0,11,2,14
BA,38911,2929602,SAPEAÇU,0,1,244,2995,1,8881,115,145,0,2,1,6
BA,38938,2929701,SÁTIRO DIAS,0,1,188,2452,4,7770,130,145,3,5,0,0
BA,38946,2929750,SAUBARA,3,2,163,2147,0,7146,74,184,0,3,0,6
BA,38954,2929800,SAÚDE,0,1,109,1588,3,4671,59,76,0,1,0,4
BA,38970,2929909,SEABRA,4,6,668,5468,4,21986,367,219,4,10,0,13
BA,38997,2930006,SEBASTIÃO LARANJEIRAS,2,1,134,1569,2,4001,27,28,0,3,0,3
BA,39012,2930105,SENHOR DO BONFIM,4,9,779,13819,11,25666,538,432,4,23,2,26
BA,39039,2930204,SENTO SÉ,5,2,403,7419,3,15344,210,198,1,10,2,9
BA,39047,2930154,SERRA DO RAMALHO,1,4,313,5014,3,14982,173,189,0,6,2,8
BA,39055,2930303,SERRA DOURADA,0,0,119,4114,1,6849,84,133,0,1,1,4
BA,39071,2930402,SERRA PRETA,1,1,214,2311,2,10106,84,153,0,3,0,3
BA,39098,2930501,SERRINHA,8,10,1113,11134,6,35445,706,590,3,19,5,25
BA,39110,2930600,SERROLÂNDIA,0,0,209,2507,0,5505,77,91,3,3,0,5
BA,39136,2930709,SIMÕES FILHO,11,6,2279,17661,12,44707,1229,1082,8,31,6,40
BA,39144,2930758,SÍTIO DO MATO,1,0,127,2402,1,6262,50,89,0,1,0,1
BA,39152,2930808,SOUTO SOARES,5,1,231,1545,1,9291,110,91,1,2,0,4
BA,39179,2930907,TABOCAS DO BREJO VELHO,0,0,196,2130,1,5809,59,111,0,1,1,2
BA,39195,2931004,TANHAÇU,1,1,316,3462,2,10305,157,145,0,6,2,11
BA,39217,2931103,TANQUINHO,1,1,105,1427,0,4546,32,96,0,1,2,1
BA,39233,2931202,TAPEROÁ,2,2,224,2811,3,7311,93,192,0,1,0,6
BA,39250,2931301,TAPIRAMUTÁ,0,1,120,2051,0,5554,52,130,1,2,0,4
BA,39276,2931400,TEODORO SAMPAIO,0,0,100,630,2,4544,36,51,1,2,0,2
BA,39292,2931509,TEOFILÂNDIA,0,3,221,1918,4,11318,96,91,1,3,0,8
BA,39314,2931608,TEOLÂNDIA,0,1,139,2241,0,5969,68,121,1,2,1,2
BA,39330,2931707,TERRA NOVA,2,2,148,1335,1,6144,73,139,0,2,0,4
BA,39357,2931806,TREMEDAL,0,2,256,3188,2,7294,100,118,0,4,0,7
BA,39373,2931905,TUCANO,4,5,597,6849,15,23765,369,178,1,4,3,12
BA,39390,2932002,UAUÁ,4,2,306,2594,3,14202,243,89,1,2,1,6
BA,39411,2932101,UBAÍRA,1,4,308,3655,2,7651,87,136,0,7,2,2
BA,39438,2932200,UBAITABA,3,2,230,3709,2,6014,95,143,1,6,3,6
BA,39454,2932309,UBATÃ,0,3,227,3051,2,5152,119,152,0,4,0,2
BA,39470,2932408,UIBAÍ,0,2,158,1954,6,7232,116,73,0,1,0,3
BA,39489,2932457,UMBURANAS,0,0,106,2472,3,6133,71,88,0,1,0,5
BA,39497,2932507,UNA,1,5,252,4753,1,6538,206,157,1,10,1,11
BA,39519,2932606,URANDI,1,3,182,2357,2,8062,95,62,0,3,0,6
BA,39535,2932705,URUÇUCA,2,1,219,4599,1,8109,139,129,1,5,0,5
BA,39551,2932804,UTINGA,2,0,165,2420,1,6959,76,119,0,3,0,1
BA,39578,2932903,VALENÇA,4,12,1323,15367,15,30832,621,895,3,21,5,26
BA,39594,2933000,VALENTE,1,2,515,5598,4,9915,211,212,2,12,2,15
BA,39616,2933109,VÁRZEA DO POÇO,5,2,126,1426,1,3937,47,53,0,5,0,3
BA,39624,2933174,VARZEDO,0,1,170,2167,1,4957,61,134,0,0,0,5
BA,39632,2933208,VERA CRUZ,2,2,558,5950,10,20718,248,375,1,15,1,6
BA,39640,2933257,VEREDA,0,2,94,1637,1,3074,63,30,1,1,1,6
BA,39659,2933307,VITÓRIA DA CONQUISTA,69,34,5688,82936,66,108011,3943,3133,29,187,23,265
BA,39675,2933406,WAGNER,0,0,74,1268,1,3730,40,41,2,2,1,1
BA,39691,2933505,WENCESLAU GUIMARÃES,2,2,227,3965,0,7981,97,135,1,4,1,3
BA,39713,2933604,XIQUE-XIQUE,0,7,386,6878,1,18111,288,347,3,6,2,11
BA,39730,2919157,LAPÃO,3,2,354,4265,0,13144,147,142,1,2,1,5
BA,39748,2919926,MADRE DE DEUS,1,4,307,2471,0,10107,181,164,1,11,1,3
BA,39756,2919959,MAETINGA,1,0,108,1145,0,3366,43,45,0,3,0,0
BA,39772,2920452,MANSIDÃO,0,1,50,1163,0,5720,35,79,0,3,0,1
BA,39799,2922656,NORDESTINA,0,5,141,1597,0,6269,59,61,0,3,0,4
BA,39810,2924058,PÉ DE SERRA,0,0,210,3418,1,5666,108,103,0,3,0,4
BA,39837,2924652,PINTADAS,0,3,109,2227,0,3780,47,48,1,2,1,2
BA,39845,2925931,QUIXABEIRA,1,0,153,2858,1,3523,61,49,0,4,1,1
BA,39853,2925956,RAFAEL JAMBEIRO,0,1,248,3653,7,9556,75,153,3,1,0,4
BA,39870,2928059,SANTA LUZIA,2,0,119,2247,0,4143,55,76,2,1,0,1
BA,39896,2929255,SÃO GABRIEL,2,3,222,2122,0,10916,106,93,0,2,0,2
BA,39900,2930766,SÍTIO DO QUINTO,0,3,152,1852,1,5726,73,62,1,3,0,0
BA,39918,2931053,TANQUE NOVO,0,2,319,2212,2,8808,126,73,0,2,0,7
BA,39926,2929354,SÃO JOSÉ DA VITÓRIA,0,1,72,1258,0,2313,39,44,0,4,0,1
BA,39934,2931350,TEIXEIRA DE FREITAS,13,9,1779,38670,10,35445,1325,710,2,27,6,102
BA,39942,2923035,NOVO HORIZONTE,2,2,230,1899,0,5116,65,52,0,1,1,4
BA,39950,2933158,VÁRZEA NOVA,2,1,191,2228,2,5666,80,142,0,4,0,0
BA,39969,2922755,NOVA IBIÁ,0,2,68,1441,0,2634,30,64,0,0,0,3
BA,39977,2933059,VÁRZEA DA ROÇA,1,1,165,1967,2,5793,65,91,0,4,1,2
BA,39985,2930774,SOBRADINHO,0,4,414,3814,0,10803,249,74,0,5,1,7
BA,39993,2933455,WANDERLEY,0,1,110,2911,0,5088,42,81,3,3,1,0
CE,13005,2307254,JIJOCA DE JERICOACOARA,0,2,537,6378,0,9363,346,86,1,6,0,3
CE,13013,2300101,ABAIARA,0,1,124,1036,3,4634,57,22,0,2,0,1
CE,13021,2307635,MADALENA,1,1,323,2482,3,8623,158,58,0,5,0,7
CE,13030,2300200,ACARAÚ,6,5,777,12267,7,23817,553,148,0,6,2,21
CE,13048,2310951,PIRES FERREIRA,0,1,221,1705,0,5117,74,54,0,5,0,3
CE,13056,2300309,ACOPIARA,0,4,450,6153,6,23458,370,158,3,17,4,4
CE,13064,2304657,GRAÇA,1,2,205,1913,2,7532,195,78,2,2,0,7
CE,13072,2300408,AIUABA,1,1,136,1196,1,7142,97,60,0,3,0,2
CE,13080,2313559,TURURU,1,1,256,3534,2,8801,141,73,1,2,0,3
CE,13099,2300507,ALCÂNTARAS,0,1,184,1437,1,5939,90,67,0,0,1,2
CE,13102,2311264,QUITERIANÓPOLIS,3,4,325,2581,1,9882,101,126,2,3,2,4
CE,13110,2300606,ALTANEIRA,0,2,88,669,2,4500,128,21,0,0,1,2
CE,13129,2301950,BARREIRA,2,3,209,6410,1,9176,171,112,0,2,0,6
CE,13137,2300705,ALTO SANTO,0,2,193,2157,1,7184,179,49,0,2,0,4
CE,13145,2300150,ACARAPE,0,0,254,3847,0,6079,130,46,1,1,1,5
CE,13153,2300804,ANTONINA DO NORTE,0,0,77,791,1,4169,138,19,0,2,0,1
CE,13161,2303956,CHOROZINHO,1,1,278,4194,1,10147,207,57,0,5,1,6
CE,13170,2300903,APUIARÉS,4,0,241,2442,2,7375,196,70,0,4,0,7
CE,13188,2305233,HORIZONTE,22,9,1785,17836,18,29252,1146,359,2,27,2,20
CE,13196,2301000,AQUIRAZ,7,7,1690,20298,15,33019,1006,447,4,25,6,41
CE,13200,2304277,ERERÉ,1,0,85,746,0,3476,48,33,0,0,0,0
CE,13218,2301109,ARACATI,15,9,1513,14510,14,29308,713,225,3,11,1,19
CE,13226,2304285,EUSÉBIO,13,11,1726,21798,10,22791,1155,505,7,27,6,50
CE,13234,2301208,ARACOIABA,1,0,374,5701,1,14493,304,94,4,6,0,7
CE,13242,2304954,GUAIÚBA,1,3,317,4665,6,12008,187,100,2,2,1,5
CE,13250,2301307,ARARIPE,2,1,178,1870,2,11246,159,53,0,4,0,5
CE,13269,2311231,POTIRETAMA,0,0,89,1173,0,3617,55,24,0,0,0,1
CE,13277,2301406,ARATUBA,1,0,201,2571,1,6776,118,68,1,4,0,2
CE,13285,2310852,PINDORETAMA,0,2,366,4701,3,11798,267,100,0,5,0,6
CE,13293,2301505,ARNEIROZ,0,0,123,1157,1,3885,61,30,0,3,0,4
CE,13307,2309458,OCARA,1,1,515,5798,4,14664,301,116,0,9,1,7
CE,13315,2301604,ASSARÉ,2,3,347,2518,3,11066,234,77,1,7,0,3
CE,13323,2313351,TEJUÇUOCA,0,1,302,3289,1,9096,169,83,0,3,0,5
CE,13331,2301703,AURORA,1,3,327,3343,1,11216,223,101,0,6,1,5
CE,13340,2305654,IPAPORANGA,0,1,98,1872,0,5753,104,41,0,3,0,2
CE,13358,2301802,BAIXIO,1,0,52,682,1,3608,48,24,1,1,0,0
CE,13366,2313252,TARRAFAS,0,0,93,835,1,4471,76,31,0,1,0,1
CE,13374,2301901,BARBALHA,8,6,1011,11693,9,28658,745,242,0,23,1,26
CE,13382,2301851,BANABUIÚ,0,0,177,2774,1,9529,155,84,0,3,0,4
CE,13390,2302008,BARRO,1,1,197,1938,4,10047,177,82,1,6,0,3
CE,13404,2302057,BARROQUINHA,0,0,281,3225,2,7660,153,59,1,1,0,3
CE,13412,2302107,BATURITÉ,2,2,413,5988,1,15878,378,123,0,6,0,9
CE,13420,2301257,ARARENDÁ,0,0,115,1943,3,5559,76,44,0,5,0,10
CE,13439,2302206,BEBERIBE,4,1,1026,11429,2,24758,573,321,3,18,5,22
CE,13447,2303659,CATUNDA,1,1,76,1372,1,5840,76,39,0,0,0,1
CE,13455,2302305,BELA CRUZ,2,1,399,5325,4,10504,321,57,0,5,1,8
CE,13463,2303931,CHORÓ,1,1,129,1858,0,6995,100,48,0,1,0,4
CE,13471,2302404,BOA VIAGEM,0,4,1194,6541,6,24219,452,305,2,9,3,16
CE,13480,2306256,ITAITINGA,5,9,1097,11752,2,17681,614,238,3,16,8,17
CE,13498,2302503,BREJO SANTO,8,2,485,6049,7,22036,466,116,0,13,1,13
CE,13501,2304459,FORTIM,5,2,434,4725,1,8552,243,59,2,3,1,5
CE,13510,2302602,CAMOCIM,4,7,1231,12134,7,24861,784,187,2,13,2,13
CE,13536,2302701,CAMPOS SALES,1,0,282,2654,8,12519,231,68,0,2,1,3
CE,13552,2302800,CANINDÉ,9,2,926,11278,9,34478,759,227,3,19,4,12
CE,13579,2302909,CAPISTRANO,1,0,239,3111,2,9626,141,69,0,8,1,5
CE,13595,2303006,CARIDADE,3,1,337,3364,1,9972,220,85,0,1,0,0
CE,13617,2303105,CARIRÉ,2,3,200,3225,4,8007,168,60,0,5,0,6
CE,13633,2303204,CARIRIAÇU,4,3,472,4254,4,14590,284,91,3,10,4,9
CE,13650,2303303,CARIÚS,1,1,237,2359,0,9699,145,44,0,8,0,7
CE,13676,2303402,CARNAUBAL,1,2,262,3375,2,6757,182,90,0,4,1,2
CE,13692,2303501,CASCAVEL,3,5,1376,16340,20,29406,828,346,1,16,5,42
CE,13714,2303600,CATARINA,0,1,157,1492,1,5288,71,48,0,1,0,2
CE,13730,2303709,CAUCAIA,56,30,6310,76282,49,114126,4783,1811,25,190,26,169
CE,13757,2303808,CEDRO,1,4,229,3046,4,11931,281,79,2,3,0,8
CE,13773,2303907,CHAVAL,0,1,164,1561,1,6298,102,41,0,0,0,3
CE,13811,2304004,COREAÚ,1,0,271,4123,1,10639,217,82,1,2,0,2
CE,13838,2304103,CRATEÚS,8,10,565,12345,8,33967,570,201,4,14,4,15
CE,13854,2304202,CRATO,18,3,1457,14782,19,61083,1451,421,13,52,3,45
CE,13870,2304301,FARIAS BRITO,5,1,207,2198,2,11341,207,77,0,7,2,7
CE,13897,2304400,FORTALEZA,427,257,44901,586251,686,797002,37754,18680,247,1655,185,2329
CE,13919,2304509,FRECHEIRINHA,5,2,228,3748,3,6692,192,48,0,3,0,3
CE,13935,2304608,GENERAL SAMPAIO,1,0,112,1488,1,4759,75,52,1,2,0,3
CE,13951,2304707,GRANJA,1,4,519,5594,5,26283,501,130,1,6,2,5
CE,13978,2304806,GRANJEIRO,1,2,90,798,0,4014,52,24,0,2,0,0
CE,13994,2304905,GROAÍRAS,1,0,195,2725,5,4258,120,94,0,4,3,3
CE,14010,2305001,GUARACIABA DO NORTE,4,4,659,7903,7,16748,390,203,4,5,1,21
CE,14036,2305100,GUARAMIRANGA,0,0,92,1378,2,3543,100,36,0,3,0,4
CE,14052,2305209,HIDROLÂNDIA,1,0,282,3339,1,9004,158,59,2,1,1,4
CE,14060,2305266,IBARETAMA,2,2,150,2252,1,8395,140,62,0,2,1,2
CE,14079,2305308,IBIAPINA,2,2,489,5084,3,9010,278,163,0,3,1,9
CE,14095,2305407,ICÓ,2,8,748,8660,7,28786,598,230,1,10,5,9
CE,14117,2305506,IGUATU,8,4,1067,11296,15,44295,1096,255,2,22,1,24
CE,14133,2305605,INDEPENDÊNCIA,1,4,197,4523,3,11873,130,167,1,1,0,3
CE,14150,2305704,IPAUMIRIM,0,0,158,1334,0,5919,90,46,0,1,1,3
CE,14176,2305803,IPU,6,5,626,6549,3,18920,326,161,1,6,2,12
CE,14192,2305902,IPUEIRAS,0,5,396,6104,3,15705,355,164,5,11,4,2
CE,14214,2306009,IRACEMA,0,0,143,2084,3,6861,109,50,0,4,1,4
CE,14230,2306108,IRAUÇUBA,1,1,253,3431,2,11742,250,56,0,4,0,6
CE,14257,2306207,ITAIÇABA,1,1,171,1889,3,3735,90,33,0,1,1,10
CE,14273,2306306,ITAPAJÉ,6,2,552,11791,2,19007,433,220,5,6,0,17
CE,14290,2306405,ITAPIPOCA,11,14,1428,21251,8,60812,1476,499,4,37,8,33
CE,14311,2306504,ITAPIÚNA,2,2,244,3651,1,8761,130,75,0,1,0,4
CE,14338,2306603,ITATIRA,2,1,272,3158,1,10661,181,93,2,3,1,1
CE,14354,2306702,JAGUARETAMA,0,2,285,2635,2,9178,179,67,0,5,0,7
CE,14370,2306801,JAGUARIBARA,3,0,125,1602,0,5608,90,39,0,4,0,4
CE,14397,2306900,JAGUARIBE,3,1,466,4905,3,16798,407,181,1,12,1,13
CE,14419,2307007,JAGUARUANA,4,5,557,7319,4,14451,258,108,1,7,0,6
CE,14435,2307106,JARDIM,1,3,383,3321,3,12667,181,103,0,6,3,3
CE,14451,2307205,JATI,1,0,87,912,0,4270,42,28,0,3,0,2
CE,14478,2307304,JUAZEIRO DO NORTE,44,20,4961,42438,36,108543,4362,1093,18,143,18,145
CE,14494,2307403,JUCÁS,2,1,319,3580,6,10723,243,138,0,5,1,2
CE,14516,2307502,LAVRAS DA MANGABEIRA,0,4,261,3553,1,14299,268,77,2,10,1,9
CE,14532,2307601,LIMOEIRO DO NORTE,9,7,982,9496,17,26541,882,175,2,18,1,18
CE,14559,2307700,MARANGUAPE,10,2,1640,24200,11,41673,1243,576,0,34,3,45
CE,14575,2307809,MARCO,0,2,378,8386,3,9649,221,61,0,2,2,6
CE,14591,2307908,MARTINÓPOLE,1,0,178,1777,0,6561,146,22,1,0,0,1
CE,14613,2308005,MASSAPÊ,8,2,575,7777,3,16904,383,161,2,11,1,5
CE,14630,2308104,MAURITI,4,1,369,7084,4,20987,368,109,0,5,1,8
CE,14656,2308203,MERUOCA,3,1,272,2771,1,7134,217,121,0,5,1,4
CE,14672,2308302,MILAGRES,2,0,303,2441,3,14430,295,67,0,7,2,9
CE,14680,2308377,MIRAÍMA,0,2,145,1798,0,7603,119,63,0,2,0,4
CE,14699,2308401,MISSÃO VELHA,2,3,338,4370,7,18420,323,99,3,11,0,9
CE,14710,2308500,MOMBAÇA,2,3,413,5065,3,18333,242,125,0,3,0,9
CE,14737,2308609,MONSENHOR TABOSA,2,2,146,2823,3,8152,123,71,0,5,0,5
CE,14753,2308708,MORADA NOVA,4,6,1350,14382,11,27829,764,362,4,28,5,27
CE,14770,2308807,MORAÚJO,1,1,125,1694,0,4443,79,34,1,2,1,3
CE,14796,2308906,MORRINHOS,0,3,274,7387,3,7275,246,52,1,2,1,4
CE,14818,2309003,MUCAMBO,2,2,305,2286,2,6515,150,68,0,2,0,3
CE,14834,2309102,MULUNGU,0,0,99,2121,0,5380,85,31,0,0,0,5
CE,14850,2309201,NOVA OLINDA,1,0,186,2176,1,7654,154,39,0,0,0,4
CE,14877,2309300,NOVA RUSSAS,4,1,349,5557,7,12738,303,125,1,7,3,6
CE,14893,2309409,NOVO ORIENTE,0,6,209,3784,5,12598,199,71,1,6,1,6
CE,14915,2309508,ORÓS,0,5,211,3029,3,9994,193,116,0,4,0,13
CE,14931,2309607,PACAJUS,12,8,1555,16650,6,25412,918,334,4,18,1,25
CE,14958,2309706,PACATUBA,6,7,1351,18124,10,26240,972,421,4,26,9,27
CE,14974,2309805,PACOTI,0,2,161,2030,0,6128,113,57,1,1,2,3
CE,14990,2309904,PACUJÁ,0,3,176,1011,1,3766,69,59,0,6,0,0
CE,15016,2310001,PALHANO,0,0,192,2924,2,4690,124,64,2,3,1,3
CE,15032,2310100,PALMÁCIA,1,0,136,2262,1,5319,112,51,0,6,1,3
CE,15059,2310209,PARACURU,3,8,620,8698,7,16637,446,182,1,14,0,13
CE,15075,2310308,PARAMBU,4,2,255,6286,1,12368,272,137,3,1,2,3
CE,15091,2310407,PARAMOTI,2,1,140,1926,0,6004,103,42,0,5,0,1
CE,15113,2310506,PEDRA BRANCA,5,5,452,4261,4,20314,346,128,1,3,0,4
CE,15130,2310605,PENAFORTE,0,0,150,1332,0,5295,102,27,0,1,0,1
CE,15156,2310704,PENTECOSTE,6,1,506,6983,2,18206,355,156,1,9,0,16
CE,15172,2310803,PEREIRO,2,0,145,2014,1,8549,280,61,0,2,1,4
CE,15199,2310902,PIQUET CARNEIRO,0,1,100,2145,0,6979,115,46,0,5,0,1
CE,15210,2311009,PORANGA,2,2,100,1375,1,6142,91,30,1,5,0,0
CE,15237,2311108,PORTEIRAS,1,1,105,1695,0,9360,133,22,0,0,2,2
CE,15253,2311207,POTENGI,0,0,63,846,0,5486,73,30,0,1,0,2
CE,15270,2311306,QUIXADÁ,5,5,886,17682,6,29771,731,315,5,17,9,19
CE,15296,2311405,QUIXERAMOBIM,3,9,960,10848,10,35579,711,291,1,14,1,11
CE,15318,2311504,QUIXERÉ,5,1,577,3863,1,10153,313,95,1,11,1,5
CE,15334,2311603,REDENÇÃO,0,2,434,5528,4,12747,206,140,0,4,0,10
CE,15350,2311702,RERIUTABA,9,2,304,2552,1,9501,216,100,0,5,0,4
CE,15377,2311801,RUSSAS,9,4,1484,14414,15,30006,1006,329,2,20,4,20
CE,15393,2311900,SABOEIRO,2,1,125,1884,0,7532,131,41,0,1,0,1
CE,15415,2312007,SANTANA DO ACARAÚ,4,4,464,4717,1,15321,250,103,0,8,1,11
CE,15431,2312106,SANTANA DO CARIRI,5,2,152,1495,0,9167,125,60,0,7,1,3
CE,15440,2311959,SALITRE,1,0,148,3054,1,8457,82,37,0,4,3,5
CE,15458,2312205,SANTA QUITÉRIA,5,4,647,5499,5,19711,489,221,0,7,0,11
CE,15474,2312304,SÃO BENEDITO,9,3,592,8885,9,17707,512,207,2,7,5,15
CE,15490,2312403,SÃO GONÇALO DO AMARANTE,4,7,1326,15175,13,23120,719,306,5,14,2,30
CE,15512,2312502,SÃO JOÃO DO JAGUARIBE,0,1,80,748,0,3586,71,34,0,0,0,1
CE,15539,2312601,SÃO LUÍS DO CURU,5,2,182,2838,1,6697,123,58,2,3,2,2
CE,15555,2312700,SENADOR POMPEU,2,6,304,4812,0,10688,166,94,1,1,2,5
CE,15571,2312809,SENADOR SÁ,1,3,183,1468,1,3995,99,36,0,0,0,3
CE,15598,2312908,SOBRAL,22,20,3510,40500,41,71616,2870,1271,13,57,14,104
CE,15610,2313005,SOLONÓPOLE,1,3,340,2426,5,8309,152,85,0,7,0,2
CE,15636,2313104,TABULEIRO DO NORTE,1,1,435,4033,5,15386,346,77,0,9,0,4
CE,15652,2313203,TAMBORIL,0,2,213,3651,5,12211,150,87,1,4,1,6
CE,15679,2313302,TAUÁ,3,7,539,11128,5,23351,433,394,1,10,2,9
CE,15695,2313401,TIANGUÁ,7,8,1311,19329,13,25577,880,278,5,11,4,15
CE,15717,2313500,TRAIRI,8,5,849,11756,8,26868,577,242,1,14,4,8
CE,15733,2313609,UBAJARA,2,5,417,7179,8,13622,373,135,2,11,6,18
CE,15750,2313708,UMARI,0,1,85,1114,0,3891,53,19,0,0,0,1
CE,15776,2313807,URUBURETAMA,1,1,261,4048,1,10246,187,74,0,3,0,8
CE,15792,2313906,URUOCA,0,0,151,2256,2,6441,96,36,0,1,0,2
CE,15814,2314003,VÁRZEA ALEGRE,5,2,444,5341,5,18931,383,173,0,7,0,8
CE,15830,2314102,VIÇOSA DO CEARÁ,2,7,640,9981,11,25776,492,221,0,5,0,15
CE,15857,2307650,MARACANAÚ,38,15,4488,58590,47,81340,3536,1408,15,93,23,111
CE,15873,2300754,AMONTADA,2,4,462,7402,2,19857,408,158,1,8,1,6
CE,15881,2304236,CROATÁ,3,2,310,2654,2,7967,208,80,0,10,0,7
CE,15890,2304251,CRUZ,3,2,546,6951,2,10525,297,76,0,6,2,12
CE,15911,2304350,FORQUILHA,0,3,460,5378,3,9481,395,139,0,8,1,9
CE,15920,2305332,IBICUITINGA,1,0,220,2982,1,6902,110,55,1,6,1,3
CE,15938,2305357,ICAPUÍ,6,2,329,4848,3,8929,210,65,1,4,0,6
CE,15954,2306553,ITAREMA,1,1,554,9901,2,15771,275,106,0,4,1,12
CE,15970,2308351,MILHÃ,0,1,156,1816,1,6941,123,72,0,3,0,5
CE,15989,2304269,DEPUTADO IRAPUAN PINHEIRO,1,0,133,1086,0,4534,108,64,0,1,2,2
CE,15997,2310258,PARAIPABA,5,1,597,8620,1,12809,356,104,1,12,0,4
CE,98531,2311355,QUIXELÔ,0,0,149,2124,3,9804,146,51,1,2,0,2
CE,98558,2313757,UMIRIM,4,0,204,3337,2,8829,178,57,2,2,1,2
CE,98574,2313955,VARJOTA,1,2,388,4355,1,7596,224,122,1,8,1,7
DF,97012,5300108,BRASÍLIA,716,334,45979,909616,828,675627,46714,85076,382,2297,324,4915
ES,56006,3204658,SÃO DOMINGOS DO NORTE,1,0,167,3271,0,2860,84,102,0,3,0,10
ES,56014,3200102,AFONSO CLÁUDIO,6,5,514,10999,5,6192,307,380,3,15,0,46
ES,56022,3200169,ÁGUA DOCE DO NORTE,3,0,159,3834,0,3930,119,102,0,6,0,16
ES,56030,3200201,ALEGRE,3,3,360,8645,5,7395,315,304,0,17,2,29
ES,56049,3202652,IRUPI,3,0,139,5719,2,2128,104,109,0,3,1,11
ES,56057,3200300,ALFREDO CHAVES,3,1,274,6510,0,2428,139,224,0,3,2,19
ES,56065,3200359,ALTO RIO NOVO,0,1,174,2039,1,2489,74,35,0,1,0,7
ES,56073,3200409,ANCHIETA,4,1,521,11105,5,7084,441,250,1,9,2,49
ES,56081,3205150,VILA PAVÃO,1,0,196,2975,0,2976,83,95,1,1,0,12
ES,56090,3200508,APIACÁ,1,0,85,2315,0,2122,82,71,0,0,0,10
ES,56103,3203346,MARECHAL FLORIANO,2,3,349,6720,2,3207,268,224,3,11,2,27
ES,56111,3200607,ARACRUZ,28,11,1790,30223,15,20915,1258,791,3,26,8,141
ES,56120,3203320,MARATAÍZES,7,3,577,17081,2,7868,498,249,0,17,3,45
ES,56138,3200706,ATÍLIO VIVÁCQUA,5,1,132,4111,1,2859,85,110,1,0,0,8
ES,56146,3201159,BREJETUBA,7,2,184,4344,0,2919,137,92,1,9,0,10
ES,56154,3200805,BAIXO GUANDU,8,6,450,10475,7,6841,368,192,3,11,2,47
ES,56162,3204955,SÃO ROQUE DO CANAÃ,2,1,159,4394,1,2523,126,133,0,2,1,15
ES,56170,3200904,BARRA DE SÃO FRANCISCO,11,3,545,13193,4,10054,450,287,0,15,2,62
ES,56189,3205010,SOORETAMA,6,4,432,7438,0,6248,270,174,1,13,1,5
ES,56197,3201001,BOA ESPERANÇA,0,0,201,4047,2,4123,101,128,0,4,2,13
ES,56200,3204252,PONTO BELO,2,2,114,1791,0,2777,43,42,0,0,0,5
ES,56219,3201100,BOM JESUS DO NORTE,2,0,170,3286,0,2703,114,102,1,3,0,7
ES,56227,3205176,VILA VALÉRIO,5,0,281,4812,2,4691,180,139,0,1,0,27
ES,56235,3201209,CACHOEIRO DE ITAPEMIRIM,46,9,2512,69303,30,28830,2259,2149,11,86,12,218
ES,56251,3201308,CARIACICA,98,44,6632,106008,66,81394,5701,3755,19,229,39,463
ES,56278,3201407,CASTELO,11,5,510,16359,4,5019,422,460,0,13,8,68
ES,56294,3201506,COLATINA,25,13,2039,41676,6,20830,1681,1640,8,36,11,153
ES,56308,3202256,GOVERNADOR LINDENBERG,1,0,228,3438,1,2763,130,123,0,2,1,8
ES,56316,3201605,CONCEIÇÃO DA BARRA,3,3,430,6160,1,10532,238,129,0,15,1,21
ES,56332,3201704,CONCEIÇÃO DO CASTELO,1,2,177,4899,3,1857,141,151,0,7,0,23
ES,56359,3201803,DIVINO DE SÃO LOURENÇO,2,0,54,2246,0,1358,41,59,0,3,1,4
ES,56375,3201902,DOMINGOS MARTINS,6,2,583,15389,3,5442,484,588,2,12,3,53
ES,56391,3202009,DORES DO RIO PRETO,1,1,119,2630,0,1771,76,76,3,3,1,3
ES,56413,3202108,ECOPORANGA,4,1,319,5927,2,7063,166,209,0,6,0,34
ES,56430,3202207,FUNDÃO,2,1,276,5417,1,4938,201,166,1,8,1,13
ES,56456,3202306,GUAÇUÍ,1,3,438,8905,3,6083,288,253,0,14,1,49
ES,56472,3202405,GUARAPARI,38,15,2155,44951,18,23362,1853,1304,5,69,12,177
ES,56499,3202504,IBIRAÇU,3,5,257,4043,3,2695,138,83,0,2,1,17
ES,56502,3202553,IBITIRAMA,5,0,139,3733,1,1829,62,76,0,4,0,8
ES,56510,3202603,ICONHA,6,3,277,5485,1,2638,149,156,0,3,1,13
ES,56537,3202702,ITAGUAÇU,4,1,211,4628,0,3242,135,157,0,7,0,14
ES,56553,3202801,ITAPEMIRIM,8,3,556,18531,7,8314,471,325,1,10,1,46
ES,56570,3202900,ITARANA,1,1,221,4502,0,1999,127,136,0,7,1,13
ES,56596,3203007,IÚNA,15,1,387,10234,3,4361,227,216,0,6,2,26
ES,56618,3203106,JERÔNIMO MONTEIRO,7,2,237,3838,0,3034,85,230,0,2,0,12
ES,56626,3203130,JOÃO NEIVA,2,0,260,5474,1,3454,173,185,1,6,1,25
ES,56634,3203205,LINHARES,39,17,2215,52025,15,30016,1928,1493,4,67,6,146
ES,56650,3203304,MANTENÓPOLIS,1,1,146,4072,3,2994,115,60,0,0,1,17
ES,56677,3203403,MIMOSO DO SUL,9,0,297,7119,3,6736,241,317,1,10,2,21
ES,56693,3203502,MONTANHA,1,3,219,4965,1,5650,152,97,0,1,0,23
ES,56715,3203601,MUCURICI,0,0,85,1450,2,2237,33,57,1,0,0,2
ES,56731,3203700,MUNIZ FREIRE,4,0,298,5925,1,4172,169,201,2,7,1,27
ES,56758,3203809,MUQUI,6,5,190,4377,3,3552,144,192,1,7,3,6
ES,56774,3203908,NOVA VENÉCIA,11,1,853,15483,0,12907,520,488,1,12,4,69
ES,56790,3204005,PANCAS,7,1,220,5953,1,4617,161,140,0,7,0,16
ES,56812,3204104,PINHEIROS,4,1,404,5400,2,7910,196,147,1,11,3,25
ES,56839,3204203,PIÚMA,5,2,363,7769,3,4820,299,155,1,12,2,15
ES,56855,3204302,PRESIDENTE KENNEDY,7,2,185,6428,1,3170,104,124,3,8,1,8
ES,56871,3204401,RIO NOVO DO SUL,0,4,146,4864,2,1727,111,99,1,4,0,7
ES,56898,3204500,SANTA LEOPOLDINA,3,1,235,3859,0,3146,165,172,0,3,1,8
ES,56910,3204609,SANTA TERESA,5,0,466,9197,7,4255,312,335,0,9,3,40
ES,56936,3204708,SÃO GABRIEL DA PALHA,6,0,596,11256,2,7347,345,248,0,11,3,41
ES,56952,3204807,SÃO JOSÉ DO CALÇADO,2,1,128,3292,0,3568,83,143,1,2,0,3
ES,56979,3204906,SÃO MATEUS,21,6,1609,30661,14,32351,1381,898,1,40,4,124
ES,56995,3205002,SERRA,143,61,9305,132177,102,113186,8234,4498,37,301,41,755
ES,57010,3205101,VIANA,11,5,1414,21924,15,16824,1003,740,3,39,3,74
ES,57037,3205200,VILA VELHA,148,64,8988,149819,127,95998,8260,5226,58,319,56,1001
ES,57053,3205309,VITÓRIA,105,44,6426,103461,110,87021,6204,4389,51,316,35,1114
ES,57070,3203353,MARILÂNDIA,0,0,208,5309,1,2666,153,127,0,3,2,9
ES,57096,3202454,IBATIBA,8,2,332,9995,1,4166,259,177,0,2,2,58
ES,57118,3204351,RIO BANANAL,1,0,280,6438,1,4332,158,213,1,1,0,19
ES,57134,3203056,JAGUARÉ,11,0,391,7603,5,9787,263,182,2,11,0,14
ES,57150,3204054,PEDRO CANÁRIO,5,1,365,5187,1,7033,193,86,0,8,4,14
ES,57916,3203163,LARANJA DA TERRA,0,0,167,4748,0,2372,92,145,1,5,1,16
ES,57932,3204559,SANTA MARIA DE JETIBÁ,3,1,767,17156,4,5506,538,456,1,14,4,33
ES,57959,3205036,VARGEM ALTA,2,1,241,8436,1,3249,163,207,1,6,0,21
ES,57975,3205069,VENDA NOVA DO IMIGRANTE,6,2,399,10649,2,3095,283,229,2,16,3,57
ES,57991,3200136,ÁGUIA BRANCA,0,0,193,3094,0,3478,80,95,1,1,0,8
GO,92010,5200100,ABADIÂNIA,2,1,97,5710,1,2319,92,1212,1,1,0,5
GO,92029,5203559,BONFINÓPOLIS,0,1,74,2993,0,2049,75,891,0,1,0,2
GO,92037,5200209,ÁGUA LIMPA,1,1,18,1073,0,602,15,251,0,0,0,1
GO,92053,5200308,ALEXÂNIA,2,1,140,9942,2,4114,201,2281,1,6,0,9
GO,92061,5204953,CAMPOS VERDES,1,0,25,1043,0,1678,28,305,0,1,0,0
GO,92096,5200506,ALOÂNDIA,0,0,19,874,0,609,5,148,0,1,0,2
GO,92100,5205455,CEZARINA,1,0,75,3033,0,1835,52,735,0,1,0,3
GO,92118,5200605,ALTO PARAÍSO DE GOIÁS,1,1,101,1853,4,2874,59,555,3,8,0,7
GO,92126,5205521,COLINAS DO SUL,0,0,31,785,1,1453,14,428,0,0,0,1
GO,92150,5200803,ALVORADA DO NORTE,0,1,52,2164,0,2089,51,592,1,2,1,3
GO,92169,5213855,MORRO AGUDO DE GOIÁS,1,0,19,1326,0,701,11,394,0,0,0,1
GO,92177,5200902,AMORINÓPOLIS,0,1,40,1595,0,982,13,321,0,0,2,0
GO,92207,5207352,EDEALINA,0,1,35,1907,0,807,42,297,0,2,0,1
GO,92215,5201108,ANÁPOLIS,35,25,3370,135929,40,47059,3858,24777,15,167,25,171
GO,92223,5207535,FAINA,0,1,40,2045,0,2093,31,594,0,3,1,1
GO,92231,5201207,ANHANGÜERA,0,0,17,475,0,430,8,123,0,0,0,1
GO,92258,5201306,ANICUNS,2,3,106,6256,3,3476,116,1745,0,2,0,5
GO,92266,5209150,GOUVELÂNDIA,0,0,34,1339,0,1317,37,217,0,1,0,1
GO,92274,5201405,APARECIDA DE GOIÂNIA,45,36,4258,130460,62,81517,4264,37105,18,175,23,173
GO,92282,5210562,ITAGUARI,1,0,20,1868,0,1494,20,691,0,1,0,0
GO,92290,5201504,APORÉ,0,0,35,1310,0,694,29,381,0,0,0,0
GO,92312,5201603,ARAÇU,0,1,37,1479,0,1298,43,504,0,0,0,0
GO,92320,5212956,MATRINCHÃ,0,0,21,1322,2,1018,11,534,0,0,0,0
GO,92339,5201702,ARAGARÇAS,2,1,177,5724,0,3648,200,582,0,9,1,6
GO,92347,5213053,MIMOSO DE GOIÁS,0,0,17,1167,1,943,20,430,0,0,1,2
GO,92355,5201801,ARAGOIÂNIA,0,2,109,3803,0,2618,59,1172,0,3,1,2
GO,92363,5213756,MONTIVIDIU,0,0,100,5303,0,1787,73,291,0,0,0,5
GO,92444,5215256,NOVO PLANALTO,0,0,27,1547,1,1125,19,330,0,1,0,0
GO,92460,5215652,PALESTINA DE GOIÁS,0,1,13,1543,1,791,20,289,0,0,0,3
GO,92495,5202502,ARUANÃ,0,0,62,2378,0,1768,33,781,0,2,1,0
GO,92517,5202601,AURILÂNDIA,1,0,12,1116,0,1090,19,246,0,1,1,0
GO,92550,5202809,AVELINÓPOLIS,0,0,35,1958,0,906,23,444,1,1,0,0
GO,92568,5219258,SANTA FÉ DE GOIÁS,0,1,20,1543,0,1005,39,454,0,1,1,2
GO,92614,5203104,BALIZA,0,0,30,1059,0,1109,26,193,1,0,0,0
GO,92622,5220058,SÃO JOÃO DA PARAÚNA,0,0,9,920,0,402,14,243,0,0,0,0
GO,92630,5203203,BARRO ALTO,1,0,90,3744,1,2185,52,1263,0,0,1,0
GO,92649,5220157,SÃO LUIZ DO NORTE,0,0,25,1464,0,1635,32,594,0,1,0,0
GO,92657,5203302,BELA VISTA DE GOIÁS,1,1,242,9205,2,5039,193,3167,0,4,3,15
GO,92665,5220264,SÃO MIGUEL DO PASSA QUATRO,0,0,40,1740,3,973,33,604,0,0,0,0
GO,92673,5203401,BOM JARDIM DE GOIÁS,2,0,69,2910,0,2264,42,424,0,1,0,2
GO,92690,5203500,BOM JESUS,2,2,202,7383,2,4306,243,858,1,4,0,8
GO,92703,5220454,SENADOR CANEDO,14,7,1111,34865,18,24600,1111,10223,3,46,5,37
GO,92711,5203609,BRAZABRANTES,2,1,26,1374,0,1018,32,431,1,1,0,4
GO,92720,5220686,SIMOLÂNDIA,0,0,45,1703,0,1784,19,500,0,2,0,0
GO,92754,5203807,BRITÂNIA,0,1,52,2187,0,1118,34,424,1,2,0,3
GO,92762,5221080,TERESINA DE GOIÁS,2,0,13,640,0,1223,17,307,0,2,1,0
GO,92770,5203906,BURITI ALEGRE,1,1,73,3257,0,1969,68,596,1,2,3,3
GO,92789,5221452,TROMBAS,0,0,27,1026,0,874,23,249,0,0,0,0
GO,92797,5204003,CABECEIRAS,1,1,54,2733,1,2192,45,543,2,4,0,2
GO,92800,5221551,TURVELÂNDIA,0,0,21,1585,0,1390,44,195,1,0,0,1
GO,92819,5204102,CACHOEIRA ALTA,1,1,96,2972,0,1798,65,535,0,2,1,3
GO,92827,5218789,RIO QUENTE,1,0,38,1779,2,902,38,517,1,1,0,3
GO,92835,5204201,CACHOEIRA DE GOIÁS,0,0,6,778,0,525,9,202,0,0,0,1
GO,92851,5204300,CAÇU,0,3,118,5222,1,2012,51,585,0,2,0,6
GO,92860,5209457,GUARINOS,0,0,13,806,0,974,11,276,0,0,0,0
GO,92878,5204409,CAIAPÔNIA,1,1,132,5595,2,3097,105,839,0,3,1,8
GO,92886,5205513,COCALZINHO DE GOIÁS,1,4,139,6745,0,4127,170,1623,1,6,0,6
GO,92894,5204508,CALDAS NOVAS,5,5,855,29008,11,13530,833,5131,4,23,5,35
GO,92908,5219738,SANTO ANTÔNIO DE GOIÁS,1,0,75,3167,0,2035,70,715,0,3,0,3
GO,92916,5204607,CAMPESTRE DE GOIÁS,0,0,30,1407,0,1079,44,397,0,0,0,0
GO,92924,5205471,CHAPADÃO DO CÉU,1,0,90,4928,0,1722,79,334,0,1,0,3
GO,92932,5204706,CAMPINORTE,0,0,90,4071,1,1818,71,837,0,5,0,7
GO,92940,5200555,ALTO HORIZONTE,0,0,48,2579,4,1433,43,467,0,1,0,3
GO,92959,5204805,CAMPO ALEGRE DE GOIÁS,0,1,83,2373,0,1628,42,370,0,1,0,4
GO,92967,5205059,CASTELÂNDIA,0,1,22,1568,0,1141,16,100,0,3,0,0
GO,92975,5204904,CAMPOS BELOS,1,2,104,3843,0,5081,89,1483,1,2,0,1
GO,92983,5212055,JESÚPOLIS,0,0,16,1067,0,539,11,345,0,0,0,0
GO,92991,5205000,CARMO DO RIO VERDE,0,1,45,3092,0,1801,58,471,0,3,0,4
GO,93009,5201454,APARECIDA DO RIO DOCE,0,0,37,1342,0,844,49,148,0,0,1,0
GO,93017,5205109,CATALÃO,7,8,780,27883,13,20371,876,6307,6,36,5,49
GO,93025,5205497,CIDADE OCIDENTAL,6,3,515,17750,3,14490,689,4312,0,30,2,20
GO,93033,5205208,CATURAÍ,1,1,47,1819,0,1631,34,503,0,1,0,0
GO,93041,5218391,PROFESSOR JAMIL,0,0,35,1199,0,1075,14,416,0,1,0,0
GO,93050,5205307,CAVALCANTE,1,0,62,855,2,3865,16,597,1,6,0,6
GO,93068,5216452,PEROLÂNDIA,0,0,23,1258,0,686,17,293,0,1,0,0
GO,93076,5205406,CERES,5,2,185,7836,3,3561,139,1428,0,4,2,3
GO,93084,5214879,NOVA IGUAÇU DE GOIÁS,0,0,20,1036,0,724,29,232,0,1,0,0
GO,93092,5208301,DIVINÓPOLIS DE GOIÁS,0,1,15,1217,0,1821,11,491,1,0,0,2
GO,93106,5203939,BURITI DE GOIÁS,1,1,18,1500,1,651,29,460,0,1,1,2
GO,93122,5204557,CALDAZINHA,0,0,32,1494,2,957,35,659,0,0,1,3
GO,93149,5209291,GUARAÍTA,1,0,21,1091,0,827,9,256,0,0,0,0
GO,93157,5205703,CÓRREGO DO OURO,0,0,23,1582,0,503,14,326,0,1,1,0
GO,93165,5209937,INACIOLÂNDIA,1,0,44,1564,0,1574,45,366,0,1,0,0
GO,93173,5205802,CORUMBÁ DE GOIÁS,0,1,85,3006,0,1886,62,812,1,1,0,2
GO,93181,5213772,MONTIVIDIU DO NORTE,1,1,26,1334,0,1055,33,277,0,0,0,0
GO,93190,5205901,CORUMBAÍBA,1,2,91,2938,1,1613,37,560,0,1,0,3
GO,93203,5219712,SANTO ANTÔNIO DA BARRA,1,1,49,1632,0,1239,29,246,0,1,0,5
GO,93220,5221197,TEREZÓPOLIS DE GOIÁS,1,3,52,2576,0,1796,65,796,0,1,0,1
GO,93246,5221577,UIRAPURU,0,0,8,854,0,930,15,381,0,0,0,0
GO,93254,5206206,CRISTALINA,1,9,378,18635,2,7374,326,2187,1,9,1,11
GO,93262,5203962,BURITINÓPOLIS,0,0,60,1058,0,1113,29,223,1,1,0,1
GO,93270,5206305,CRISTIANÓPOLIS,0,0,17,1750,0,660,23,533,0,0,0,0
GO,93289,5222203,VILA BOA,0,1,14,936,0,1372,29,455,0,0,1,1
GO,93297,5206404,CRIXÁS,0,0,63,3808,1,3783,56,1288,0,2,0,6
GO,93300,5221858,VALPARAÍSO DE GOIÁS,9,8,1187,37361,10,27783,1623,8480,8,63,5,66
GO,93319,5206503,CROMÍNIA,0,0,51,1703,2,991,26,411,0,1,0,2
GO,93327,5215231,NOVO GAMA,7,4,622,21705,7,16994,790,4496,0,30,0,12
GO,93335,5206602,CUMARI,0,0,29,766,0,953,18,156,0,1,1,2
GO,93343,5200258,ÁGUAS LINDAS DE GOIÁS,14,7,1463,44175,23,37004,1755,10187,9,63,12,42
GO,93351,5206701,DAMIANÓPOLIS,0,0,34,1482,0,1041,28,330,0,0,0,1
GO,93360,5200050,ABADIA DE GOIÁS,1,1,132,5749,2,3480,121,1844,0,3,0,4
GO,93378,5206800,DAMOLÂNDIA,0,1,26,1301,0,830,27,641,0,0,0,0
GO,93386,5200829,AMARALINA,0,0,27,865,0,919,20,295,0,0,0,0
GO,93394,5206909,DAVINÓPOLIS,0,1,38,1263,0,1243,23,309,1,0,0,2
GO,93408,5203575,BONÓPOLIS,0,0,16,1135,0,1124,7,359,0,1,0,0
GO,93424,5218052,PORTEIRÃO,0,1,20,1474,0,992,36,254,0,0,0,2
GO,93432,5207105,DIORAMA,0,0,12,1083,1,560,8,259,0,0,0,1
GO,93440,5219456,SANTA RITA DO NOVO DESTINO,0,0,16,1069,0,873,11,343,0,0,0,1
GO,93483,5220280,SÃO PATRÍCIO,1,0,7,1124,0,479,11,276,0,2,1,0
GO,93491,5207402,EDÉIA,1,0,122,4251,2,2001,88,655,0,2,1,4
GO,93505,5222302,VILA PROPÍCIO,1,1,42,1919,1,1508,32,1076,0,2,0,3
GO,93513,5207501,ESTRELA DO NORTE,0,0,21,1099,0,858,19,394,1,1,0,0
GO,93530,5207600,FAZENDA NOVA,1,0,30,2259,0,1413,31,550,0,1,0,2
GO,93548,5210158,IPIRANGA DE GOIÁS,0,1,13,1389,0,790,12,217,0,0,0,1
GO,93564,5208152,GAMELEIRA DE GOIÁS,1,0,45,1528,1,905,31,394,0,3,1,1
GO,93572,5207808,FIRMINÓPOLIS,1,0,55,4235,3,1644,55,872,1,3,0,4
GO,93580,5204854,CAMPO LIMPO DE GOIÁS,0,0,35,2930,1,1305,40,852,0,2,0,5
GO,93599,5207907,FLORES DE GOIÁS,0,1,39,2340,0,2674,23,941,0,0,0,0
GO,93602,5212253,LAGOA SANTA,0,0,15,673,0,408,12,141,0,0,0,0
GO,93610,5208004,FORMOSA,11,4,766,30623,10,18724,770,7703,3,25,2,33
GO,93637,5208103,FORMOSO,0,0,37,1579,1,1433,22,306,1,0,0,0
GO,93670,5208400,GOIANÁPOLIS,1,1,68,5491,0,1790,63,930,0,2,1,2
GO,93696,5208509,GOIANDIRA,1,1,72,1546,0,1583,65,352,1,1,0,5
GO,93718,5208608,GOIANÉSIA,7,9,684,24267,3,12943,611,5488,1,15,2,33
GO,93734,5208707,GOIÂNIA,146,110,12391,432608,208,223219,13738,106965,90,678,102,840
GO,93750,5208806,GOIANIRA,9,3,476,16866,7,11622,485,4851,3,26,2,19
GO,93777,5208905,GOIÁS,0,4,145,5630,5,6377,117,1572,1,10,1,7
GO,93793,5209101,GOIATUBA,4,3,303,13135,3,5065,285,2370,2,3,3,16
GO,93815,5209200,GUAPÓ,2,0,123,4939,2,3828,129,1883,0,2,1,5
GO,93831,5209408,GUARANI DE GOIÁS,1,1,17,1014,0,1530,14,1228,0,2,0,0
GO,93874,5209606,HEITORAÍ,0,0,21,1650,0,1162,10,331,0,1,0,1
GO,93890,5209705,HIDROLÂNDIA,4,2,177,7760,3,4838,196,4521,4,9,0,2
GO,93912,5209804,HIDROLINA,0,0,24,1420,0,1307,10,222,0,2,0,0
GO,93939,5209903,IACIARA,1,0,26,2363,0,2553,49,1340,0,3,3,6
GO,93955,5210000,INHUMAS,4,4,466,15356,4,9392,406,4969,5,11,4,23
GO,93971,5210109,IPAMERI,1,3,245,7897,3,5004,193,1642,1,7,2,6
GO,93998,5210208,IPORÁ,3,1,276,11368,2,5561,245,2302,1,9,1,18
GO,94013,5210307,ISRAELÂNDIA,0,0,23,1054,0,781,17,305,0,0,0,0
GO,94030,5210406,ITABERAÍ,3,0,307,12900,1,8077,265,2879,0,7,2,6
GO,94072,5210604,ITAGUARU,0,0,29,1956,1,1816,13,437,0,0,0,0
GO,94110,5210802,ITAJÁ,0,0,32,1610,0,717,19,410,0,1,0,1
GO,94137,5210901,ITAPACI,0,0,125,5854,2,4226,98,1084,0,1,0,5
GO,94153,5211008,ITAPIRAPUÃ,0,0,28,2409,0,1974,24,649,0,3,0,2
GO,94196,5211206,ITAPURANGA,1,3,155,8670,0,5904,150,2154,1,4,1,8
GO,94218,5211305,ITARUMÃ,1,0,69,1875,0,1148,22,271,0,0,2,8
GO,94234,5211404,ITAUÇU,0,1,77,3175,0,2066,41,740,0,8,1,4
GO,94250,5211503,ITUMBIARA,3,7,915,31755,6,15732,886,5584,1,26,6,55
GO,94277,5211602,IVOLÂNDIA,1,0,21,1054,0,825,16,358,0,0,0,2
GO,94293,5211701,JANDAIA,0,1,49,2723,0,1464,47,436,0,2,0,4
GO,94315,5211800,JARAGUÁ,3,3,187,15948,2,5084,279,3909,1,0,1,9
GO,94331,5211909,JATAÍ,7,9,786,34317,10,14385,870,4439,4,35,4,47
GO,94358,5212006,JAUPACI,0,0,26,1068,0,862,29,336,0,2,1,1
GO,94374,5212105,JOVIÂNIA,3,0,72,2583,0,1455,40,360,3,1,1,4
GO,94390,5212204,JUSSARA,4,1,101,6348,0,3223,97,1335,0,4,0,4
GO,94439,5212303,LEOPOLDO DE BULHÕES,0,1,73,2890,2,1802,37,712,0,4,0,2
GO,94455,5212501,LUZIÂNIA,17,12,1077,52703,23,32036,1349,15300,5,41,5,62
GO,94471,5212600,MAIRIPOTABA,0,1,32,1387,1,743,16,481,0,0,0,1
GO,94498,5212709,MAMBAÍ,0,0,31,3054,0,1546,21,308,0,0,1,1
GO,94510,5212808,MARA ROSA,0,0,53,3267,1,2320,52,998,1,2,0,2
GO,94536,5212907,MARZAGÃO,0,0,29,1079,0,728,32,298,0,1,0,0
GO,94552,5216304,PARANAIGUARA,0,0,57,2422,1,2196,46,588,0,1,1,5
GO,94579,5213004,MAURILÂNDIA,1,1,61,2678,0,2527,62,417,0,1,0,2
GO,94595,5213103,MINEIROS,5,6,727,22904,7,10358,544,3283,0,21,5,28
GO,94650,5213400,MOIPORÁ,0,0,26,950,0,541,14,290,0,0,1,0
GO,94676,5213509,MONTE ALEGRE DE GOIÁS,0,2,33,1002,1,2178,17,720,0,0,1,0
GO,94714,5213707,MONTES CLAROS DE GOIÁS,1,1,53,3027,0,1693,29,560,0,2,0,3
GO,94730,5213806,MORRINHOS,4,4,328,15720,6,7784,369,3635,3,12,2,25
GO,94757,5213905,MOSSÂMEDES,1,0,43,1370,1,1561,20,477,0,3,0,2
GO,94773,5214002,MOZARLÂNDIA,0,0,85,4454,0,2768,63,1190,2,2,0,5
GO,94790,5214101,MUTUNÓPOLIS,0,0,13,1393,0,825,16,574,0,0,0,1
GO,94854,5214408,NAZÁRIO,0,0,48,3359,0,1744,39,653,1,3,0,1
GO,94870,5214507,NERÓPOLIS,0,1,290,9804,2,5675,230,2575,0,3,2,5
GO,94897,5214606,NIQUELÂNDIA,4,4,183,9529,2,6557,143,3563,1,2,2,7
GO,94919,5214705,NOVA AMÉRICA,0,0,17,1033,0,627,17,507,0,0,0,3
GO,94935,5214804,NOVA AURORA,1,0,16,816,0,751,16,201,0,2,0,6
GO,94951,5214903,NOVA ROMA,0,0,9,585,0,979,13,530,1,0,0,0
GO,94978,5215009,NOVA VENEZA,1,1,72,3206,0,2106,75,925,0,3,0,5
GO,95010,5215207,NOVO BRASIL,0,1,30,1447,0,951,24,294,0,0,0,0
GO,95036,5215306,ORIZONA,1,0,113,5123,0,2357,87,1647,0,2,0,3
GO,95052,5215405,OURO VERDE DE GOIÁS,1,0,36,1605,0,766,22,532,0,0,0,0
GO,95079,5215504,OUVIDOR,0,0,134,3828,1,2890,122,782,1,5,0,8
GO,95095,5215603,PADRE BERNARDO,0,5,174,7779,1,5003,159,1937,2,9,2,11
GO,95117,5215702,PALMEIRAS DE GOIÁS,2,3,300,10656,1,4912,146,1492,1,9,0,7
GO,95133,5215801,PALMELO,2,1,44,902,0,576,21,215,0,0,0,1
GO,95150,5215900,PALMINÓPOLIS,0,0,48,2068,0,813,19,441,0,1,0,3
GO,95176,5216007,PANAMÁ,0,0,21,1108,0,793,12,332,1,0,0,3
GO,95230,5216403,PARAÚNA,0,1,89,4290,2,1848,87,528,0,5,0,4
GO,95311,5216809,PETROLINA DE GOIÁS,2,0,61,3414,1,1604,40,725,0,3,1,1
GO,95354,5216908,PILAR DE GOIÁS,0,0,11,1229,1,1097,18,313,0,0,0,1
GO,95397,5217104,PIRACANJUBA,6,3,130,7002,6,4435,126,2064,1,8,0,8
GO,95419,5217203,PIRANHAS,0,2,57,3853,0,2115,56,857,1,2,0,2
GO,95435,5217302,PIRENÓPOLIS,1,2,281,8072,2,5246,178,1815,1,4,2,15
GO,95451,5217401,PIRES DO RIO,2,2,219,9848,0,4155,176,1613,1,10,4,13
GO,95494,5217708,PONTALINA,1,2,116,6199,1,3283,110,1370,1,4,0,6
GO,95559,5218003,PORANGATU,4,1,271,12662,5,7786,240,1951,0,8,0,18
GO,95575,5218102,PORTELÂNDIA,0,0,24,1451,0,838,16,210,0,0,0,2
GO,95613,5218300,POSSE,3,4,178,9593,3,7175,169,2279,1,2,2,6
GO,95630,5218508,QUIRINÓPOLIS,1,4,491,14886,3,8125,359,2304,1,10,1,12
GO,95656,5218607,RIALMA,0,1,77,4437,1,1921,87,662,0,1,0,1
GO,95672,5218706,RIANÁPOLIS,0,0,33,1738,0,808,26,393,0,1,0,0
GO,95710,5218805,RIO VERDE,18,15,2646,74548,21,31329,2066,6222,3,45,6,125
GO,95737,5218904,RUBIATABA,0,1,97,6987,1,2690,100,1691,1,1,0,7
GO,95753,5219001,SANCLERLÂNDIA,2,0,72,3053,0,1872,42,565,0,2,0,1
GO,95770,5219100,SANTA BÁRBARA DE GOIÁS,0,0,69,2300,0,1368,42,634,0,0,2,0
GO,95796,5219209,SANTA CRUZ DE GOIÁS,1,0,37,1430,0,820,17,332,0,1,1,1
GO,95818,5219308,SANTA HELENA DE GOIÁS,3,3,308,12658,2,7501,356,2028,1,7,0,20
GO,95834,5219407,SANTA RITA DO ARAGUAIA,1,0,31,1669,1,1132,51,301,1,0,0,3
GO,95850,5219506,SANTA ROSA DE GOIÁS,0,0,30,1395,1,936,18,428,0,0,0,1
GO,95877,5219605,SANTA TEREZA DE GOIÁS,0,1,18,1320,0,1097,15,192,0,0,0,0
GO,95893,5219704,SANTA TEREZINHA DE GOIÁS,1,0,59,2672,0,2639,37,628,0,0,1,4
GO,95915,5219803,SÃO DOMINGOS,0,1,20,1537,0,2322,28,1130,0,2,2,0
GO,95931,5219902,SÃO FRANCISCO DE GOIÁS,1,0,24,2249,0,1073,17,627,0,3,1,1
GO,95958,5217609,PLANALTINA,2,6,722,22566,9,19605,817,5068,2,26,5,37
GO,95974,5220009,SÃO JOÃO D'ALIANÇA,1,2,104,2736,0,2116,43,850,1,1,0,6
GO,95990,5220108,SÃO LUÍS DE MONTES BELOS,4,0,174,12796,4,3785,179,1869,1,7,2,9
GO,96016,5220207,SÃO MIGUEL DO ARAGUAIA,2,0,105,7941,0,3798,94,1293,0,6,0,3
GO,96059,5220405,SÃO SIMÃO,4,0,189,4407,1,4172,187,516,0,4,2,5
GO,96075,5220504,SERRANÓPOLIS,1,0,58,2535,0,1681,44,408,0,0,0,1
GO,96091,5220603,SILVÂNIA,1,0,198,7333,3,3466,152,1527,0,10,1,6
GO,96113,5220702,SÍTIO D'ABADIA,1,0,32,877,1,972,13,361,0,0,1,1
GO,96172,5221007,TAQUARAL DE GOIÁS,0,0,35,1899,0,1032,24,401,0,1,0,4
GO,96237,5221304,TRÊS RANCHOS,1,0,30,1226,0,1139,38,382,0,2,0,4
GO,96253,5221403,TRINDADE,11,8,987,35469,5,22580,984,12022,3,33,21,32
GO,96318,5221502,TURVÂNIA,0,0,27,2108,0,988,27,361,0,2,0,4
GO,96334,5221601,URUAÇU,2,4,231,12136,7,7283,262,2313,1,4,0,8
GO,96350,5221700,URUANA,0,1,79,4380,1,2818,43,1005,0,2,1,6
GO,96377,5221809,URUTAÍ,1,0,32,1334,0,1060,41,478,0,1,0,1
GO,96393,5221908,VARJÃO,0,1,20,1775,0,858,28,608,1,3,1,4
GO,96415,5222005,VIANÓPOLIS,0,1,79,5501,1,1942,74,1101,1,5,0,5
GO,96458,5200134,ACREÚNA,1,2,95,7342,1,3772,100,835,1,4,0,9
GO,96474,5213087,MINAÇU,1,2,176,8307,3,5796,149,1572,1,7,0,12
GO,96512,5214051,MUNDO NOVO,2,0,31,2041,0,1418,39,322,0,0,1,0
GO,96539,5214838,NOVA CRIXÁS,2,0,87,3346,0,2727,33,735,0,2,1,3
GO,96555,5214861,NOVA GLÓRIA,1,1,30,2672,1,1891,41,660,0,0,0,3
GO,96571,5222054,VICENTINÓPOLIS,0,1,80,3054,0,1928,72,401,0,2,1,2
GO,96610,5200852,AMERICANO DO BRASIL,2,0,61,2044,0,1554,43,621,0,1,1,1
GO,96695,5202155,ARAGUAPAZ,0,0,19,2241,0,1642,25,589,0,1,0,3
GO,96717,5202353,ARENÓPOLIS,0,2,33,1425,0,1019,14,250,0,1,0,1
GO,96733,5204250,CACHOEIRA DOURADA,0,1,68,2635,1,2106,54,450,0,1,0,5
GO,96750,5207253,DOVERLÂNDIA,1,1,35,2381,0,1359,33,616,0,0,0,0
GO,96776,5219753,SANTO ANTÔNIO DO DESCOBERTO,9,2,625,17257,6,12739,632,3513,2,16,5,17
GO,96814,5209952,INDIARA,1,2,140,4977,2,3387,148,858,0,5,0,3
GO,96873,5204656,CAMPINAÇU,1,0,18,1303,0,1046,14,289,1,0,0,1
GO,96890,5219357,SANTA ISABEL,0,0,24,1576,0,978,23,275,0,0,0,2
GO,96911,5200159,ADELÂNDIA,0,1,17,1422,0,523,8,318,0,0,0,2
GO,96938,5200175,ÁGUA FRIA DE GOIÁS,0,0,22,1906,1,1024,27,769,1,0,1,3
MA,07005,2100154,ÁGUA DOCE DO MARANHÃO,2,0,98,1493,2,6572,103,68,0,0,1,2
MA,07013,2100105,AFONSO CUNHA,0,1,75,793,0,4920,35,39,0,0,0,1
MA,07021,2100436,ALTO ALEGRE DO MARANHÃO,1,0,166,3495,1,9952,113,123,0,1,3,18
MA,07030,2100204,ALCÂNTARA,2,0,218,2724,2,10696,140,138,0,9,1,13
MA,07048,2100477,ALTO ALEGRE DO PINDARÉ,0,3,231,3285,2,11178,192,139,1,2,2,33
MA,07056,2100303,ALDEIAS ALTAS,3,4,232,2651,1,10166,128,137,1,3,0,14
MA,07064,2100832,APICUM-AÇU,0,1,252,2991,0,7164,111,114,0,2,1,4
MA,07072,2100402,ALTAMIRA DO MARANHÃO,1,0,82,1234,1,2890,45,28,0,1,0,5
MA,07080,2100550,AMAPÁ DO MARANHÃO,0,0,78,1209,0,2816,71,32,0,0,0,6
MA,07099,2100501,ALTO PARNAÍBA,0,0,122,2257,2,3531,33,119,0,1,1,11
MA,07102,2100873,ARAGUANÃ,0,0,110,1383,0,4443,52,65,0,1,0,3
MA,07110,2100600,AMARANTE DO MARANHÃO,2,3,248,10256,4,10878,232,249,1,8,2,28
MA,07129,2101251,BACABEIRA,1,0,278,2955,4,9140,171,166,1,0,1,7
MA,07137,2100709,ANAJATUBA,1,1,307,2995,8,12395,121,158,0,8,0,10
MA,07145,2101350,BACURITUBA,0,0,41,521,0,3283,32,47,1,2,0,9
MA,07153,2100808,ANAPURUS,1,3,161,2663,2,8150,103,89,0,2,0,10
MA,07161,2101731,BELÁGUA,0,0,57,782,1,5424,35,30,0,0,0,7
MA,07170,2100907,ARAIOSES,7,2,263,4020,4,19509,348,216,0,9,0,20
MA,07188,2101772,BELA VISTA DO MARANHÃO,0,0,99,2095,1,5466,66,50,0,0,0,6
MA,07196,2101004,ARARI,2,1,407,4280,2,12643,248,174,0,2,1,7
MA,07200,2101939,BERNARDO DO MEARIM,0,1,66,1132,0,2773,33,36,0,1,0,4
MA,07218,2101103,AXIXÁ,1,0,163,1987,2,6913,105,91,0,3,1,10
MA,07226,2102374,CACHOEIRA GRANDE,0,1,86,1417,2,5206,65,42,0,0,0,6
MA,07234,2101202,BACABAL,12,7,969,19904,12,34459,877,471,2,21,2,71
MA,07242,2103752,DAVINÓPOLIS,0,3,238,3840,1,5232,194,132,0,4,1,6
MA,07250,2101301,BACURI,1,1,161,1972,0,8219,80,102,0,1,0,4
MA,07269,2102036,BOM JESUS DAS SELVAS,1,1,240,6061,0,8298,134,148,1,3,1,18
MA,07277,2101400,BALSAS,6,11,1618,30716,9,21256,940,717,3,14,2,91
MA,07285,2102077,BOM LUGAR,3,0,63,2528,1,6419,57,82,0,1,0,2
MA,07293,2101509,BARÃO DE GRAJAÚ,2,0,264,2003,1,9666,163,160,0,6,2,15
MA,07307,2102150,BREJO DE AREIA,0,1,75,2037,2,3797,32,57,0,0,1,12
MA,07315,2101608,BARRA DO CORDA,3,3,657,17483,3,30259,628,391,2,16,2,55
MA,07323,2101970,BOA VISTA DO GURUPI,0,0,89,1469,0,3395,68,29,0,2,0,5
MA,07331,2101707,BARREIRINHAS,6,4,854,9885,4,30786,517,254,0,14,1,26
MA,07340,2102325,BURITICUPU,5,2,520,12440,4,18151,557,316,3,10,2,42
MA,07358,2101806,BENEDITO LEITE,0,0,48,961,0,2541,21,41,0,0,0,20
MA,07366,2102358,BURITIRANA,1,1,174,3637,1,4432,118,104,2,2,0,11
MA,07374,2101905,BEQUIMÃO,1,0,201,2619,0,10825,114,218,0,4,1,18
MA,07382,2102556,CAMPESTRE DO MARANHÃO,2,0,98,2975,0,4390,86,40,0,0,1,7
MA,07390,2102101,BREJO,3,2,265,4593,0,14728,143,227,0,3,2,41
MA,07404,2102754,CAPINZAL DO NORTE,1,0,164,1917,0,4549,66,50,0,2,0,9
MA,07412,2102200,BURITI,0,2,176,2468,0,14151,170,107,1,3,1,10
MA,07420,2103125,CENTRAL DO MARANHÃO,1,2,76,701,0,4630,34,66,0,8,1,5
MA,07439,2102309,BURITI BRAVO,0,1,164,2540,0,9932,129,130,0,3,0,3
MA,07447,2103158,CENTRO DO GUILHERME,0,2,166,1614,1,4607,65,39,0,0,0,8
MA,07455,2102408,CAJAPIÓ,2,1,75,957,2,6114,42,73,0,4,1,11
MA,07463,2103174,CENTRO NOVO DO MARANHÃO,0,2,213,2573,2,6297,97,109,1,2,3,16
MA,07471,2102507,CAJARI,0,0,158,1796,2,9996,77,105,2,1,0,9
MA,07480,2103257,CIDELÂNDIA,2,1,197,2700,1,5207,135,82,1,2,0,7
MA,07498,2102606,CÂNDIDO MENDES,1,0,288,3165,0,8785,101,117,0,1,2,15
MA,07501,2103554,CONCEIÇÃO DO LAGO-AÇU,0,0,155,2320,0,6422,68,87,0,1,0,7
MA,07510,2102705,CANTANHEDE,1,4,142,2177,1,8211,104,90,0,1,3,7
MA,07528,2104073,FEIRA NOVA DO MARANHÃO,0,0,184,1908,1,2786,26,102,1,1,0,11
MA,07536,2102804,CAROLINA,3,1,357,5545,2,7629,178,244,0,5,0,21
MA,07544,2104081,FERNANDO FALCÃO,0,0,87,2134,0,5426,34,56,0,1,0,4
MA,07552,2102903,CARUTAPERA,2,0,304,4184,4,9499,262,116,0,2,1,16
MA,07560,2104099,FORMOSA DA SERRA NEGRA,4,3,207,5141,1,5562,77,270,0,2,0,31
MA,07579,2103000,CAXIAS,27,13,2051,22555,29,58914,1802,1085,3,39,4,83
MA,07595,2103109,CEDRAL,0,0,144,1497,1,5405,105,84,0,0,0,4
MA,07609,2104552,GOVERNADOR EDISON LOBÃO,1,0,375,5060,2,6192,246,198,1,5,1,13
MA,07617,2103208,CHAPADINHA,7,2,927,12515,3,31922,612,410,1,7,3,35
MA,07625,2104628,GOVERNADOR LUIZ ROCHA,0,1,75,1493,1,3196,47,44,0,1,0,12
MA,07633,2103307,CODÓ,11,12,1050,14191,12,42197,773,707,5,13,4,59
MA,07641,2104651,GOVERNADOR NEWTON BELLO,1,0,89,1494,0,4307,42,55,0,1,1,1
MA,07650,2103406,COELHO NETO,5,1,323,4492,7,19424,313,222,1,12,2,14
MA,07668,2104677,GOVERNADOR NUNES FREIRE,4,1,222,4747,0,8240,157,150,1,1,1,4
MA,07676,2103505,COLINAS,0,7,423,5491,6,14991,222,210,1,3,3,22
MA,07684,2105153,IGARAPÉ DO MEIO,1,2,152,1646,1,6350,75,47,0,0,0,9
MA,07692,2103604,COROATÁ,6,9,424,9126,3,22485,367,387,1,12,1,55
MA,07706,2105351,ITAIPAVA DO GRAJAÚ,0,0,114,2454,0,5629,56,83,0,1,1,4
MA,07714,2103703,CURURUPU,4,1,332,3666,2,15051,195,181,0,6,0,4
MA,07722,2105427,ITINGA DO MARANHÃO,0,2,214,7048,3,6167,186,142,0,2,0,12
MA,07730,2103802,DOM PEDRO,1,2,233,5025,1,8464,186,117,1,5,2,18
MA,07749,2105450,JATOBÁ,1,1,63,1219,0,3987,40,35,0,0,0,3
MA,07757,2103901,DUQUE BACELAR,0,0,83,1029,0,6461,84,54,0,0,0,0
MA,07765,2105476,JENIPAPO DOS VIEIRAS,0,2,78,2548,3,7398,73,92,2,4,1,9
MA,07773,2104008,ESPERANTINÓPOLIS,1,1,188,3135,1,7640,129,88,0,2,1,9
MA,07781,2105658,JUNCO DO MARANHÃO,0,0,67,873,0,2795,27,29,0,0,0,2
MA,07790,2104107,FORTALEZA DOS NOGUEIRAS,2,0,137,2988,0,5243,60,81,0,3,1,16
MA,07803,2105948,LAGO DOS RODRIGUES,0,1,55,1860,0,4759,81,50,0,2,0,7
MA,07811,2104206,FORTUNA,0,0,148,2023,3,7200,106,81,0,3,0,6
MA,07820,2105922,LAGOA DO MATO,1,0,43,1123,0,4934,35,48,0,2,2,13
MA,07838,2104305,GODOFREDO VIANA,1,1,142,1995,2,3803,57,78,0,1,0,3
MA,07846,2105963,LAGOA GRANDE DO MARANHÃO,0,0,97,2246,1,5113,71,59,1,1,3,8
MA,07854,2104404,GONÇALVES DIAS,0,1,85,2746,1,7073,80,92,1,3,0,15
MA,07862,2105989,LAJEADO NOVO,0,1,96,2513,0,2658,58,76,0,0,0,9
MA,07870,2104503,GOVERNADOR ARCHER,0,3,78,1374,1,4545,80,55,0,2,0,2
MA,07889,2106326,MARACAÇUMÉ,2,1,222,4102,1,6625,132,101,0,0,0,13
MA,07897,2104602,GOVERNADOR EUGÊNIO BARROS,1,0,101,1991,0,5965,101,46,0,2,0,5
MA,07900,2106359,MARAJÁ DO SENA,0,1,72,1693,1,3150,29,60,0,0,1,13
MA,07919,2104701,GRAÇA ARANHA,0,0,66,1235,2,3624,45,21,0,2,0,2
MA,07927,2106375,MARANHÃOZINHO,0,0,120,1560,1,4596,51,51,0,2,0,1
MA,07935,2104800,GRAJAÚ,6,3,766,16331,7,23002,511,432,1,6,5,42
MA,07943,2106631,MATÕES DO NORTE,2,0,78,1098,0,4248,60,43,0,2,1,5
MA,07951,2104909,GUIMARÃES,0,0,105,1113,4,5705,60,85,0,1,0,9
MA,07960,2106672,MILAGRES DO MARANHÃO,1,1,53,940,2,4133,65,29,0,1,0,1
MA,07978,2105005,HUMBERTO DE CAMPOS,0,3,349,3292,4,13787,177,215,1,2,0,13
MA,07986,2107258,NOVA COLINAS,0,0,102,1115,6,2215,27,41,0,1,0,2
MA,07994,2105104,ICATU,4,0,260,3547,8,14496,162,200,0,2,0,16
MA,08001,2107357,NOVA OLINDA DO MARANHÃO,3,0,228,2449,5,7088,97,103,0,0,0,6
MA,08010,2105203,IGARAPÉ GRANDE,0,0,66,2571,0,4053,89,44,1,1,2,6
MA,08028,2107456,OLINDA NOVA DO MARANHÃO,2,0,145,1573,2,6298,77,115,0,0,2,5
MA,08036,2105302,IMPERATRIZ,55,33,4479,81738,48,60008,4009,3084,14,80,9,206
MA,08044,2108058,PAULINO NEVES,2,0,242,2204,3,9352,146,116,0,1,1,7
MA,08052,2111409,SÃO LUÍS GONZAGA DO MARANHÃO,1,0,79,2181,2,10117,94,85,1,0,0,10
MA,08060,2108256,PEDRO DO ROSÁRIO,0,3,192,2319,0,10516,101,128,0,0,0,10
MA,08079,2105401,ITAPECURU MIRIM,7,5,846,8120,11,25994,531,419,2,18,2,41
MA,08087,2108454,PERITORÓ,0,1,139,2690,1,8907,145,119,0,5,1,16
MA,08095,2105500,JOÃO LISBOA,0,5,460,6924,2,9489,320,232,0,7,1,22
MA,08109,2109056,PORTO RICO DO MARANHÃO,0,0,118,1362,2,3587,45,67,0,1,0,6
MA,08117,2105609,JOSELÂNDIA,2,1,162,2503,1,6750,112,57,0,2,0,7
MA,08125,2109239,PRESIDENTE MÉDICI,0,1,111,1076,2,3182,57,14,1,3,0,2
MA,08133,2105708,LAGO DA PEDRA,3,2,294,11613,4,14008,280,236,4,3,1,55
MA,08141,2109270,PRESIDENTE SARNEY,2,0,244,1887,1,8815,181,115,0,3,0,12
MA,08150,2105807,LAGO DO JUNCO,0,0,56,1936,1,4831,62,18,0,2,0,15
MA,08168,2109452,RAPOSA,6,4,561,6856,8,11674,366,252,3,11,2,24
MA,08176,2105906,LAGO VERDE,0,0,108,1896,0,7269,107,49,0,1,1,5
MA,08184,2109551,RIBAMAR FIQUENE,0,1,118,1786,0,2865,62,69,0,2,0,6
MA,08192,2106003,LIMA CAMPOS,1,3,128,2824,0,5377,107,93,0,1,3,8
MA,08206,2109759,SANTA FILOMENA DO MARANHÃO,0,1,70,1242,0,3503,23,25,0,0,0,3
MA,08214,2106102,LORETO,1,1,134,1894,0,4513,86,40,0,1,1,1
MA,08222,2110237,SANTANA DO MARANHÃO,0,0,55,1309,0,4555,74,49,1,2,0,11
MA,08230,2106201,LUÍS DOMINGUES,0,1,104,1552,0,2796,75,32,0,3,0,10
MA,08249,2110278,SANTO AMARO DO MARANHÃO,2,1,197,1987,0,8084,113,137,0,3,0,6
MA,08257,2106300,MAGALHÃES DE ALMEIDA,0,2,149,2179,2,6787,173,113,1,2,1,15
MA,08265,2110658,SÃO DOMINGOS DO AZEITÃO,0,0,92,1623,1,3578,35,76,0,0,0,18
MA,08273,2106409,MATA ROMA,1,1,190,2877,1,9424,113,81,0,2,0,8
MA,08281,2110856,SÃO FRANCISCO DO BREJÃO,1,0,102,2839,0,3230,62,59,0,2,0,7
MA,08290,2106508,MATINHA,1,0,270,4061,3,11163,119,177,0,4,0,7
MA,08303,2111029,SÃO JOÃO DO CARÚ,0,1,114,2140,2,4808,58,76,0,1,0,11
MA,08311,2106607,MATÕES,0,1,216,3771,1,15815,189,112,0,2,0,22
MA,08320,2111052,SÃO JOÃO DO PARAÍSO,2,0,200,3013,0,3697,39,108,0,2,0,12
MA,08338,2106706,MIRADOR,1,2,162,3187,2,9313,91,136,1,0,3,12
MA,08346,2111078,SÃO JOÃO DO SOTER,1,1,117,1565,1,8738,111,55,0,0,0,18
MA,08354,2106805,MIRINZAL,1,1,141,1942,1,6686,102,118,2,1,1,4
MA,08362,2111250,SÃO JOSÉ DOS BASÍLIOS,0,1,63,920,1,3950,66,23,0,0,2,3
MA,08370,2106904,MONÇÃO,1,2,177,3245,5,11953,123,160,0,4,1,4
MA,08389,2111532,SÃO PEDRO DA ÁGUA BRANCA,0,1,96,3052,0,3683,77,66,0,2,0,5
MA,08397,2107001,MONTES ALTOS,0,0,144,2195,0,3408,67,82,1,5,0,3
MA,08400,2111573,SÃO PEDRO DOS CRENTES,2,1,43,2477,0,1195,13,60,0,0,0,11
MA,08419,2107100,MORROS,2,1,183,3083,1,10072,119,120,0,5,0,14
MA,08427,2111631,SÃO RAIMUNDO DO DOCA BEZERRA,1,0,70,978,1,2738,39,25,0,1,0,2
MA,08435,2107209,NINA RODRIGUES,0,1,66,1705,0,6043,76,78,0,0,0,15
MA,08443,2111672,SÃO ROBERTO,0,0,46,811,1,2521,30,28,0,2,1,2
MA,08451,2107308,NOVA IORQUE,0,1,30,742,1,2365,21,30,0,1,0,1
MA,08460,2111722,SATUBINHA,0,2,113,1559,0,4078,57,46,0,0,0,7
MA,08478,2107407,OLHO D'ÁGUA DAS CUNHÃS,1,1,181,2692,2,7830,198,100,0,1,0,9
MA,08486,2111748,SENADOR ALEXANDRE COSTA,0,0,84,1587,0,4446,42,35,0,0,0,6
MA,08494,2107506,PAÇO DO LUMIAR,44,8,2589,26083,68,42191,1779,1304,2,89,12,101
MA,08508,2111763,SENADOR LA ROCQUE,0,2,280,3366,0,5633,166,121,1,3,1,7
MA,08516,2107605,PALMEIRÂNDIA,0,1,158,1949,1,9975,92,132,1,4,0,8
MA,08524,2111789,SERRANO DO MARANHÃO,2,0,68,743,0,5912,44,43,0,1,1,3
MA,08532,2107704,PARAIBANO,0,1,123,2263,1,8082,89,64,0,0,1,3
MA,08540,2111953,SUCUPIRA DO RIACHÃO,1,1,41,610,2,2696,23,54,0,0,1,2
MA,08559,2107803,PARNARAMA,3,4,232,2921,2,15317,215,136,1,1,3,60
MA,08567,2112233,TRIZIDELA DO VALE,7,1,247,4744,1,8059,234,119,0,3,2,12
MA,08575,2107902,PASSAGEM FRANCA,1,2,148,2538,1,7791,109,154,0,1,1,20
MA,08583,2112274,TUFILÂNDIA,3,1,65,1024,0,3161,42,32,0,1,0,3
MA,08591,2108009,PASTOS BONS,0,1,164,3103,1,8003,102,115,1,1,0,17
MA,08605,2112456,TURILÂNDIA,4,0,319,2773,0,8018,106,127,1,3,2,7
MA,08613,2108207,PEDREIRAS,5,6,409,7977,4,13363,420,175,3,10,0,27
MA,08621,2112852,VILA NOVA DOS MARTÍRIOS,1,0,155,2666,0,3534,54,72,0,0,0,3
MA,08630,2108306,PENALVA,3,1,317,2746,2,15251,140,154,0,5,1,18
MA,08656,2108405,PERI MIRIM,2,0,81,1564,2,6900,67,81,0,3,0,5
MA,08672,2108504,PINDARÉ-MIRIM,3,6,318,4802,2,13575,245,170,0,3,1,15
MA,08699,2108603,PINHEIRO,2,3,1132,12115,8,31826,758,610,4,28,3,47
MA,08710,2108702,PIO XII,0,1,203,3667,3,10313,168,93,0,5,0,17
MA,08737,2108801,PIRAPEMAS,1,0,84,1827,1,7017,93,116,0,1,0,18
MA,08753,2108900,POÇÃO DE PEDRAS,2,2,135,3189,2,7691,83,76,1,0,1,9
MA,08770,2109007,PORTO FRANCO,5,1,384,6221,3,7812,227,180,0,1,0,18
MA,08796,2109106,PRESIDENTE DUTRA,11,1,509,9559,8,15452,388,203,0,7,1,19
MA,08818,2109205,PRESIDENTE JUSCELINO,0,1,120,1356,3,5992,69,56,0,0,1,6
MA,08834,2109304,PRESIDENTE VARGAS,0,0,138,1179,1,6488,64,70,0,0,0,6
MA,08850,2109403,PRIMEIRA CRUZ,1,2,114,1408,0,7136,70,108,0,1,1,10
MA,08877,2109502,RIACHÃO,4,1,230,4283,1,7981,106,171,0,2,1,11
MA,08893,2111201,SÃO JOSÉ DE RIBAMAR,44,12,3209,36443,95,61232,2469,1797,6,99,19,113
MA,08915,2109601,ROSÁRIO,9,2,598,5916,8,17853,470,343,0,15,1,14
MA,08931,2109700,SAMBAÍBA,1,1,65,1624,0,2482,28,43,0,0,0,8
MA,08958,2109809,SANTA HELENA,0,0,396,4631,0,12149,276,138,0,2,1,17
MA,08974,2110005,SANTA LUZIA,2,7,617,10041,1,22466,405,267,0,9,3,20
MA,08990,2110104,SANTA QUITÉRIA DO MARANHÃO,1,2,150,3215,4,12320,153,179,0,1,2,45
MA,09016,2110203,SANTA RITA,1,0,335,4539,3,15361,212,195,0,5,1,15
MA,09032,2110302,SANTO ANTÔNIO DOS LOPES,1,1,153,3736,5,8069,190,86,0,1,2,13
MA,09059,2110401,SÃO BENEDITO DO RIO PRETO,1,1,146,2271,0,10179,102,115,0,2,0,17
MA,09075,2110500,SÃO BENTO,3,2,297,4479,4,15522,233,197,1,2,2,15
MA,09091,2110609,SÃO BERNARDO,2,2,208,3867,2,11932,184,167,1,3,1,11
MA,09113,2110708,SÃO DOMINGOS DO MARANHÃO,1,3,333,7793,4,13306,237,196,1,7,1,43
MA,09130,2110807,SÃO FÉLIX DE BALSAS,0,1,66,1005,1,1987,18,44,0,1,0,15
MA,09156,2110906,SÃO FRANCISCO DO MARANHÃO,2,2,64,1033,2,5660,57,69,0,2,1,3
MA,09172,2111003,SÃO JOÃO BATISTA,0,1,179,2214,1,12009,83,138,0,3,2,5
MA,09199,2111102,SÃO JOÃO DOS PATOS,3,1,323,3700,1,10402,207,149,1,4,0,10
MA,09210,2111300,SÃO LUÍS,325,83,21153,229253,781,337598,14793,13405,81,748,83,1019
MA,09237,2111508,SÃO MATEUS DO MARANHÃO,1,6,239,5836,3,15258,303,194,2,7,0,24
MA,09253,2111607,SÃO RAIMUNDO DAS MANGABEIRAS,0,2,232,4486,1,7163,165,113,0,2,0,13
MA,09270,2111706,SÃO VICENTE FERRER,0,1,161,2069,1,9148,91,167,0,1,0,3
MA,09296,2111805,SÍTIO NOVO,3,0,275,4420,0,6635,87,175,0,0,0,12
MA,09318,2111904,SUCUPIRA DO NORTE,0,1,81,1795,0,4731,38,54,1,0,0,0
MA,09334,2112001,TASSO FRAGOSO,0,1,175,2390,0,2715,45,54,0,0,1,17
MA,09350,2112100,TIMBIRAS,2,2,210,2776,3,11441,198,160,0,3,3,12
MA,09377,2112209,TIMON,24,18,2290,28444,24,67010,1810,1155,10,48,9,87
MA,09393,2112308,TUNTUM,3,0,359,7114,8,13758,211,147,1,5,0,27
MA,09415,2112407,TURIAÇU,4,5,347,4502,4,16792,186,227,0,9,0,20
MA,09431,2112506,TUTÓIA,5,3,761,7838,2,23022,438,334,0,8,1,20
MA,09458,2112605,URBANO SANTOS,1,1,208,3826,1,15137,188,111,0,2,0,16
MA,09474,2112704,VARGEM GRANDE,3,3,334,5599,2,17844,266,299,0,5,2,42
MA,09490,2112803,VIANA,9,3,564,8910,5,19880,306,388,0,7,2,24
MA,09512,2112902,VITÓRIA DO MEARIM,5,1,299,5409,0,12723,172,145,1,8,3,13
MA,09539,2113009,VITORINO FREIRE,1,3,278,5446,2,11621,221,196,0,3,2,18
MA,09555,2102002,BOM JARDIM,5,4,330,5407,3,13949,251,170,0,7,4,11
MA,09571,2109908,SANTA INÊS,16,7,942,17834,9,29154,903,506,3,13,5,33
MA,09598,2108108,PAULO RAMOS,1,0,168,4106,3,7966,123,66,0,0,0,8
MA,09610,2100055,AÇAILÂNDIA,21,5,1308,34351,15,23910,1068,621,4,33,4,86
MA,09636,2104057,ESTREITO,4,1,544,8837,4,8519,343,253,2,4,0,27
MA,09652,2110039,SANTA LUZIA DO PARUÁ,1,2,237,4219,1,8146,179,145,1,5,0,7
MA,09679,2100956,ARAME,0,3,153,5520,0,10385,110,139,0,5,0,17
MA,09695,2106755,MIRANDA DO NORTE,1,1,255,3649,1,8792,198,122,2,3,0,12
MA,09717,2114007,ZÉ DOCA,5,2,351,7316,4,16901,277,242,1,6,1,23
MG,40002,3101631,ALFREDO VASCONCELOS,1,0,236,1993,1,2215,78,132,0,2,0,43
MG,40010,3100104,ABADIA DOS DOURADOS,2,1,99,2285,2,1742,60,162,0,2,0,19
MG,40029,3103751,ARAPORÃ,0,0,112,2786,1,2044,117,216,0,6,0,21
MG,40037,3100203,ABAETÉ,2,1,376,7518,0,4853,210,279,2,8,0,116
MG,40045,3108552,BRASILÂNDIA DE MINAS,1,0,374,4073,3,4395,129,174,1,1,0,25
MG,40053,3100302,ABRE CAMPO,2,1,247,3728,0,4657,145,97,0,8,0,35
MG,40061,3112653,CAPITÃO ANDRADE,0,0,101,1485,1,1190,56,31,1,0,0,12
MG,40070,3100401,ACAIACA,0,0,83,776,2,1577,26,35,0,0,0,16
MG,40088,3114550,CARNEIRINHO,0,0,141,3105,0,2543,42,100,0,3,0,9
MG,40096,3100500,AÇUCENA,1,2,125,2061,1,2771,55,45,0,0,1,11
MG,40100,3115458,CATUJI,0,1,85,1641,0,3945,72,59,0,2,1,18
MG,40118,3100609,ÁGUA BOA,1,1,177,3057,0,4211,77,75,0,2,0,30
MG,40126,3122355,DIVISA ALEGRE,0,0,131,1373,0,2047,45,39,0,2,0,11
MG,40134,3100708,ÁGUA COMPRIDA,0,0,29,1176,0,753,31,23,0,0,1,10
MG,40142,3122454,DIVISÓPOLIS,1,1,71,1853,0,2889,48,89,0,4,0,20
MG,40150,3100807,AGUANIL,0,1,114,1443,0,1367,56,105,1,4,0,5
MG,40169,3123528,DURANDÉ,0,0,86,2114,1,2470,54,74,0,1,0,12
MG,40177,3100906,ÁGUAS FORMOSAS,2,2,293,4605,4,5334,108,93,2,3,1,82
MG,40185,3123858,ENTRE FOLHAS,0,1,41,2150,0,2073,56,25,0,1,0,36
MG,40193,3101003,ÁGUAS VERMELHAS,1,0,216,2268,0,4486,69,89,0,0,1,19
MG,40207,3125952,FERVEDOURO,4,0,136,2933,1,3311,70,81,0,2,1,16
MG,40215,3101102,AIMORÉS,1,3,237,7590,2,5379,191,110,3,5,0,61
MG,40223,3126752,FRANCISCÓPOLIS,0,2,71,1109,2,1982,37,36,0,1,0,3
MG,40231,3101201,AIURUOCA,1,2,109,1634,3,1603,71,73,0,9,0,20
MG,40240,3130051,ICARAÍ DE MINAS,0,0,104,1990,0,4311,45,35,0,2,3,24
MG,40258,3101300,ALAGOA,0,0,61,1240,0,573,29,35,1,2,0,24
MG,40266,3131158,IPABA,2,0,380,5081,4,4196,170,101,0,4,0,27
MG,40274,3101409,ALBERTINA,2,0,56,1776,1,748,26,48,0,1,0,16
MG,40282,3135050,JAÍBA,0,2,441,8580,3,10039,208,182,1,5,2,68
MG,40290,3101508,ALÉM PARAÍBA,10,1,466,8346,8,9703,337,418,3,20,1,137
MG,40304,3135076,JAMPRUCA,0,3,36,1014,1,1844,25,21,0,0,1,16
MG,40312,3101607,ALFENAS,6,8,1272,25475,20,15031,838,664,3,38,14,273
MG,40320,3136652,JUATUBA,10,0,752,8452,10,7798,513,377,4,23,4,159
MG,40339,3101706,ALMENARA,3,5,487,6331,0,14005,319,139,1,7,2,52
MG,40347,3137536,LAGOA GRANDE,0,0,187,2808,0,2480,54,143,0,1,0,15
MG,40355,3101805,ALPERCATA,0,0,80,2117,2,2182,63,29,4,3,0,20
MG,40363,3138625,LIMEIRA DO OESTE,0,1,124,2461,0,2371,51,65,0,3,0,6
MG,40371,3101904,ALPINÓPOLIS,0,1,506,6537,2,4443,225,202,2,11,0,72
MG,40380,3138658,LONTRA,0,1,172,1895,0,3842,71,53,0,0,0,7
MG,40398,3102001,ALTEROSA,1,4,287,5080,1,3615,132,133,0,2,1,30
MG,40401,3139250,MAMONAS,1,1,236,1578,0,2990,44,25,0,1,1,13
MG,40410,3102100,ALTO RIO DOCE,0,1,187,2205,1,4069,112,123,1,3,3,22
MG,40428,3140555,MATA VERDE,2,0,97,2357,0,2922,71,93,0,2,0,10
MG,40436,3102209,ALVARENGA,0,0,66,1586,0,1710,56,34,1,0,0,9
MG,40444,3140852,MATIAS CARDOSO,0,0,100,1518,0,3616,42,32,0,0,1,17
MG,40452,3102308,ALVINÓPOLIS,3,2,295,3095,2,5519,113,126,1,5,0,41
MG,40460,3143450,MONTEZUMA,0,1,90,1440,1,2608,47,46,0,4,0,8
MG,40479,3102407,ALVORADA DE MINAS,0,1,107,981,1,1913,23,65,0,2,0,16
MG,40487,3144359,NAQUE,0,2,92,1642,1,2004,33,27,0,0,0,8
MG,40495,3102506,AMPARO DO SERRA,1,0,129,854,0,2298,45,28,0,1,0,4
MG,40509,3145356,NOVO ORIENTE DE MINAS,0,2,131,1750,1,3540,79,51,0,0,0,24
MG,40517,3102605,ANDRADAS,6,5,632,13467,6,6054,426,452,1,19,5,390
MG,40525,3146750,PALMÓPOLIS,0,1,116,1177,0,2651,51,50,0,0,0,9
MG,40533,3102704,CACHOEIRA DE PAJEÚ,0,0,92,1503,0,2984,31,72,0,2,1,9
MG,40541,3149150,PEDRAS DE MARIA DA CRUZ,2,1,93,1322,0,4055,27,32,0,1,0,8
MG,40550,3102803,ANDRELÂNDIA,1,0,227,3036,2,3190,102,119,1,5,1,64
MG,40568,3149952,PERIQUITO,0,2,107,2159,0,2097,37,35,0,1,0,40
MG,40576,3102902,ANTÔNIO CARLOS,2,1,259,2599,0,4036,99,194,0,5,2,51
MG,40584,3152170,PONTO DOS VOLANTES,0,1,179,2053,3,3707,63,60,1,3,0,13
MG,40592,3103009,ANTÔNIO DIAS,0,0,188,2883,1,3172,63,64,0,1,1,33
MG,40606,3154457,RIACHINHO,3,1,236,1703,0,2241,49,122,0,0,1,14
MG,40614,3103108,ANTÔNIO PRADO DE MINAS,1,1,50,661,1,711,35,25,0,1,0,7
MG,40622,3156452,ROSÁRIO DA LIMEIRA,3,0,128,1581,1,2080,65,75,0,1,4,16
MG,40630,3103207,ARAÇAÍ,1,0,68,944,0,998,31,47,1,0,0,13
MG,40649,3157252,SANTA BÁRBARA DO LESTE,0,0,157,2623,0,2273,72,54,1,3,1,22
MG,40657,3103306,ARACITABA,1,2,43,796,0,1061,31,49,0,0,1,3
MG,40665,3159357,SANTA RITA DE MINAS,0,1,97,2256,0,1949,72,41,0,2,0,27
MG,40673,3103405,ARAÇUAÍ,2,4,354,6666,4,11299,256,167,0,9,0,86
MG,40681,3158953,SANTANA DO PARAÍSO,5,5,667,11146,4,6686,391,189,1,10,1,104
MG,40690,3103504,ARAGUARI,19,11,1673,40252,25,20925,1335,2294,5,46,4,395
MG,40703,3162252,SÃO JOÃO DA LAGOA,1,0,164,1059,0,2405,49,68,0,3,0,23
MG,40711,3103603,ARANTINA,0,1,103,751,0,1167,33,33,0,2,0,5
MG,40720,3162559,SÃO JOÃO DO MANHUAÇU,0,0,120,4078,0,3126,69,63,0,0,2,29
MG,40738,3103702,ARAPONGA,0,4,112,1333,0,3282,83,88,0,4,0,8
MG,40746,3162575,SÃO JOÃO DO MANTENINHA,0,2,103,2019,0,1875,49,41,0,4,0,4
MG,40754,3103801,ARAPUÁ,0,0,40,1704,2,703,28,55,1,6,0,9
MG,40762,3162658,SÃO JOÃO DO PACUÍ,0,0,109,674,0,1986,18,32,0,2,0,7
MG,40770,3103900,ARAÚJOS,0,1,262,3338,0,1557,62,60,1,5,0,27
MG,40789,3162955,SÃO JOSÉ DA LAPA,2,5,602,8081,7,5944,383,349,0,12,5,113
MG,40797,3104007,ARAXÁ,16,8,1681,31626,19,21347,1170,1165,0,45,5,2797
MG,40800,3165537,SARZEDO,5,4,976,10834,5,7093,573,424,2,19,7,212
MG,40819,3104106,ARCEBURGO,2,1,170,3193,1,1988,185,90,1,2,4,31
MG,40827,3165560,SEM PEIXE,0,0,71,803,0,1534,30,78,0,2,0,9
MG,40835,3104205,ARCOS,8,2,893,14028,2,8408,527,642,3,16,1,302
MG,40843,3165578,SENADOR AMARAL,0,1,107,2898,1,1372,127,54,1,3,0,25
MG,40851,3104304,AREADO,0,0,325,4959,2,2900,150,189,0,7,1,51
MG,40860,3170057,UBAPORANGA,2,0,164,4333,1,3185,111,73,0,0,1,32
MG,40878,3104403,ARGIRITA,0,0,48,807,0,1434,30,33,0,0,0,8
MG,40886,3170529,URUCUIA,1,0,182,2148,2,3034,43,96,2,0,0,46
MG,40894,3104502,ARINOS,0,1,215,4172,0,5115,158,212,2,1,0,19
MG,40908,3170578,VARGEM ALEGRE,0,2,64,1881,0,1956,40,29,0,1,0,17
MG,40916,3104601,ASTOLFO DUTRA,1,0,209,4028,1,3703,187,119,1,2,0,14
MG,40924,3136579,JOSENÓPOLIS,1,0,53,697,0,1424,19,17,0,0,0,1
MG,40932,3104700,ATALÉIA,0,3,166,2507,0,4475,55,69,0,3,0,39
MG,40940,3136959,JUVENÍLIA,0,2,94,1327,0,2241,31,54,1,1,0,10
MG,40959,3104809,AUGUSTO DE LIMA,1,2,91,1234,0,1501,32,74,0,1,0,11
MG,40967,3138351,LEME DO PRADO,3,1,109,819,0,1899,44,35,0,0,1,15
MG,40975,3104908,BAEPENDI,3,1,413,6905,3,3846,248,251,0,12,0,53
MG,40983,3138674,LUISBURGO,0,0,146,2491,0,1632,63,78,0,2,0,38
MG,40991,3105004,BALDIM,0,2,198,2492,2,2375,63,212,1,5,0,55
MG,41009,3138682,LUISLÂNDIA,0,1,116,911,0,3584,56,33,0,0,1,6
MG,41017,3105103,BAMBUÍ,4,1,445,6202,6,5851,269,395,1,10,0,86
MG,41025,3140159,MÁRIO CAMPOS,2,3,444,4662,5,3583,175,200,2,11,1,67
MG,41033,3105202,BANDEIRA,0,0,79,630,0,2237,19,15,0,0,0,2
MG,41041,3140530,MARTINS SOARES,1,2,149,2812,0,2912,85,58,0,1,0,13
MG,41050,3105301,BANDEIRA DO SUL,1,0,108,2242,0,1359,86,119,0,6,0,23
MG,41068,3142254,MIRAVÂNIA,0,0,101,672,0,1747,29,29,0,1,2,7
MG,41076,3105400,BARÃO DE COCAIS,11,1,934,7794,15,7920,393,419,0,26,8,193
MG,41084,3143153,MONTE FORMOSO,1,1,124,708,1,1968,32,13,0,1,0,8
MG,41092,3105509,BARÃO DE MONTE ALTO,0,0,81,1535,0,2394,24,66,0,1,2,13
MG,41106,3144375,NATALÂNDIA,0,0,90,1154,0,1319,45,45,0,3,0,4
MG,41114,3105608,BARBACENA,30,16,2824,31062,34,35266,1933,1435,7,71,22,623
MG,41122,3144656,NINHEIRA,0,1,245,1904,1,3440,82,106,0,1,2,27
MG,41130,3105707,BARRA LONGA,0,0,106,1145,1,2513,24,55,0,0,1,20
MG,41149,3144672,NOVA BELÉM,1,0,50,1179,0,1258,20,41,0,1,0,9
MG,41157,3169356,TRÊS MARIAS,5,3,567,8632,4,7107,301,381,0,11,0,104
MG,41165,3145059,NOVA PORTEIRINHA,0,1,133,1829,0,2737,58,49,0,1,0,12
MG,41173,3105905,BARROSO,3,1,526,5110,2,6454,216,245,0,9,6,84
MG,41181,3145372,NOVORIZONTE,1,1,87,1436,0,1877,31,33,0,2,0,7
MG,41190,3106002,BELA VISTA DE MINAS,3,1,196,2305,0,3508,93,95,1,7,0,31
MG,41203,3145455,OLHOS D'ÁGUA,0,1,157,1066,0,2554,53,33,0,2,0,10
MG,41211,3106101,BELMIRO BRAGA,1,0,62,876,0,1470,41,32,0,0,1,14
MG,41220,3145851,ORATÓRIOS,0,0,78,824,0,2241,58,45,0,0,0,7
MG,41238,3106200,BELO HORIZONTE,554,315,52809,690960,969,592037,39081,33055,335,2636,273,17464
MG,41246,3145877,ORIZÂNIA,0,0,102,2247,2,2489,48,90,0,1,0,21
MG,41254,3106309,BELO ORIENTE,3,1,397,7209,4,6621,235,96,0,7,2,52
MG,41262,3146255,PADRE CARVALHO,0,0,105,983,0,1940,19,56,1,1,1,6
MG,41270,3106408,BELO VALE,1,0,234,2728,2,3205,90,154,1,4,1,35
MG,41289,3146552,PAI PEDRO,0,1,63,1076,1,2736,41,46,0,2,0,6
MG,41297,3106507,BERILO,0,1,127,1369,0,3957,69,75,0,1,3,28
MG,41300,3147956,PATIS,1,1,99,843,0,2727,34,53,0,2,1,8
MG,41319,3106606,BERTÓPOLIS,0,1,54,912,0,1961,25,15,1,1,0,5
MG,41327,3148756,PEDRA BONITA,0,1,97,2435,0,2172,65,62,1,0,0,16
MG,41335,3106705,BETIM,81,46,9937,113009,90,95603,6754,4036,31,294,68,2026
MG,41343,3150158,PIEDADE DE CARATINGA,2,2,133,3192,0,2231,62,40,0,0,1,23
MG,41351,3106804,BIAS FORTES,1,2,74,817,0,1690,13,48,0,1,0,14
MG,41360,3150539,PINGO D'ÁGUA,0,0,74,1129,2,1670,30,21,0,1,0,28
MG,41378,3106903,BICAS,1,0,277,3887,1,3949,148,132,0,7,2,47
MG,41386,3150570,PINTÓPOLIS,1,0,147,1250,0,2798,37,87,0,2,0,31
MG,41394,3107000,BIQUINHAS,0,0,24,982,0,836,10,50,0,1,0,14
MG,41408,3152131,PONTO CHIQUE,0,0,30,625,1,1871,25,24,0,2,1,4
MG,41416,3107109,BOA ESPERANÇA,6,5,772,12418,6,9021,378,415,1,16,1,76
MG,41424,3154150,REDUTO,0,1,145,2116,1,1916,64,49,0,3,0,21
MG,41432,3107208,BOCAINA DE MINAS,1,0,146,1534,1,1360,57,59,0,4,1,33
MG,41440,3157278,SANTA BÁRBARA DO MONTE VERDE,0,2,83,1083,0,1422,23,44,1,1,0,10
MG,41459,3107307,BOCAIÚVA,3,3,984,8117,8,16819,379,251,2,4,2,108
MG,41467,3157336,SANTA CRUZ DE MINAS,3,1,202,2608,3,1881,102,115,1,14,0,37
MG,41475,3107406,BOM DESPACHO,5,8,913,18173,14,7553,579,863,5,23,3,250
MG,41483,3157377,SANTA CRUZ DE SALINAS,0,1,113,574,1,2175,24,56,1,0,0,10
MG,41491,3107505,BOM JARDIM DE MINAS,4,0,223,2016,1,2288,82,87,0,3,1,22
MG,41505,3157658,SANTA HELENA DE MINAS,0,0,87,1127,2,2539,22,27,0,0,0,14
MG,41513,3107604,BOM JESUS DA PENHA,0,1,142,1661,1,882,34,61,0,1,0,24
MG,41521,3160454,SANTO ANTÔNIO DO RETIRO,1,2,128,1406,0,3076,45,52,0,0,0,29
MG,41530,3107703,BOM JESUS DO AMPARO,0,0,232,1377,1,1900,64,64,0,3,0,32
MG,41548,3160959,SÃO DOMINGOS DAS DORES,0,0,115,2382,2,1929,58,31,0,3,1,38
MG,41556,3107802,BOM JESUS DO GALHO,2,1,185,4199,2,4319,93,76,0,4,0,21
MG,41564,3161056,SÃO FÉLIX DE MINAS,0,1,51,1366,0,1177,26,33,0,2,0,6
MG,41572,3107901,BOM REPOUSO,0,1,263,4238,1,3018,157,97,0,4,0,45
MG,41580,3161650,SÃO GERALDO DO BAIXIO,0,1,46,1155,0,1024,19,40,0,1,0,8
MG,41599,3108008,BOM SUCESSO,0,1,272,4687,3,4823,159,235,3,11,3,101
MG,41602,3162450,SÃO JOÃO DAS MISSÕES,1,5,91,2041,2,4897,21,40,0,1,0,21
MG,41610,3108107,BONFIM,1,1,321,2255,0,2302,132,148,1,2,0,48
MG,41629,3162922,SÃO JOAQUIM DE BICAS,6,4,765,8139,7,8138,453,289,4,11,4,133
MG,41637,3108206,BONFINÓPOLIS DE MINAS,3,0,243,1493,0,1722,33,38,1,0,0,5
MG,41645,3162948,SÃO JOSÉ DA BARRA,0,0,232,2668,0,1951,44,104,0,1,2,26
MG,41653,3108305,BORDA DA MATA,3,2,411,5900,2,3275,193,200,2,6,1,94
MG,41661,3102050,ALTO CAPARAÓ,1,0,74,2512,1,1010,41,40,0,0,0,19
MG,41670,3108404,BOTELHOS,6,0,303,4117,2,4353,157,168,1,6,3,63
MG,41688,3102852,ANGELÂNDIA,1,0,180,2302,0,2069,59,57,0,3,0,21
MG,41696,3108503,BOTUMIRIM,1,2,89,919,1,2656,42,39,0,2,1,9
MG,41700,3104452,ARICANDUVA,1,0,182,1263,1,2016,41,53,0,2,1,4
MG,41718,3108602,BRASÍLIA DE MINAS,6,4,487,5653,5,12141,193,200,0,8,1,100
MG,41726,3106655,BERIZAL,0,0,125,1009,1,1952,44,51,0,6,0,11
MG,41734,3108701,BRÁS PIRES,0,0,112,1243,1,1651,38,47,0,4,0,12
MG,41742,3108255,BONITO DE MINAS,0,0,198,1086,0,4263,82,78,0,2,0,20
MG,41750,3108800,BRAÚNAS,1,0,66,1171,0,1494,30,34,0,1,0,12
MG,41769,3109253,BUGRE,1,0,64,1671,0,1297,44,47,0,4,0,8
MG,41777,3108909,BRAZÓPOLIS,2,2,357,4663,3,3305,174,196,3,14,1,94
MG,41785,3109451,CABECEIRA GRANDE,1,0,80,2234,0,1680,52,202,0,3,0,4
MG,41793,3109006,BRUMADINHO,17,4,1457,12959,4,10586,624,483,6,37,2,116
MG,41807,3111150,CAMPO AZUL,0,0,85,760,0,2083,23,35,0,0,0,5
MG,41815,3109105,BUENO BRANDÃO,0,3,169,4040,0,1663,157,145,1,1,1,90
MG,41823,3112059,CANTAGALO,0,1,94,832,0,1534,27,24,0,2,1,15
MG,41831,3109204,BUENÓPOLIS,0,2,230,1985,1,2762,59,99,1,1,0,28
MG,41840,3115359,CATAS ALTAS,0,1,311,1462,1,1710,112,83,0,17,0,40
MG,41858,3109303,BURITIS,1,2,279,8399,3,5572,176,352,0,8,0,37
MG,41866,3115474,CATUTI,0,0,103,931,2,2294,37,24,0,0,0,8
MG,41874,3109402,BURITIZEIRO,5,1,432,6277,3,6943,172,224,1,13,0,59
MG,41882,3116159,CHAPADA GAÚCHA,1,0,110,2702,1,3762,143,140,0,2,0,4
MG,41890,3109501,CABO VERDE,0,1,205,3393,1,3220,120,132,1,5,0,35
MG,41904,3117836,CÔNEGO MARINHO,1,1,181,786,1,3425,63,45,0,0,0,19
MG,41912,3109600,CACHOEIRA DA PRATA,2,0,134,1267,0,1154,39,65,0,4,0,42
MG,41920,3117876,CONFINS,1,3,241,3021,1,2015,98,106,0,1,1,58
MG,41939,3109709,CACHOEIRA DE MINAS,6,1,271,4410,1,2419,184,203,0,8,1,107
MG,41947,3119955,CÓRREGO FUNDO,1,1,277,2416,0,1182,90,200,0,2,0,17
MG,41955,3109808,CACHOEIRA DOURADA,0,0,95,801,0,989,27,52,0,1,0,3
MG,41963,3120151,CRISÓLITA,0,0,94,1028,0,1927,19,22,0,1,0,23
MG,41971,3109907,CAETANÓPOLIS,2,0,256,3638,3,2479,92,186,0,3,0,69
MG,41980,3120839,CUPARAQUE,0,0,42,1826,0,1028,50,36,0,0,0,11
MG,41998,3110004,CAETÉ,11,5,1676,10061,7,11032,625,658,3,31,7,317
MG,42005,3120870,CURRAL DE DENTRO,1,2,104,1803,0,2728,33,60,0,1,0,35
MG,42013,3110103,CAIANA,0,2,70,1486,1,1635,77,60,1,0,0,11
MG,42021,3121258,DELTA,2,0,162,2400,0,2717,109,72,0,1,0,17
MG,42030,3110202,CAJURI,1,5,84,1102,1,2310,45,71,0,3,0,14
MG,42048,3122470,DOM BOSCO,0,1,76,1656,1,1008,37,53,0,0,0,3
MG,42056,3110301,CALDAS,1,1,239,4607,0,2671,138,187,1,4,0,95
MG,42064,3126950,FREI LAGONEGRO,0,0,153,853,0,1482,30,34,0,2,0,6
MG,42072,3110400,CAMACHO,1,0,53,1096,0,1181,29,20,0,1,0,12
MG,42080,3127073,FRUTA DE LEITE,0,0,152,634,0,2115,31,42,0,1,0,8
MG,42099,3110509,CAMANDUCAIA,2,1,323,7679,5,4556,257,152,0,7,2,134
MG,42102,3127339,GAMELEIRAS,0,0,72,1162,0,2319,21,63,0,2,0,10
MG,42110,3110608,CAMBUÍ,5,0,785,8860,2,5482,377,269,5,8,4,192
MG,42129,3127354,GLAUCILÂNDIA,0,0,69,964,1,2014,30,42,0,0,0,8
MG,42137,3110707,CAMBUQUIRA,2,0,225,3437,2,3008,112,157,1,6,3,43
MG,42145,3127370,GOIABEIRA,0,2,20,1344,0,825,16,33,0,0,1,11
MG,42153,3110806,CAMPANÁRIO,0,1,35,796,0,1392,15,19,0,0,1,11
MG,42161,3127388,GOIANÁ,1,2,139,1479,4,1536,56,59,0,3,1,15
MG,42170,3110905,CAMPANHA,4,1,276,5606,8,2706,143,171,1,9,1,45
MG,42188,3128253,GUARACIAMA,0,0,95,720,0,3123,42,31,0,1,0,7
MG,42196,3111002,CAMPESTRE,1,2,382,7199,1,3891,289,329,0,11,4,119
MG,42200,3129657,IBIRACATU,2,0,58,860,0,2971,26,32,1,0,0,6
MG,42218,3111101,CAMPINA VERDE,1,2,289,5723,0,4202,112,230,0,4,0,40
MG,42226,3130556,IMBÉ DE MINAS,0,0,110,1865,2,2254,50,30,0,1,0,15
MG,42234,3111200,CAMPO BELO,4,5,971,15633,5,9729,473,474,2,13,1,178
MG,42242,3130655,INDAIABIRA,0,0,88,1912,2,2280,36,29,0,0,0,14
MG,42250,3111309,CAMPO DO MEIO,1,1,178,3261,0,3889,132,82,0,0,2,18
MG,42269,3135357,JAPONVAR,2,0,143,1500,0,4222,51,58,0,2,0,3
MG,42277,3111408,CAMPO FLORIDO,1,1,108,2540,1,2096,79,72,1,1,0,10
MG,42285,3135456,JENIPAPO DE MINAS,3,0,148,1036,0,2286,44,38,0,1,1,11
MG,42293,3111507,CAMPOS ALTOS,0,0,196,3890,0,2237,106,133,0,2,0,108
MG,42307,3136520,JOSÉ GONÇALVES DE MINAS,3,1,92,773,2,1579,29,44,0,1,0,16
MG,42315,3111606,CAMPOS GERAIS,3,3,475,7710,5,5690,275,200,2,9,3,116
MG,42323,3136553,JOSÉ RAYDAN,0,1,50,1035,0,1575,35,49,0,2,0,8
MG,42331,3111705,CANAÃ,0,1,117,986,0,2262,50,46,1,1,0,12
MG,42340,3164431,SÃO SEBASTIÃO DA VARGEM ALEGRE,0,1,81,1018,0,1104,47,52,1,0,1,9
MG,42358,3111804,CANÁPOLIS,1,1,146,2596,0,3266,89,149,2,2,1,9
MG,42366,3164472,SÃO SEBASTIÃO DO ANTA,1,1,77,2202,0,1644,65,35,0,1,0,5
MG,42374,3111903,CANA VERDE,0,1,158,1829,1,1695,54,32,5,2,1,17
MG,42382,3166956,SERRANÓPOLIS DE MINAS,0,0,74,971,0,1967,27,34,0,1,0,6
MG,42390,3112000,CANDEIAS,2,3,337,4266,2,3411,105,162,2,5,0,34
MG,42404,3165552,SETUBINHA,1,2,139,1563,2,3959,58,46,1,1,1,9
MG,42412,3112109,CAPARAÓ,0,2,83,2024,1,1219,41,65,0,0,0,26
MG,42420,3168051,TAPARUBA,0,1,62,1243,0,1544,23,22,1,0,0,11
MG,42439,3112208,CAPELA NOVA,2,0,117,1239,0,1935,66,77,0,2,1,28
MG,42447,3170438,UNIÃO DE MINAS,0,0,47,1088,1,1185,20,28,0,1,0,5
MG,42455,3112307,CAPELINHA,5,3,864,10539,1,9706,351,300,0,5,1,92
MG,42463,3170479,URUANA DE MINAS,0,0,83,1338,0,1099,14,76,0,0,0,9
MG,42471,3112406,CAPETINGA,1,1,129,1985,0,1597,67,96,1,1,0,29
MG,42480,3170651,VARGEM GRANDE DO RIO PARDO,0,1,101,1501,0,1399,79,46,0,1,0,9
MG,42498,3112505,CAPIM BRANCO,1,0,230,3379,0,2411,153,192,1,7,0,59
MG,42501,3170750,VARJÃO DE MINAS,0,0,209,2610,0,1998,83,76,0,1,3,13
MG,42510,3112604,CAPINÓPOLIS,3,0,257,4129,5,3898,116,218,0,1,0,14
MG,42528,3171030,VERDELÂNDIA,0,2,116,1414,0,3283,34,25,0,1,0,8
MG,42536,3112703,CAPITÃO ENÉAS,2,4,297,2801,0,5945,95,111,0,3,1,27
MG,42544,3171071,VEREDINHA,0,0,204,1228,0,2210,62,38,0,0,0,23
MG,42552,3112802,CAPITÓLIO,3,1,225,3618,0,1824,136,73,0,6,0,48
MG,42560,3171154,VERMELHO NOVO,0,0,127,1569,0,1851,48,37,0,2,0,23
MG,42579,3112901,CAPUTIRA,0,2,135,2570,2,3284,50,65,0,2,1,20
MG,42587,3169059,TOCOS DO MOJI,1,1,157,1513,0,1430,66,83,0,2,1,38
MG,42595,3113008,CARAÍ,6,2,264,2546,5,6827,145,71,1,3,3,17
MG,42617,3113107,CARANAÍBA,0,0,118,1033,0,1276,30,51,0,2,0,25
MG,42633,3113206,CARANDAÍ,3,5,517,7394,0,7083,331,237,0,6,6,79
MG,42650,3113305,CARANGOLA,1,3,536,7936,3,8137,365,281,2,9,3,79
MG,42676,3113404,CARATINGA,11,5,1242,23415,15,18714,824,457,4,21,7,320
MG,42692,3113503,CARBONITA,0,0,305,2273,1,2789,80,85,0,4,0,21
MG,42714,3113602,CAREAÇU,1,0,104,2281,0,1509,60,52,0,2,1,25
MG,42730,3113701,CARLOS CHAGAS,3,1,242,4165,1,5856,122,135,1,2,0,76
MG,42757,3113800,CARMÉSIA,0,0,92,670,0,1007,23,39,0,1,1,11
MG,42773,3113909,CARMO DA CACHOEIRA,3,0,207,2726,1,3310,68,118,1,0,1,57
MG,42790,3114006,CARMO DA MATA,1,0,251,2917,2,3618,131,180,0,8,1,50
MG,42811,3114105,CARMO DE MINAS,0,1,202,3856,1,2866,117,112,0,2,1,45
MG,42838,3114204,CARMO DO CAJURU,3,4,723,7916,3,5213,328,300,4,8,1,142
MG,42854,3114303,CARMO DO PARANAÍBA,1,4,292,10621,3,4509,244,392,2,5,1,97
MG,42870,3114402,CARMO DO RIO CLARO,2,2,543,6702,2,3987,195,252,0,7,2,79
MG,42897,3114501,CARMÓPOLIS DE MINAS,2,0,380,5807,0,4392,225,271,1,3,2,124
MG,42919,3114600,CARRANCAS,0,0,71,1213,0,1085,40,75,1,0,0,29
MG,42935,3114709,CARVALHÓPOLIS,0,0,79,1425,0,948,52,28,0,0,0,10
MG,42951,3114808,CARVALHOS,1,0,84,1450,0,1343,38,55,1,0,0,8
MG,42978,3114907,CASA GRANDE,1,0,102,1273,1,822,58,77,0,1,0,20
MG,42994,3115003,CASCALHO RICO,0,0,49,1602,0,1035,33,98,0,1,0,5
MG,43010,3115102,CÁSSIA,0,3,371,4684,4,3791,136,214,0,3,1,72
MG,43036,3115201,CONCEIÇÃO DA BARRA DE MINAS,1,2,143,1253,1,1299,27,56,0,2,0,25
MG,43052,3115300,CATAGUASES,6,3,1182,14298,10,20582,818,522,1,16,12,182
MG,43079,3115409,CATAS ALTAS DA NORUEGA,0,2,123,1077,0,1675,42,55,1,1,0,14
MG,43095,3115508,CAXAMBU,6,2,384,5487,3,5437,214,328,1,13,1,73
MG,43117,3115607,CEDRO DO ABAETÉ,1,1,25,529,0,393,13,21,0,0,0,7
MG,43133,3115706,CENTRAL DE MINAS,0,1,53,2186,4,1874,64,46,0,0,0,18
MG,43150,3115805,CENTRALINA,1,0,133,2226,0,3107,75,171,3,1,0,11
MG,43176,3115904,CHÁCARA,0,0,138,1494,0,1532,54,85,0,1,0,22
MG,43192,3116001,CHALÉ,1,1,73,2046,1,1942,44,33,0,0,1,19
MG,43214,3116100,CHAPADA DO NORTE,1,2,156,969,0,4207,52,54,0,2,0,16
MG,43230,3116209,CHIADOR,0,0,77,1217,1,1046,35,76,0,1,1,11
MG,43257,3116308,CIPOTÂNEA,0,1,140,1365,0,1985,69,70,0,2,0,17
MG,43273,3116407,CLARAVAL,0,1,81,2639,0,1004,40,83,1,0,0,52
MG,43290,3116506,CLARO DOS POÇÕES,0,0,234,2229,0,2890,66,63,0,5,1,27
MG,43311,3116605,CLÁUDIO,5,2,586,11132,4,4597,356,368,3,25,5,263
MG,43338,3116704,COIMBRA,0,1,208,1779,1,2754,94,116,0,4,2,23
MG,43354,3116803,COLUNA,1,1,189,1697,1,2468,51,58,0,1,1,12
MG,43370,3116902,COMENDADOR GOMES,0,0,56,1216,0,848,28,32,0,0,0,2
MG,43397,3117009,COMERCINHO,2,0,87,958,2,3327,35,27,0,1,0,10
MG,43419,3117108,CONCEIÇÃO DA APARECIDA,0,0,276,3198,1,2425,95,124,0,5,1,35
MG,43435,3117207,CONCEIÇÃO DAS PEDRAS,0,1,82,1098,1,778,34,49,1,1,0,25
MG,43451,3117306,CONCEIÇÃO DAS ALAGOAS,2,1,329,7158,1,6964,222,160,2,3,0,39
MG,43478,3117405,CONCEIÇÃO DE IPANEMA,1,0,77,1544,0,1669,23,37,0,0,0,5
MG,43494,3117504,CONCEIÇÃO DO MATO DENTRO,8,0,576,4443,1,7457,267,198,3,12,1,75
MG,43516,3117603,CONCEIÇÃO DO PARÁ,0,3,136,2586,0,1147,75,92,0,3,0,37
MG,43532,3117702,CONCEIÇÃO DO RIO VERDE,3,1,214,3035,0,3796,101,120,0,4,0,34
MG,43559,3117801,CONCEIÇÃO DOS OUROS,1,0,267,4313,2,2290,163,84,0,4,3,59
MG,43575,3117900,CONGONHAL,1,2,234,4684,1,2285,138,130,3,2,0,41
MG,43591,3118007,CONGONHAS,17,4,1670,14653,34,14236,822,745,7,38,4,206
MG,43613,3118106,CONGONHAS DO NORTE,0,0,92,792,0,1792,60,51,0,0,0,12
MG,43630,3118205,CONQUISTA,0,1,128,2063,0,1914,53,49,0,0,0,29
MG,43656,3118304,CONSELHEIRO LAFAIETE,28,15,3882,30818,26,34018,2145,1786,16,75,16,631
MG,43672,3118403,CONSELHEIRO PENA,0,2,292,6474,4,4427,149,122,0,4,2,70
MG,43699,3118502,CONSOLAÇÃO,1,0,34,818,0,516,19,20,0,1,0,39
MG,43710,3118601,CONTAGEM,141,64,14664,178639,211,139596,9893,7692,52,505,58,3767
MG,43737,3118700,COQUEIRAL,1,2,168,2888,0,2276,131,140,0,6,0,41
MG,43753,3118809,CORAÇÃO DE JESUS,1,3,444,4008,3,10327,165,186,0,4,1,49
MG,43770,3118908,CORDISBURGO,0,1,157,2310,0,2520,35,121,0,1,0,40
MG,43796,3119005,CORDISLÂNDIA,0,1,51,986,0,1099,17,26,0,0,0,6
MG,43818,3119104,CORINTO,4,0,453,5359,2,6787,183,248,1,5,6,84
MG,43834,3119203,COROACI,2,0,101,2362,0,3029,86,63,0,3,1,21
MG,43850,3119302,COROMANDEL,1,3,459,11001,6,5748,251,493,1,4,3,189
MG,43877,3119401,CORONEL FABRICIANO,24,9,1771,32048,13,21203,1277,632,6,43,2,405
MG,43893,3119500,CORONEL MURTA,1,1,110,1530,2,3450,40,40,0,1,0,9
MG,43915,3119609,CORONEL PACHECO,0,0,74,997,0,1194,37,42,0,1,0,10
MG,43931,3119708,CORONEL XAVIER CHAVES,0,0,88,932,0,1237,54,40,0,3,0,29
MG,43958,3119807,CÓRREGO DANTA,0,1,54,1177,0,965,28,47,1,0,1,19
MG,43974,3119906,CÓRREGO DO BOM JESUS,2,0,121,1774,5,1166,49,46,0,2,0,30
MG,43990,3120003,CÓRREGO NOVO,2,0,59,1063,1,1602,25,15,0,2,0,3
MG,44016,3120102,COUTO DE MAGALHÃES DE MINAS,0,0,97,597,0,1825,47,32,0,0,0,8
MG,44032,3120201,CRISTAIS,2,0,179,3339,2,2463,149,118,0,2,2,21
MG,44059,3120300,CRISTÁLIA,0,1,96,976,0,2363,28,30,0,0,0,6
MG,44075,3120409,CRISTIANO OTONI,1,2,131,1681,1,1415,63,68,0,6,0,22
MG,44091,3120508,CRISTINA,2,1,156,3196,2,2076,125,189,1,5,0,55
MG,44113,3120607,CRUCILÂNDIA,1,3,132,2088,0,1535,91,135,2,2,0,37
MG,44130,3120706,CRUZEIRO DA FORTALEZA,0,1,120,2032,0,1055,56,73,0,2,0,13
MG,44156,3120805,CRUZÍLIA,1,2,408,4007,5,4528,150,139,0,6,1,58
MG,44172,3120904,CURVELO,11,6,1642,20834,17,18959,755,949,2,29,3,403
MG,44199,3121001,DATAS,1,0,99,828,1,2467,35,53,0,0,1,14
MG,44210,3121100,DELFIM MOREIRA,2,1,167,2637,2,1816,70,76,2,1,1,55
MG,44237,3121209,DELFINÓPOLIS,0,0,124,2458,0,1737,61,94,1,1,0,33
MG,44253,3121308,DESCOBERTO,0,0,192,1406,0,1698,44,71,0,0,4,15
MG,44270,3121407,DESTERRO DE ENTRE RIOS,0,1,169,2762,1,1533,56,130,0,5,0,47
MG,44296,3121506,DESTERRO DO MELO,1,1,109,1552,0,1424,64,92,0,2,0,7
MG,44318,3121605,DIAMANTINA,3,11,1065,8152,4,16583,500,435,3,24,0,168
MG,44334,3121704,DIOGO DE VASCONCELOS,0,0,80,709,0,1814,31,32,0,2,0,11
MG,44350,3121803,DIONÍSIO,1,2,108,1809,0,2536,52,50,0,1,1,29
MG,44377,3121902,DIVINÉSIA,1,2,90,1277,1,2293,73,53,0,5,0,24
MG,44393,3122009,DIVINO,2,3,239,4774,1,5863,126,124,1,3,0,38
MG,44415,3122108,DIVINO DAS LARANJEIRAS,0,0,62,1672,1,1477,58,46,3,1,2,20
MG,44431,3122207,DIVINOLÂNDIA DE MINAS,1,3,192,1860,1,2096,65,43,0,0,0,20
MG,44458,3122306,DIVINÓPOLIS,34,21,4568,71478,31,49403,3219,2214,9,130,15,1277
MG,44474,3122405,DIVISA NOVA,3,0,80,1753,1,1712,65,71,0,2,0,21
MG,44490,3122504,DOM CAVATI,0,0,75,1731,0,1380,82,27,0,0,0,18
MG,44512,3122603,DOM JOAQUIM,1,1,126,960,0,1630,25,40,0,0,0,19
MG,44539,3122702,DOM SILVÉRIO,0,3,158,1137,2,1836,21,28,0,0,2,9
MG,44555,3122801,DOM VIÇOSO,1,1,64,1271,0,1010,40,43,0,0,1,10
MG,44571,3122900,DONA EUSÉBIA,0,1,131,2154,1,2184,97,56,0,0,0,8
MG,44598,3123007,DORES DE CAMPOS,5,0,318,3227,4,2540,102,105,0,2,0,36
MG,44610,3123106,DORES DE GUANHÃES,0,1,80,1336,0,1962,35,47,0,1,0,18
MG,44636,3123205,DORES DO INDAIÁ,1,0,190,4269,0,2446,94,177,0,6,1,38
MG,44652,3123304,DORES DO TURVO,1,0,109,1519,2,2123,49,38,0,2,0,25
MG,44679,3123403,DORESÓPOLIS,0,0,42,867,0,514,12,30,0,2,0,7
MG,44695,3123502,DOURADOQUARA,1,0,74,763,0,721,11,43,0,1,0,7
MG,44717,3123601,ELÓI MENDES,4,8,504,8279,6,5123,308,334,0,14,3,108
MG,44733,3123700,ENGENHEIRO CALDAS,3,2,108,2875,0,2560,68,44,1,1,3,10
MG,44750,3123809,ENGENHEIRO NAVARRO,0,1,182,1271,0,2920,33,47,0,3,0,16
MG,44776,3123908,ENTRE RIOS DE MINAS,4,1,560,4146,4,4203,143,265,1,8,1,61
MG,44792,3124005,ERVÁLIA,1,2,397,4244,4,6779,265,239,0,10,1,65
MG,44814,3124104,ESMERALDAS,16,10,1551,17976,14,18840,819,936,4,59,10,410
MG,44830,3124203,ESPERA FELIZ,5,3,423,6308,4,6041,287,157,2,3,0,56
MG,44857,3124302,ESPINOSA,1,3,615,6420,1,10628,201,120,0,4,2,23
MG,44873,3124401,ESPÍRITO SANTO DO DOURADO,2,0,121,2178,0,1645,46,72,0,1,0,19
MG,44890,3124500,ESTIVA,3,2,270,4164,1,2556,149,170,0,3,0,59
MG,44911,3124609,ESTRELA DALVA,0,0,74,761,0,1179,21,24,0,0,0,5
MG,44938,3124708,ESTRELA DO INDAIÁ,0,0,49,986,3,830,26,29,0,0,0,9
MG,44954,3124807,ESTRELA DO SUL,0,0,77,1988,1,2209,63,92,0,1,2,10
MG,44970,3124906,EUGENÓPOLIS,0,2,127,3482,0,2877,112,91,0,1,1,23
MG,44997,3125002,EWBANK DA CÂMARA,0,0,66,1239,1,1967,47,44,0,2,0,4
MG,45012,3125101,EXTREMA,14,6,1311,16484,7,10793,1011,430,0,29,1,426
MG,45039,3125200,FAMA,0,1,55,1328,0,864,45,33,0,4,1,17
MG,45055,3125309,FARIA LEMOS,0,0,66,998,0,1385,36,25,1,0,0,18
MG,45071,3125408,FELÍCIO DOS SANTOS,0,0,153,1015,1,1818,33,30,0,1,0,50
MG,45098,3125507,SÃO GONÇALO DO RIO PRETO,1,1,61,482,0,1416,27,27,0,2,1,18
MG,45110,3125606,FELISBURGO,1,1,120,1180,0,2471,42,37,0,4,0,11
MG,45136,3125705,FELIXLÂNDIA,2,0,328,3634,3,4475,80,204,0,1,1,41
MG,45152,3125804,FERNANDES TOURINHO,0,0,43,980,0,819,25,11,0,0,0,13
MG,45179,3125903,FERROS,0,0,146,1866,0,3407,80,74,0,1,0,34
MG,45195,3126000,FLORESTAL,5,1,241,2412,0,2127,122,182,2,7,2,78
MG,45217,3126109,FORMIGA,7,10,1463,22936,14,12491,1069,1368,6,30,4,389
MG,45233,3126208,FORMOSO,0,1,122,2064,1,2304,35,144,0,0,0,3
MG,45250,3126307,FORTALEZA DE MINAS,0,1,101,1177,1,835,30,73,0,1,0,8
MG,45276,3126406,FORTUNA DE MINAS,0,0,106,978,0,1188,27,56,0,0,0,31
MG,45292,3126505,FRANCISCO BADARÓ,0,2,123,1383,2,2670,67,71,0,1,1,17
MG,45314,3126604,FRANCISCO DUMONT,1,0,121,1230,0,1763,15,40,0,1,0,6
MG,45330,3126703,FRANCISCO SÁ,2,4,415,4027,2,9160,150,137,1,3,2,54
MG,45357,3126802,FREI GASPAR,0,2,73,1525,1,2408,50,45,0,1,0,12
MG,45373,3126901,FREI INOCÊNCIO,0,1,98,2200,1,2670,60,53,2,7,0,21
MG,45390,3127008,FRONTEIRA,2,0,167,3750,0,3656,103,90,1,3,2,26
MG,45411,3127107,FRUTAL,3,2,770,17384,2,10858,486,526,3,16,2,120
MG,45438,3127206,FUNILÂNDIA,1,1,165,2088,1,1513,56,105,2,3,1,49
MG,45454,3127305,GALILÉIA,0,1,68,1839,0,1734,38,47,0,0,2,19
MG,45470,3127404,GONÇALVES,3,0,108,1747,1,895,47,94,0,5,0,25
MG,45497,3127503,GONZAGA,1,1,77,1243,0,1557,38,62,0,1,1,15
MG,45519,3127602,GOUVEIA,0,3,240,2437,2,4310,119,113,0,10,1,37
MG,45535,3127701,GOVERNADOR VALADARES,50,20,3108,84782,44,48763,2895,1458,15,88,13,1047
MG,45551,3127800,GRÃO MOGOL,1,3,169,2254,4,5198,72,80,0,2,0,22
MG,45578,3127909,GRUPIARA,0,0,42,734,0,542,15,36,0,1,0,5
MG,45594,3128006,GUANHÃES,1,4,688,7012,4,7571,251,223,3,19,0,128
MG,45616,3128105,GUAPÉ,1,1,329,4621,3,2327,104,185,0,0,0,108
MG,45632,3128204,GUARACIABA,0,4,226,1687,3,3539,74,148,1,1,0,24
MG,45659,3128303,GUARANÉSIA,0,4,407,4435,3,5442,177,220,2,3,1,67
MG,45675,3128402,GUARANI,5,3,148,1718,2,2893,74,75,1,2,2,20
MG,45691,3128501,GUARARÁ,0,1,98,1248,1,1305,53,49,0,1,1,11
MG,45713,3128600,GUARDA-MOR,1,0,81,2672,2,1580,30,137,1,2,0,19
MG,45730,3128709,GUAXUPÉ,15,4,879,13687,7,11785,557,562,5,13,3,331
MG,45756,3128808,GUIDOVAL,1,2,122,2197,1,2751,68,81,0,0,0,15
MG,45772,3128907,GUIMARÂNIA,1,0,241,2958,0,1691,64,119,0,2,1,18
MG,45799,3129004,GUIRICEMA,0,3,175,2237,4,3005,84,104,0,3,1,29
MG,45810,3129103,GURINHATÃ,1,0,85,1991,1,1402,35,110,0,4,0,12
MG,45837,3129202,HELIODORA,1,1,348,1836,3,1758,53,64,0,3,1,16
MG,45853,3129301,IAPU,3,1,114,3122,2,2541,99,70,0,2,0,15
MG,45870,3129400,IBERTIOGA,0,0,112,1206,0,2191,57,79,0,0,3,16
MG,45896,3129509,IBIÁ,2,1,301,6563,3,4647,168,247,2,5,1,90
MG,45918,3129608,IBIAÍ,1,2,109,1192,1,3120,40,63,0,0,0,7
MG,45934,3129707,IBIRACI,2,1,141,3930,0,2573,108,122,0,1,1,58
MG,45950,3129806,IBIRITÉ,49,28,4452,43183,46,39349,2557,1845,13,124,28,850
MG,45977,3129905,IBITIÚRA DE MINAS,1,2,56,1941,0,620,34,43,0,2,0,24
MG,45993,3130002,IBITURUNA,0,0,53,984,1,828,21,38,0,0,0,2
MG,46019,3130101,IGARAPÉ,7,4,1383,12689,9,9974,644,474,3,24,2,282
MG,46035,3130200,IGARATINGA,2,1,271,3735,0,2111,89,89,0,3,0,28
MG,46051,3130309,IGUATAMA,0,0,115,2098,1,2058,66,68,0,3,1,28
MG,46078,3130408,IJACI,0,0,138,2122,2,1877,87,93,1,7,0,34
MG,46094,3130507,ILICÍNEA,2,0,212,3635,1,3237,75,110,0,0,0,30
MG,46116,3130606,INCONFIDENTES,0,1,145,2711,1,1802,84,78,0,2,1,28
MG,46132,3130705,INDIANÓPOLIS,2,0,123,1855,0,1785,70,78,0,2,1,14
MG,46159,3130804,INGAÍ,1,1,48,991,1,1043,33,49,0,2,0,14
MG,46175,3130903,INHAPIM,3,2,278,7661,1,5930,189,150,0,3,1,48
MG,46191,3131000,INHAÚMA,2,1,142,2145,1,1771,60,102,0,1,0,31
MG,46213,3131109,INIMUTABA,3,1,156,1966,1,2195,62,132,0,1,2,32
MG,46230,3131208,IPANEMA,0,3,285,5573,2,4884,118,119,2,6,0,42
MG,46256,3131307,IPATINGA,49,15,4043,78548,53,40448,2818,1363,23,101,13,1063
MG,46272,3131406,IPIAÇU,0,2,65,1205,0,1331,27,50,0,0,0,6
MG,46299,3131505,IPUIÚNA,2,0,144,3447,1,1994,119,130,1,2,0,36
MG,46310,3131604,IRAÍ DE MINAS,0,0,154,3134,0,1801,52,85,2,1,0,12
MG,46337,3131703,ITABIRA,39,16,2944,29588,26,30883,1594,1483,14,92,16,768
MG,46353,3131802,ITABIRINHA,0,2,108,3363,0,3105,101,83,0,3,0,21
MG,46370,3131901,ITABIRITO,19,13,1806,14845,9,13370,950,1028,3,77,8,450
MG,46396,3132008,ITACAMBIRA,1,0,89,796,0,2521,28,43,0,1,0,15
MG,46418,3132107,ITACARAMBI,0,2,234,2908,1,6033,111,82,0,4,1,16
MG,46434,3132206,ITAGUARA,1,1,449,4135,2,3019,155,259,0,6,2,113
MG,46450,3132305,ITAIPÉ,1,2,212,2249,0,3520,106,55,0,5,1,26
MG,46477,3132404,ITAJUBÁ,17,6,1644,31458,24,15948,1361,829,12,66,7,574
MG,46493,3132503,ITAMARANDIBA,3,4,1570,7751,5,8824,341,197,3,3,1,56
MG,46515,3132602,ITAMARATI DE MINAS,2,1,102,1142,0,1568,32,61,0,2,0,10
MG,46531,3132701,ITAMBACURI,0,4,275,4019,3,7168,185,94,0,5,5,32
MG,46558,3132800,ITAMBÉ DO MATO DENTRO,3,2,52,648,0,1165,15,59,0,2,0,8
MG,46574,3132909,ITAMOGI,0,1,189,3466,1,2530,128,104,0,2,0,31
MG,46590,3133006,ITAMONTE,2,1,329,5436,3,2935,164,167,0,6,1,35
MG,46612,3133105,ITANHANDU,2,5,430,4961,3,3542,249,239,0,9,0,51
MG,46639,3133204,ITANHOMI,0,0,197,3026,0,3242,76,79,1,3,0,10
MG,46655,3133303,ITAOBIM,1,5,242,4668,1,6035,147,84,1,2,1,30
MG,46671,3133402,ITAPAGIPE,1,1,345,4280,0,2767,101,139,1,1,0,24
MG,46698,3133501,ITAPECERICA,3,5,449,6604,3,5723,238,277,3,11,2,96
MG,46710,3133600,ITAPEVA,1,2,151,4198,2,1977,153,76,0,18,1,31
MG,46736,3133709,ITATIAIUÇU,3,3,326,5524,1,2773,154,169,0,9,1,99
MG,46752,3133808,ITAÚNA,12,10,1892,33311,16,14521,1229,1110,7,78,7,651
MG,46779,3133907,ITAVERAVA,0,0,152,1811,0,2277,79,80,1,1,0,22
MG,46795,3134004,ITINGA,0,0,86,1991,1,5602,68,64,0,4,0,13
MG,46817,3134103,ITUETA,2,2,41,2381,0,1301,41,34,0,3,0,19
MG,46833,3134202,ITUIUTABA,11,8,1939,25059,14,25289,1085,1587,5,27,7,237
MG,46850,3134301,ITUMIRIM,2,1,158,1989,2,1967,96,114,1,2,3,40
MG,46876,3134400,ITURAMA,1,1,520,10613,0,9402,342,322,0,9,1,83
MG,46892,3134509,ITUTINGA,1,2,64,1198,0,1254,50,60,0,4,0,14
MG,46914,3134608,JABOTICATUBAS,5,4,589,5355,3,5241,169,295,0,7,2,122
MG,46930,3134707,JACINTO,2,0,96,2016,0,3705,75,36,0,1,0,9
MG,46957,3134806,JACUÍ,2,0,155,3065,2,1091,97,132,0,2,0,50
MG,46973,3134905,JACUTINGA,0,0,328,10033,4,3173,294,221,1,6,2,102
MG,46990,3135001,JAGUARAÇU,0,0,56,1311,1,1053,26,14,0,4,0,9
MG,47015,3135100,JANAÚBA,14,10,1259,18164,5,20155,586,490,0,27,0,163
MG,47031,3135209,JANUÁRIA,3,4,694,8458,5,24776,504,500,3,16,1,107
MG,47058,3135308,JAPARAÍBA,0,1,128,1590,0,1018,59,110,0,1,1,29
MG,47074,3135407,JECEABA,0,0,264,1883,0,2061,132,121,1,1,0,28
MG,47090,3135506,JEQUERI,0,2,192,2287,1,4313,77,106,1,2,0,22
MG,47112,3135605,JEQUITAÍ,1,1,126,1303,1,2667,37,38,0,1,1,14
MG,47139,3135704,JEQUITIBÁ,2,0,177,2148,0,1916,52,123,1,6,0,77
MG,47155,3135803,JEQUITINHONHA,1,3,217,2866,3,8358,115,104,0,2,0,31
MG,47171,3135902,JESUÂNIA,1,0,139,1705,2,1242,41,100,0,1,0,28
MG,47198,3136009,JOAÍMA,0,2,155,1834,2,5021,65,49,0,1,0,10
MG,47210,3136108,JOANÉSIA,0,1,86,1544,1,1694,32,53,0,0,2,16
MG,47236,3136207,JOÃO MONLEVADE,12,11,1551,21256,16,19003,978,830,5,59,6,463
MG,47252,3136306,JOÃO PINHEIRO,9,2,789,15663,7,10009,374,494,2,13,4,135
MG,47279,3136405,JOAQUIM FELÍCIO,0,1,62,1069,0,1225,30,34,0,1,3,14
MG,47295,3136504,JORDÂNIA,2,3,115,1962,0,2913,62,54,0,3,1,10
MG,47317,3136603,NOVA UNIÃO,2,1,258,1723,1,1914,60,101,0,1,1,29
MG,47333,3136702,JUIZ DE FORA,106,93,10517,126964,226,151552,7846,5276,59,434,87,2530
MG,47350,3136801,JURAMENTO,1,0,67,1202,1,2177,34,41,0,1,0,9
MG,47376,3136900,JURUAIA,1,1,310,4476,1,2072,132,161,0,8,0,51
MG,47392,3137007,LADAINHA,5,4,167,2209,1,4853,73,44,3,4,1,39
MG,47414,3137106,LAGAMAR,1,1,127,2754,0,1766,40,98,0,0,0,19
MG,47430,3137205,LAGOA DA PRATA,5,6,805,16332,5,8554,629,364,1,22,5,392
MG,47457,3137304,LAGOA DOS PATOS,0,1,82,1028,0,1412,26,45,0,1,0,6
MG,47473,3137403,LAGOA DOURADA,0,2,248,4044,0,3223,362,135,3,7,2,41
MG,47490,3137502,LAGOA FORMOSA,5,1,305,7159,6,4301,208,352,0,10,0,57
MG,47511,3137601,LAGOA SANTA,25,10,1558,23793,13,13679,1038,875,3,34,7,493
MG,47538,3137700,LAJINHA,1,3,232,6740,1,5181,149,119,1,4,0,51
MG,47554,3137809,LAMBARI,4,3,429,7328,3,4210,234,234,4,6,3,60
MG,47570,3137908,LAMIM,0,1,82,770,0,1569,85,61,0,0,1,8
MG,47597,3138005,LARANJAL,0,0,86,2286,0,1997,64,52,0,1,1,7
MG,47619,3138104,LASSANCE,0,0,225,1542,0,2284,38,53,0,2,0,23
MG,47635,3138203,LAVRAS,23,19,1920,26718,19,21474,1342,1150,6,69,9,527
MG,47651,3138302,LEANDRO FERREIRA,0,0,71,1462,1,845,37,43,0,0,0,13
MG,47678,3138401,LEOPOLDINA,6,6,907,11528,9,15286,643,498,4,22,4,135
MG,47694,3138500,LIBERDADE,0,2,92,1312,2,1726,40,73,1,5,0,12
MG,47716,3138609,LIMA DUARTE,1,2,349,3278,6,6206,212,183,0,5,2,62
MG,47732,3138708,LUMINÁRIAS,2,0,94,1470,2,1621,74,73,1,2,0,27
MG,47759,3138807,LUZ,1,0,329,5713,1,3641,149,181,0,6,2,92
MG,47775,3138906,MACHACALIS,0,0,109,1629,1,2419,76,41,1,2,1,13
MG,47791,3139003,MACHADO,4,3,665,13011,4,7234,390,288,0,11,2,151
MG,47813,3139102,MADRE DE DEUS DE MINAS,1,0,130,1458,0,1676,31,69,0,3,1,28
MG,47830,3139201,MALACACHETA,2,2,263,3776,1,5763,100,94,1,1,3,26
MG,47856,3139300,MANGA,1,3,185,3883,2,6711,94,72,2,2,0,44
MG,47872,3139409,MANHUAÇU,8,7,1170,25075,9,17692,827,571,6,24,2,297
MG,47899,3139508,MANHUMIRIM,1,2,314,5762,4,5574,167,152,2,8,1,80
MG,47910,3139607,MANTENA,5,2,272,8400,3,5172,231,171,3,3,2,52
MG,47937,3139706,MARAVILHAS,0,1,244,2874,0,1616,83,122,1,2,2,35
MG,47953,3139805,MAR DE ESPANHA,0,3,235,3980,1,3419,146,171,1,5,3,28
MG,47970,3139904,MARIA DA FÉ,5,2,293,5267,2,3222,180,173,1,1,0,99
MG,47996,3140001,MARIANA,23,15,1878,11762,25,21541,869,571,5,47,6,264
MG,48011,3140100,MARILAC,0,2,83,1303,0,1798,71,32,0,1,0,14
MG,48038,3140209,MARIPÁ DE MINAS,2,0,98,1163,1,1026,27,29,0,1,0,18
MG,48054,3140308,MARLIÉRIA,0,1,91,1591,2,1556,40,52,0,0,0,18
MG,48070,3140407,MARMELÓPOLIS,0,0,82,1090,0,989,33,64,0,0,0,18
MG,48097,3140506,MARTINHO CAMPOS,1,0,296,5071,0,2379,122,145,2,5,2,59
MG,48119,3140605,MATERLÂNDIA,1,1,64,635,0,1867,43,31,0,0,1,17
MG,48135,3140704,MATEUS LEME,8,8,970,10122,7,7717,486,571,1,19,7,227
MG,48151,3140803,MATIAS BARBOSA,2,1,281,3810,4,4471,202,119,0,7,2,61
MG,48178,3140902,MATIPÓ,0,1,214,5263,2,5578,127,82,1,4,1,28
MG,48194,3141009,MATO VERDE,0,1,198,3103,2,5025,101,42,0,0,0,25
MG,48216,3141108,MATOZINHOS,14,2,1040,10341,10,9068,529,612,3,25,3,219
MG,48232,3141207,MATUTINA,1,0,59,1440,2,848,20,78,0,1,0,15
MG,48259,3141306,MEDEIROS,1,2,68,1454,0,852,32,25,0,2,1,22
MG,48275,3141405,MEDINA,1,4,232,3738,1,7026,110,67,0,3,0,24
MG,48291,3141504,MENDES PIMENTEL,0,2,90,1597,1,1727,34,39,0,1,0,23
MG,48313,3141603,MERCÊS,0,0,263,2148,1,3396,122,95,0,2,1,29
MG,48330,3141702,MESQUITA,0,1,106,1643,0,1678,34,38,1,1,0,18
MG,48356,3141801,MINAS NOVAS,3,4,309,3576,2,9519,138,92,0,1,0,37
MG,48372,3141900,MINDURI,0,0,76,1107,0,1115,23,25,0,0,0,12
MG,48399,3142007,MIRABELA,2,1,350,2521,5,5330,88,63,0,1,2,22
MG,48410,3142106,MIRADOURO,0,3,125,2649,0,3113,64,88,0,2,3,26
MG,48437,3142205,MIRAÍ,0,1,236,4092,1,3298,119,124,2,3,2,22
MG,48453,3142304,MOEDA,0,0,190,1943,2,1734,78,88,0,0,0,43
MG,48470,3142403,MOEMA,0,1,176,2900,2,1844,76,158,1,2,0,36
MG,48496,3142502,MONJOLOS,1,0,43,601,0,908,12,35,0,0,0,6
MG,48518,3142601,MONSENHOR PAULO,3,0,120,2609,0,2146,65,67,0,3,0,23
MG,48534,3142700,MONTALVÂNIA,0,0,225,2836,0,5627,69,104,0,3,2,27
MG,48550,3142809,MONTE ALEGRE DE MINAS,1,2,190,5288,2,4677,119,343,0,3,1,52
MG,48577,3142908,MONTE AZUL,3,2,303,5113,2,7858,168,101,0,1,1,43
MG,48593,3143005,MONTE BELO,0,1,221,4180,4,3272,141,165,0,7,0,49
MG,48615,3143104,MONTE CARMELO,2,4,728,13186,12,11046,404,748,2,11,9,158
MG,48631,3143203,MONTE SANTO DE MINAS,4,1,389,6241,2,4199,175,237,2,8,1,112
MG,48658,3143302,MONTES CLAROS,52,41,8142,108875,67,94112,4267,3477,25,186,21,1809
MG,48674,3143401,MONTE SIÃO,1,5,295,10553,2,2794,227,183,2,3,3,67
MG,48690,3143500,MORADA NOVA DE MINAS,1,0,116,3104,0,2002,47,68,0,3,1,35
MG,48712,3143609,MORRO DA GARÇA,0,0,63,668,0,1302,14,53,0,0,0,16
MG,48739,3143708,MORRO DO PILAR,1,1,167,906,0,1435,15,50,0,3,0,5
MG,48755,3143807,MUNHOZ,1,0,85,2654,1,1587,61,89,0,2,0,14
MG,48771,3143906,MURIAÉ,21,5,1392,30669,16,25203,1134,939,11,38,12,372
MG,48798,3144003,MUTUM,3,2,327,8657,2,6442,205,209,0,3,0,36
MG,48810,3144102,MUZAMBINHO,1,2,336,7138,4,5075,252,262,1,7,0,76
MG,48836,3144201,NACIP RAYDAN,0,0,50,627,0,1046,26,25,1,1,0,7
MG,48852,3144300,NANUQUE,2,5,343,9501,3,9175,236,186,0,6,0,118
MG,48879,3144409,NATÉRCIA,0,3,132,1700,3,990,62,96,1,0,0,38
MG,48895,3144508,NAZARENO,2,1,179,1963,3,2558,60,124,1,1,0,27
MG,48917,3144607,NEPOMUCENO,5,4,568,7270,2,5909,265,384,2,10,3,84
MG,48933,3144706,NOVA ERA,3,3,386,3947,2,5702,176,165,1,10,3,115
MG,48950,3144805,NOVA LIMA,34,12,2666,27750,33,25643,1666,1517,10,90,5,801
MG,48976,3144904,NOVA MÓDICA,0,1,59,1042,0,1411,31,31,0,1,1,17
MG,48992,3145000,NOVA PONTE,3,2,187,5375,1,3684,181,177,0,2,0,30
MG,49018,3145109,NOVA RESENDE,3,4,367,6135,0,3293,170,160,0,1,1,54
MG,49034,3145208,NOVA SERRANA,5,9,1676,38660,7,11437,1155,520,3,32,5,307
MG,49050,3145307,NOVO CRUZEIRO,1,2,239,4310,1,9854,146,148,0,2,1,26
MG,49077,3145406,OLARIA,0,0,95,624,0,929,23,22,0,0,0,20
MG,49093,3145505,OLÍMPIO NORONHA,0,1,45,881,1,964,55,53,0,3,2,24
MG,49115,3145604,OLIVEIRA,4,3,822,11980,6,10180,492,583,6,26,5,271
MG,49131,3145703,OLIVEIRA FORTES,2,0,52,654,0,1239,42,43,0,1,0,2
MG,49158,3145802,ONÇA DE PITANGUI,0,0,107,1551,0,828,25,78,0,2,0,10
MG,49174,3145901,OURO BRANCO,9,0,1043,10891,3,10187,619,461,1,28,1,241
MG,49190,3146008,OURO FINO,7,2,632,11490,4,4826,355,360,1,18,0,211
MG,49212,3146107,OURO PRETO,19,11,1866,14272,15,28812,971,871,9,69,6,369
MG,49239,3146206,OURO VERDE DE MINAS,1,1,59,2123,3,2709,49,74,0,1,0,9
MG,49255,3146305,PADRE PARAÍSO,1,0,231,3819,3,4904,128,66,0,5,0,28
MG,49271,3146404,PAINEIRAS,0,0,105,1290,1,1474,57,47,0,1,0,20
MG,49298,3146503,PAINS,0,0,192,3007,0,1761,77,112,0,1,0,33
MG,49310,3146602,PAIVA,1,0,84,506,0,778,27,21,0,0,0,2
MG,49336,3146701,PALMA,0,0,67,1485,0,2176,55,67,0,2,0,6
MG,49352,3127057,FRONTEIRA DOS VALES,0,2,96,711,1,2145,46,26,0,1,0,11
MG,49379,3146909,PAPAGAIOS,5,0,383,4919,0,3626,138,118,0,5,0,49
MG,49395,3147006,PARACATU,11,4,1396,30159,9,16165,755,1214,2,33,5,383
MG,49417,3147105,PARÁ DE MINAS,16,3,2243,31055,7,13618,976,1226,3,52,9,725
MG,49433,3147204,PARAGUAÇU,3,2,382,6695,1,4694,192,210,0,8,2,139
MG,49450,3147303,PARAISÓPOLIS,4,2,462,6542,7,4167,309,286,2,17,3,119
MG,49476,3147402,PARAOPEBA,4,1,554,7978,3,5915,226,348,2,13,2,105
MG,49492,3147501,PASSABÉM,0,0,46,543,0,734,18,33,0,0,0,12
MG,49514,3147600,PASSA QUATRO,4,4,364,4713,1,4297,229,232,2,13,1,32
MG,49530,3147709,PASSA TEMPO,2,1,236,2392,1,2470,97,127,2,3,0,51
MG,49557,3147808,PASSA VINTE,0,0,48,925,1,849,76,40,0,2,0,4
MG,49573,3147907,PASSOS,12,9,2395,30548,12,23112,1391,1448,5,50,11,486
MG,49590,3148004,PATOS DE MINAS,25,7,2597,54527,39,24655,1901,2229,15,60,9,552
MG,49611,3148103,PATROCÍNIO,8,6,1827,31008,6,15427,902,1161,5,30,6,300
MG,49638,3148202,PATROCÍNIO DO MURIAÉ,0,0,98,1810,0,1985,52,58,0,1,1,18
MG,49654,3148301,PAULA CÂNDIDO,4,0,146,1630,2,3669,100,104,0,3,1,64
MG,49670,3148400,PAULISTAS,1,1,64,636,0,1891,34,38,0,0,0,3
MG,49697,3148509,PAVÃO,0,0,39,1468,1,2570,35,18,0,1,0,16
MG,49719,3148608,PEÇANHA,0,3,303,3062,1,4466,105,150,0,1,0,55
MG,49735,3148707,PEDRA AZUL,0,2,256,4639,0,6480,125,118,5,6,3,76
MG,49751,3148806,PEDRA DO ANTA,0,1,75,815,0,1669,25,40,0,1,0,2
MG,49778,3148905,PEDRA DO INDAIÁ,1,1,124,1741,0,965,29,70,0,1,0,22
MG,49794,3149002,PEDRA DOURADA,0,0,59,878,0,1097,24,39,1,1,0,1
MG,49816,3149101,PEDRALVA,1,0,215,3793,1,2509,106,122,1,2,2,47
MG,49832,3149200,PEDRINÓPOLIS,0,1,88,1419,0,964,44,46,0,2,1,15
MG,49859,3149309,PEDRO LEOPOLDO,10,7,1748,18757,10,13992,773,992,5,54,6,412
MG,49875,3149408,PEDRO TEIXEIRA,0,0,85,578,0,1251,36,27,1,1,0,17
MG,49891,3149507,PEQUERI,0,0,91,1080,0,1292,32,43,0,4,0,10
MG,49913,3149606,PEQUI,0,0,241,1604,3,1253,31,51,0,1,0,30
MG,49930,3149705,PERDIGÃO,1,1,278,4724,2,1398,124,71,0,0,0,61
MG,49956,3149804,PERDIZES,2,4,224,6184,0,3221,179,217,3,5,3,119
MG,49972,3149903,PERDÕES,3,4,525,6915,2,4660,259,270,0,6,3,80
MG,49999,3150000,PESCADOR,0,1,56,816,0,1415,20,19,2,1,0,8
MG,50016,3150109,PIAU,1,0,80,948,1,1399,48,41,0,0,0,13
MG,50032,3150208,PIEDADE DE PONTE NOVA,1,1,67,852,0,1749,41,39,0,1,0,6
MG,50059,3150307,PIEDADE DO RIO GRANDE,1,0,136,1208,0,1409,37,88,0,2,0,23
MG,50075,3150406,PIEDADE DOS GERAIS,0,3,189,1853,1,1448,56,73,0,1,1,26
MG,50091,3150505,PIMENTA,0,2,163,3252,2,1778,55,106,0,1,0,30
MG,50113,3150604,PIRACEMA,1,1,251,2063,2,2155,75,142,1,5,0,40
MG,50130,3150703,PIRAJUBA,0,0,102,1856,0,1522,41,35,0,0,2,5
MG,50156,3150802,PIRANGA,3,7,390,3026,4,4932,187,134,2,4,0,60
MG,50172,3150901,PIRANGUÇU,4,3,148,2074,0,1254,69,56,0,5,0,20
MG,50199,3151008,PIRANGUINHO,2,1,185,2982,0,2130,136,108,1,2,0,61
MG,50210,3151107,PIRAPETINGA,3,0,129,3304,1,3539,107,121,0,4,1,29
MG,50237,3151206,PIRAPORA,5,4,1008,15504,13,11637,495,554,3,24,0,148
MG,50253,3151305,PIRAÚBA,1,2,239,3064,1,3680,131,88,0,1,1,22
MG,50270,3151404,PITANGUI,6,2,541,10412,4,4660,278,324,1,3,2,179
MG,50296,3151503,PIUMHI,0,2,459,11798,3,5561,333,337,0,24,2,145
MG,50318,3151602,PLANURA,1,0,141,3121,1,2628,96,63,0,1,0,19
MG,50334,3151701,POÇO FUNDO,0,1,327,5067,0,3873,169,162,1,6,3,61
MG,50350,3151800,POÇOS DE CALDAS,27,25,2982,45922,38,31033,2422,1743,8,122,16,1400
MG,50377,3151909,POCRANE,0,1,63,2601,0,2621,49,48,0,1,0,15
MG,50393,3152006,POMPÉU,5,2,621,7984,3,7718,259,301,3,9,2,126
MG,50415,3152105,PONTE NOVA,12,8,1135,10611,8,19696,658,533,4,30,5,251
MG,50431,3152204,PORTEIRINHA,4,2,534,8563,4,13656,259,253,0,7,0,49
MG,50458,3152303,PORTO FIRME,1,2,203,2261,5,3598,77,81,0,2,0,32
MG,50474,3152402,POTÉ,6,3,155,3526,3,4420,88,86,0,3,0,32
MG,50490,3152501,POUSO ALEGRE,33,18,2910,46748,25,28345,2272,1459,13,86,9,962
MG,50512,3152600,POUSO ALTO,3,0,114,2337,0,1620,60,111,1,0,2,11
MG,50539,3152709,PRADOS,0,2,228,2223,0,2913,141,106,1,3,2,29
MG,50555,3152808,PRATA,1,2,1116,7964,4,6185,177,240,1,4,2,63
MG,50571,3152907,PRATÁPOLIS,0,0,171,2807,1,2133,87,152,0,2,0,20
MG,50598,3153004,PRATINHA,1,0,94,1569,0,690,22,52,0,0,0,48
MG,50610,3153103,PRESIDENTE BERNARDES,0,1,122,1243,3,2318,49,60,1,2,0,19
MG,50636,3153202,PRESIDENTE JUSCELINO,0,1,78,959,0,1485,14,54,0,7,1,11
MG,50652,3153301,PRESIDENTE KUBITSCHEK,0,0,120,401,0,1671,38,24,0,0,0,7
MG,50679,3153400,PRESIDENTE OLEGÁRIO,5,2,360,6239,1,4356,230,324,2,8,0,51
MG,50695,3153509,ALTO JEQUITIBÁ,0,0,110,3473,2,1767,87,43,0,4,0,35
MG,50717,3153608,PRUDENTE DE MORAIS,0,2,227,3238,3,2611,111,128,3,5,2,64
MG,50733,3153707,QUARTEL GERAL,1,0,65,1283,0,1286,31,70,0,1,0,14
MG,50750,3153806,QUELUZITO,0,0,108,935,1,985,37,63,0,1,0,23
MG,50776,3153905,RAPOSOS,7,7,590,3629,6,5196,291,322,4,13,0,99
MG,50792,3154002,RAUL SOARES,3,1,327,5220,1,6994,234,201,0,5,0,48
MG,50814,3154101,RECREIO,2,2,132,2129,1,3204,72,51,0,2,1,13
MG,50830,3154200,RESENDE COSTA,4,2,361,3368,3,3132,152,224,0,2,1,60
MG,50857,3154309,RESPLENDOR,1,0,144,5450,0,2968,98,87,1,2,0,42
MG,50873,3154408,RESSAQUINHA,0,1,148,1258,2,1893,77,111,0,3,0,54
MG,50890,3154507,RIACHO DOS MACHADOS,1,1,169,1835,0,3358,66,79,0,5,1,23
MG,50911,3154606,RIBEIRÃO DAS NEVES,66,40,6600,75218,67,71008,4072,3112,14,208,24,1221
MG,50938,3154705,RIBEIRÃO VERMELHO,0,0,81,1080,0,1330,63,42,1,5,0,17
MG,50954,3154804,RIO ACIMA,1,3,338,2825,4,2964,114,187,0,5,1,59
MG,50970,3154903,RIO CASCA,2,2,229,2429,1,4258,150,114,5,0,0,22
MG,50997,3155009,RIO DOCE,0,0,43,628,0,1224,28,25,0,0,0,8
MG,51012,3155108,RIO DO PRADO,0,1,49,781,1,2098,28,17,0,2,0,9
MG,51039,3155207,RIO ESPERA,0,2,140,1517,1,2022,106,77,1,1,0,16
MG,51055,3155306,RIO MANSO,0,0,223,1654,1,1672,65,119,1,1,0,28
MG,51071,3155405,RIO NOVO,1,0,157,2162,5,2595,102,69,3,1,4,21
MG,51098,3155504,RIO PARANAÍBA,1,0,181,4434,2,3107,112,175,0,2,0,38
MG,51110,3155603,RIO PARDO DE MINAS,3,2,477,6231,0,9138,168,180,0,4,3,81
MG,51136,3155702,RIO PIRACICABA,6,1,365,3402,1,4544,147,156,1,4,2,79
MG,51152,3155801,RIO POMBA,4,2,311,4244,3,5195,193,151,0,3,1,46
MG,51179,3155900,RIO PRETO,0,0,117,1543,0,2242,65,65,0,3,1,16
MG,51195,3156007,RIO VERMELHO,0,1,170,1856,1,3386,71,126,1,2,2,21
MG,51217,3156106,RITÁPOLIS,0,2,121,1335,3,1859,74,105,0,1,1,19
MG,51233,3156205,ROCHEDO DE MINAS,0,1,67,1026,0,926,34,36,0,0,0,9
MG,51250,3156304,RODEIRO,0,3,120,2639,0,2283,84,96,0,1,1,20
MG,51276,3156403,ROMARIA,1,0,50,1110,0,1402,32,87,0,0,0,6
MG,51292,3156502,RUBELITA,1,0,128,1030,0,3363,37,49,0,0,0,12
MG,51314,3156601,RUBIM,1,0,141,1362,1,3179,65,51,0,1,2,11
MG,51330,3156700,SABARÁ,34,22,2914,32586,38,31450,1711,1557,7,109,12,691
MG,51357,3156809,SABINÓPOLIS,2,2,238,2260,2,4853,105,88,0,2,2,42
MG,51373,3156908,SACRAMENTO,3,1,561,8728,2,5315,317,295,2,12,1,176
MG,51390,3157005,SALINAS,5,2,740,9122,5,12741,347,203,3,6,0,98
MG,51411,3157104,SALTO DA DIVISA,0,2,57,1212,1,2008,35,22,0,4,0,8
MG,51438,3157203,SANTA BÁRBARA,9,6,942,6288,4,9234,372,375,2,25,2,174
MG,51454,3157302,SANTA BÁRBARA DO TUGÚRIO,0,1,99,978,0,2017,48,44,0,3,0,12
MG,51470,3157401,SANTA CRUZ DO ESCALVADO,0,0,69,1089,0,2393,59,44,0,0,0,12
MG,51497,3157500,SANTA EFIGÊNIA DE MINAS,0,1,95,1008,1,1437,35,44,0,0,0,10
MG,51519,3157609,SANTA FÉ DE MINAS,0,0,75,627,0,1626,21,25,0,1,0,1
MG,51535,3157708,SANTA JULIANA,1,1,199,5141,0,3259,112,101,1,2,0,17
MG,51551,3157807,SANTA LUZIA,49,33,6013,59701,45,51624,3108,2612,25,189,33,1100
MG,51578,3157906,SANTA MARGARIDA,0,1,162,4913,1,4888,140,167,0,2,0,59
MG,51594,3158003,SANTA MARIA DE ITABIRA,1,1,177,2143,3,3692,62,164,0,2,1,51
MG,51616,3158102,SANTA MARIA DO SALTO,0,1,62,1115,0,1625,36,31,0,6,0,9
MG,51632,3158201,SANTA MARIA DO SUAÇUÍ,2,2,157,2651,1,4151,111,96,1,1,2,25
MG,51659,3158300,SANTANA DA VARGEM,0,2,175,2273,2,1941,105,111,0,2,0,13
MG,51675,3158409,SANTANA DE CATAGUASES,1,0,60,1331,0,1178,34,48,0,0,0,17
MG,51691,3158508,SANTANA DE PIRAPAMA,0,2,152,2418,0,2431,29,240,0,4,2,51
MG,51713,3158607,SANTANA DO DESERTO,0,1,67,1052,0,1550,31,51,0,1,1,15
MG,51730,3158706,SANTANA DO GARAMBÉU,0,1,68,563,0,1034,20,19,1,1,1,6
MG,51756,3158805,SANTANA DO JACARÉ,1,1,100,1355,1,1359,49,44,0,0,0,15
MG,51772,3158904,SANTANA DO MANHUAÇU,0,0,128,2529,1,2934,83,54,0,2,0,29
MG,51799,3159001,SANTANA DO RIACHO,2,0,138,1645,1,2289,65,99,0,2,1,38
MG,51810,3159100,SANTANA DOS MONTES,1,0,107,1181,0,1457,22,58,0,0,0,20
MG,51837,3159209,SANTA RITA DE CALDAS,0,0,208,3341,2,1532,96,116,1,1,1,35
MG,51853,3159308,SANTA RITA DE JACUTINGA,2,0,81,1426,0,1734,55,71,1,2,0,12
MG,51870,3159407,SANTA RITA DE IBITIPOCA,0,1,156,724,0,1404,25,57,0,4,0,12
MG,51896,3159506,SANTA RITA DO ITUETO,0,0,52,2283,0,1341,35,49,0,1,0,20
MG,51918,3159605,SANTA RITA DO SAPUCAÍ,9,2,963,14359,8,6239,655,556,5,31,5,448
MG,51934,3159704,SANTA ROSA DA SERRA,0,0,58,1268,0,1002,36,23,0,0,0,21
MG,51950,3159803,SANTA VITÓRIA,2,2,321,5586,0,6187,207,285,0,4,0,32
MG,51977,3159902,SANTO ANTÔNIO DO AMPARO,1,2,314,3683,1,5854,141,169,0,5,2,59
MG,51993,3160009,SANTO ANTÔNIO DO AVENTUREIRO,0,2,116,1287,0,1382,58,52,0,2,0,11
MG,52019,3160108,SANTO ANTÔNIO DO GRAMA,0,0,102,874,0,1756,50,19,0,0,0,11
MG,52035,3160207,SANTO ANTÔNIO DO ITAMBÉ,0,1,58,538,1,1452,30,50,0,0,0,12
MG,52051,3160306,SANTO ANTÔNIO DO JACINTO,1,1,82,2550,1,3158,59,67,0,0,5,8
MG,52078,3160405,SANTO ANTÔNIO DO MONTE,1,4,358,11398,4,3696,206,252,0,6,0,140
MG,52094,3160504,SANTO ANTÔNIO DO RIO ABAIXO,0,0,41,579,0,837,10,55,0,0,0,5
MG,52116,3160603,SANTO HIPÓLITO,0,1,105,621,1,1282,37,32,0,2,0,11
MG,52132,3160702,SANTOS DUMONT,10,10,810,9912,15,15053,576,566,1,37,2,183
MG,52159,3160801,SÃO BENTO ABADE,1,1,132,1390,1,1276,99,86,1,1,0,14
MG,52175,3160900,SÃO BRÁS DO SUAÇUÍ,1,0,124,1060,1,1383,36,74,1,0,0,7
MG,52191,3161007,SÃO DOMINGOS DO PRATA,1,1,384,3879,2,5369,134,182,1,11,0,61
MG,52213,3161106,SÃO FRANCISCO,3,3,749,9161,2,17831,307,369,1,9,1,151
MG,52230,3161205,SÃO FRANCISCO DE PAULA,0,0,138,1756,0,2468,95,110,0,0,0,21
MG,52256,3161304,SÃO FRANCISCO DE SALES,0,0,130,1481,0,1865,41,48,0,2,0,8
MG,52272,3161403,SÃO FRANCISCO DO GLÓRIA,1,0,68,1257,0,1808,46,30,0,3,2,14
MG,52299,3161502,SÃO GERALDO,0,2,186,1861,1,3199,67,60,0,3,1,24
MG,52310,3161601,SÃO GERALDO DA PIEDADE,0,3,62,898,1,1394,17,43,0,3,1,6
MG,52337,3161700,SÃO GONÇALO DO ABAETÉ,0,1,116,2118,1,1728,47,67,0,3,1,15
MG,52353,3161809,SÃO GONÇALO DO PARÁ,2,1,328,3850,2,2351,129,117,1,9,0,51
MG,52370,3161908,SÃO GONÇALO DO RIO ABAIXO,2,1,364,4113,3,4108,158,178,4,9,1,74
MG,52396,3162005,SÃO GONÇALO DO SAPUCAÍ,4,1,413,6699,2,5411,239,279,0,3,4,152
MG,52418,3162104,SÃO GOTARDO,3,2,464,14127,6,5818,358,381,1,11,3,147
MG,52434,3162203,SÃO JOÃO BATISTA DO GLÓRIA,1,0,130,2890,3,1620,67,114,0,2,2,42
MG,52450,3162302,SÃO JOÃO DA MATA,0,1,67,1477,0,731,43,32,0,3,0,13
MG,52477,3162401,SÃO JOÃO DA PONTE,1,0,412,3219,2,11436,113,93,2,1,0,30
MG,52493,3162500,SÃO JOÃO DEL REI,21,17,1858,25618,48,21946,1157,1102,6,76,15,466
MG,52515,3162609,SÃO JOÃO DO ORIENTE,0,0,101,2444,2,2506,72,35,1,3,1,21
MG,52531,3162708,SÃO JOÃO DO PARAÍSO,4,3,403,5958,3,5914,243,141,1,7,1,62
MG,52558,3162807,SÃO JOÃO EVANGELISTA,2,1,276,2739,1,5385,112,128,0,6,1,36
MG,52574,3162906,SÃO JOÃO NEPOMUCENO,3,4,661,6904,6,6580,315,303,4,10,2,92
MG,52590,3163003,SÃO JOSÉ DA SAFIRA,1,0,66,1098,1,1639,20,28,0,1,2,3
MG,52612,3163102,SÃO JOSÉ DA VARGINHA,0,0,141,1581,1,1171,26,50,1,5,0,20
MG,52639,3163201,SÃO JOSÉ DO ALEGRE,0,1,69,1707,0,854,45,51,1,0,0,32
MG,52655,3163300,SÃO JOSÉ DO DIVINO,2,0,28,1279,0,1002,20,22,0,2,0,8
MG,52671,3163409,SÃO JOSÉ DO GOIABAL,1,1,99,1148,2,2082,54,49,1,0,1,18
MG,52698,3163508,SÃO JOSÉ DO JACURI,1,1,104,1233,1,2200,40,45,0,5,0,16
MG,52710,3163607,SÃO JOSÉ DO MANTIMENTO,0,0,36,963,1,1221,17,28,0,0,0,6
MG,52736,3163706,SÃO LOURENÇO,12,4,803,15030,5,8155,525,490,1,20,6,170
MG,52752,3163805,SÃO MIGUEL DO ANTA,1,1,134,1524,0,2867,76,80,0,1,0,20
MG,52779,3163904,SÃO PEDRO DA UNIÃO,0,0,88,1815,0,1127,37,72,0,1,1,22
MG,52795,3164001,SÃO PEDRO DOS FERROS,0,0,117,1213,0,2860,92,75,0,4,0,16
MG,52817,3164100,SÃO PEDRO DO SUAÇUÍ,0,2,90,1193,1,1806,38,42,0,0,2,18
MG,52833,3164209,SÃO ROMÃO,0,0,112,1649,0,2763,37,27,0,4,0,10
MG,52850,3164308,SÃO ROQUE DE MINAS,0,2,102,3085,1,979,37,99,0,1,0,42
MG,52876,3164407,SÃO SEBASTIÃO DA BELA VISTA,0,0,129,2627,0,1754,79,89,0,2,1,50
MG,52892,3164506,SÃO SEBASTIÃO DO MARANHÃO,3,1,133,2048,1,3061,58,74,0,0,0,20
MG,52914,3164605,SÃO SEBASTIÃO DO OESTE,3,0,145,3047,1,2501,75,87,0,5,0,44
MG,52930,3164704,SÃO SEBASTIÃO DO PARAÍSO,9,8,1657,19067,8,12696,817,1037,6,36,6,520
MG,52957,3164803,SÃO SEBASTIÃO DO RIO PRETO,0,2,47,619,0,607,8,33,1,2,0,9
MG,52973,3164902,SÃO SEBASTIÃO DO RIO VERDE,0,0,50,969,1,572,32,50,1,0,0,11
MG,52990,3165008,SÃO TIAGO,6,0,328,3273,7,2913,205,235,1,8,2,77
MG,53015,3165107,SÃO TOMÁS DE AQUINO,0,2,170,2178,1,1654,61,144,0,5,0,66
MG,53031,3165206,SÃO THOMÉ DAS LETRAS,0,0,131,1261,2,2318,59,63,1,4,1,14
MG,53058,3165305,SÃO VICENTE DE MINAS,0,0,101,1806,1,1940,50,81,0,4,0,19
MG,53074,3165404,SAPUCAÍ-MIRIM,1,0,137,2425,0,1604,96,79,1,3,0,24
MG,53090,3165503,SARDOÁ,0,1,149,1479,1,1629,52,22,0,4,0,11
MG,53112,3165602,SENADOR CORTES,2,0,46,765,1,1020,24,54,0,1,0,5
MG,53139,3165701,SENADOR FIRMINO,1,2,175,1729,4,3028,123,70,0,2,1,46
MG,53155,3165800,SENADOR JOSÉ BENTO,1,0,39,1116,0,646,30,40,0,0,0,6
MG,53171,3165909,SENADOR MODESTINO GONÇALVES,0,0,92,985,0,1784,54,48,0,0,1,10
MG,53198,3166006,SENHORA DE OLIVEIRA,0,4,160,1306,0,2466,68,83,1,4,0,15
MG,53210,3166105,SENHORA DO PORTO,0,2,105,770,0,1159,23,42,0,2,0,5
MG,53236,3166204,SENHORA DOS REMÉDIOS,4,2,234,2390,1,3325,115,141,2,4,0,28
MG,53252,3166303,SERICITA,1,1,88,2758,0,2427,48,100,0,1,0,7
MG,53279,3166402,SERITINGA,3,0,48,689,0,722,20,22,1,0,0,4
MG,53295,3166501,SERRA AZUL DE MINAS,0,1,77,647,2,1258,8,72,0,0,0,11
MG,53317,3166600,SERRA DA SAUDADE,0,0,22,531,0,360,12,25,0,0,0,13
MG,53333,3166709,SERRA DOS AIMORÉS,7,1,85,1648,0,2562,45,35,0,8,0,19
MG,53350,3166808,SERRA DO SALITRE,1,1,186,4358,2,2516,80,98,0,2,0,35
MG,53376,3166907,SERRANIA,2,0,165,2194,0,2041,54,60,0,1,0,45
MG,53392,3167004,SERRANOS,0,1,44,656,0,803,18,32,0,0,0,11
MG,53414,3167103,SERRO,2,4,308,2952,1,6898,123,161,2,11,0,88
MG,53430,3167202,SETE LAGOAS,53,27,5154,70304,45,44239,2992,3182,21,140,17,1900
MG,53457,3167301,SILVEIRÂNIA,1,1,116,854,0,1333,62,21,0,0,0,5
MG,53473,3167400,SILVIANÓPOLIS,0,0,119,2020,1,1247,69,88,0,1,1,35
MG,53490,3167509,SIMÃO PEREIRA,3,0,67,1099,0,1220,34,49,0,1,0,26
MG,53511,3167608,SIMONÉSIA,6,2,322,5855,1,5363,169,216,0,4,3,36
MG,53538,3167707,SOBRÁLIA,2,1,77,1407,0,1472,34,31,0,1,1,7
MG,53554,3167806,SOLEDADE DE MINAS,0,1,103,1896,3,1533,83,72,0,1,0,23
MG,53570,3167905,TABULEIRO,0,4,99,1211,0,1579,37,38,0,0,1,14
MG,53597,3168002,TAIOBEIRAS,1,6,523,11580,2,7283,270,162,3,7,3,117
MG,53619,3168101,TAPIRA,2,0,70,2754,0,871,52,58,0,3,0,89
MG,53635,3168200,TAPIRAÍ,1,0,60,718,0,676,21,30,0,1,0,8
MG,53651,3168309,TAQUARAÇU DE MINAS,0,1,144,2110,0,1557,58,105,0,5,0,45
MG,53678,3168408,TARUMIRIM,0,2,114,3744,0,3462,100,83,1,0,0,31
MG,53694,3168507,TEIXEIRAS,1,1,247,2702,0,4307,134,153,1,9,3,38
MG,53716,3168606,TEÓFILO OTONI,13,10,1539,34422,17,34828,1347,665,6,23,9,510
MG,53732,3168705,TIMÓTEO,15,5,1340,24867,22,15867,973,430,4,41,8,293
MG,53759,3168804,TIRADENTES,6,0,162,2556,0,2399,83,100,0,5,1,24
MG,53775,3168903,TIROS,0,0,89,3195,0,1080,54,96,0,2,0,7
MG,53791,3169000,TOCANTINS,2,0,312,4696,5,4550,169,157,0,8,1,45
MG,53813,3169109,TOLEDO,0,0,121,3420,0,1673,113,106,0,3,0,40
MG,53830,3169208,TOMBOS,1,0,88,2487,2,2516,54,73,0,0,1,11
MG,53856,3169307,TRÊS CORAÇÕES,20,8,1548,21745,9,13698,808,973,6,38,4,330
MG,53872,3169406,TRÊS PONTAS,13,5,1385,15431,10,14545,787,921,5,38,7,241
MG,53899,3169505,TUMIRITINGA,1,0,57,1745,0,1898,42,40,0,0,0,7
MG,53910,3169604,TUPACIGUARA,2,0,266,7260,0,7105,205,377,2,6,1,36
MG,53937,3169703,TURMALINA,2,0,352,4187,0,7373,246,117,0,7,1,51
MG,53953,3169802,TURVOLÂNDIA,0,1,119,1952,1,1444,73,52,0,2,0,20
MG,53970,3169901,UBÁ,17,4,1617,25035,10,23492,1213,821,7,36,11,403
MG,53996,3170008,UBAÍ,0,0,111,1682,0,4902,59,71,0,3,0,12
MG,54011,3170107,UBERABA,36,26,5850,91107,83,68891,4740,5218,21,171,29,2073
MG,54038,3170206,UBERLÂNDIA,153,82,11754,206793,147,163879,10535,12145,51,399,62,3921
MG,54054,3170305,UMBURATIBA,0,1,57,657,0,1120,9,13,0,0,0,6
MG,54070,3170404,UNAÍ,7,4,1293,30244,8,13714,893,1401,1,16,8,223
MG,54097,3170503,URUCÂNIA,3,6,138,2210,1,3550,97,61,1,6,0,25
MG,54119,3170602,VARGEM BONITA,1,0,48,1079,1,611,17,29,0,0,0,12
MG,54135,3170701,VARGINHA,24,22,3041,42950,28,25551,1871,1763,13,93,14,840
MG,54151,3170800,VÁRZEA DA PALMA,4,2,669,9205,4,8491,234,275,0,7,3,114
MG,54178,3170909,VARZELÂNDIA,2,0,175,2895,2,8365,100,48,0,1,2,20
MG,54194,3171006,VAZANTE,3,1,334,6165,1,4982,267,462,1,7,0,39
MG,54216,3172202,WENCESLAU BRAZ,0,1,63,1084,0,778,56,39,0,0,0,16
MG,54232,3171105,VERÍSSIMO,0,0,46,1041,0,1104,30,63,0,0,0,23
MG,54259,3171204,VESPASIANO,19,14,2768,32456,24,27581,1676,1290,8,94,9,488
MG,54275,3171303,VIÇOSA,21,10,1725,14071,16,27070,1047,958,14,59,8,339
MG,54291,3171402,VIEIRAS,1,2,63,1371,0,1602,31,45,2,0,0,8
MG,54313,3171501,MATHIAS LOBATO,0,0,25,1001,0,1314,19,9,0,0,1,5
MG,54330,3171600,VIRGEM DA LAPA,0,1,117,2009,1,4174,70,66,0,3,0,10
MG,54356,3171709,VIRGÍNIA,0,0,184,2645,0,2687,85,125,0,2,0,33
MG,54372,3171808,VIRGINÓPOLIS,5,2,356,1988,4,2913,79,143,1,7,1,35
MG,54399,3171907,VIRGOLÂNDIA,2,0,97,911,0,2006,35,26,0,4,1,12
MG,54410,3172004,VISCONDE DO RIO BRANCO,4,4,701,9901,7,11462,431,341,2,19,5,113
MG,54437,3172103,VOLTA GRANDE,0,1,76,1122,0,1691,54,32,0,1,0,18
MG,54453,3133758,ITAÚ DE MINAS,2,0,458,4945,7,2966,156,206,1,9,0,109
MS,55000,5006002,NOVA ALVORADA DO SUL,0,2,245,5815,4,4003,173,116,0,2,3,9
MS,55018,5000252,ALCINÓPOLIS,1,0,100,1510,0,1092,53,77,0,1,0,2
MS,55026,5005251,LAGUNA CARAPÃ,1,1,68,2667,3,1358,56,25,0,1,0,2
MS,55034,5004809,JAPORÃ,0,1,79,1452,0,3273,38,21,0,1,0,1
MS,55042,5006259,NOVO HORIZONTE DO SUL,0,0,78,1442,0,1177,47,17,0,0,0,2
MS,55050,5006275,PARAÍSO DAS ÁGUAS,0,0,60,2253,0,701,26,41,0,4,0,2
MS,55069,5003900,FIGUEIRÃO,1,0,45,1151,0,792,26,72,0,0,1,0
MS,90034,5000203,ÁGUA CLARA,5,1,202,5370,0,2865,160,78,0,4,0,10
MS,90115,5000609,AMAMBAI,7,1,316,10701,0,6943,252,164,8,12,0,18
MS,90131,5000708,ANASTÁCIO,13,2,280,7224,0,5052,159,187,0,13,1,23
MS,90158,5000807,ANAURILÂNDIA,1,0,161,2396,0,1933,59,73,0,1,0,4
MS,90174,5000906,ANTÔNIO JOÃO,0,0,116,3542,1,2031,77,49,0,2,0,4
MS,90190,5001003,APARECIDA DO TABOADO,4,2,324,8093,4,4599,270,234,1,6,7,27
MS,90212,5001102,AQUIDAUANA,14,6,550,12723,3,11058,405,320,3,14,0,31
MS,90298,5001508,BANDEIRANTES,1,0,128,2842,2,1734,95,76,1,2,0,8
MS,90379,5001904,BATAGUASSU,7,2,378,7765,3,5075,288,165,2,6,0,25
MS,90395,5002001,BATAYPORÃ,0,0,137,3307,0,2360,67,59,0,2,0,8
MS,90417,5002100,BELA VISTA,2,5,191,6983,1,4235,164,90,0,7,0,5
MS,90433,5002209,BONITO,7,1,352,8663,1,4388,231,185,0,4,2,27
MS,90450,5002308,BRASILÂNDIA,0,1,150,3941,0,2019,82,99,0,3,1,8
MS,90492,5002605,CAMAPUÃ,3,3,129,4886,0,2725,83,160,2,6,0,6
MS,90514,5002704,CAMPO GRANDE,260,120,16454,289672,172,159856,14315,10578,86,689,101,1385
MS,90530,5002803,CARACOL,3,0,61,2214,0,1241,24,31,0,1,1,3
MS,90557,5002407,CAARAPÓ,4,0,289,10049,3,5160,193,123,1,3,1,19
MS,90573,5002902,CASSILÂNDIA,4,5,218,6951,0,2961,125,418,0,1,1,17
MS,90611,5003108,CORGUINHO,1,0,85,1750,0,1287,48,69,0,1,2,6
MS,90638,5003207,CORUMBÁ,39,12,803,24513,8,22332,953,848,8,54,2,72
MS,90654,5003306,COXIM,2,2,398,10656,4,7119,261,293,3,8,0,21
MS,90735,5003702,DOURADOS,50,24,3561,79483,49,40477,3040,1731,25,113,27,252
MS,90751,5003801,FÁTIMA DO SUL,6,1,339,7072,1,4939,222,162,1,11,1,21
MS,90794,5004007,GLÓRIA DE DOURADOS,3,0,119,3427,0,2278,108,64,0,2,1,9
MS,90816,5004106,GUIA LOPES DA LAGUNA,0,0,109,3255,0,2092,72,62,0,2,0,12
MS,90859,5004304,IGUATEMI,0,3,170,4552,0,2452,99,77,1,0,0,4
MS,90875,5004403,INOCÊNCIA,6,1,98,2721,0,1514,52,85,0,5,0,9
MS,90891,5004502,ITAPORÃ,1,3,198,7419,3,3349,191,107,0,2,1,15
MS,90930,5004700,IVINHEMA,11,3,381,9512,0,4696,315,188,1,9,3,22
MS,90972,5004908,JARAGUARI,4,1,131,2211,0,1870,69,91,0,7,0,3
MS,90999,5005004,JARDIM,4,0,251,8299,1,4191,253,126,0,4,2,20
MS,91014,5005103,JATEÍ,0,0,49,1822,0,1368,34,24,0,1,0,4
MS,91030,5005202,LADÁRIO,3,1,189,4969,1,4451,142,133,2,15,2,7
MS,91073,5005400,MARACAJU,6,10,448,16185,1,5356,319,162,1,11,3,22
MS,91111,5005608,MIRANDA,0,2,266,5937,0,7626,156,124,1,2,1,6
MS,91138,5005707,NAVIRAÍ,5,4,598,17261,4,8020,586,286,2,11,2,51
MS,91154,5005806,NIOAQUE,1,2,105,4238,0,3297,92,72,0,4,0,2
MS,91235,5006200,NOVA ANDRADINA,9,4,693,14489,3,8442,463,297,1,7,1,42
MS,91251,5006309,PARANAÍBA,8,5,585,12815,3,8030,309,554,2,14,3,58
MS,91278,5006408,PEDRO GOMES,2,1,53,2508,2,1784,50,62,0,0,0,0
MS,91316,5006606,PONTA PORÃ,33,36,1061,31418,13,15824,1076,501,10,75,8,78
MS,91375,5006903,PORTO MURTINHO,0,0,107,2949,0,2441,94,27,0,0,1,3
MS,91413,5007109,RIBAS DO RIO PARDO,5,1,276,6317,3,3970,221,119,1,6,1,14
MS,91430,5007208,RIO BRILHANTE,10,4,389,11885,2,6397,327,152,0,13,1,15
MS,91456,5007307,RIO NEGRO,1,1,67,1775,0,1215,30,53,1,0,0,1
MS,91472,5007406,RIO VERDE DE MATO GROSSO,5,3,224,6090,3,3583,127,115,1,5,1,5
MS,91499,5007505,ROCHEDO,3,0,86,2125,4,1229,59,68,0,1,0,3
MS,91570,5007901,SIDROLÂNDIA,11,7,579,13860,5,9542,406,316,1,15,1,40
MS,91596,5008008,TERENOS,3,3,257,5363,3,4404,166,183,0,6,2,17
MS,91650,5008305,TRÊS LAGOAS,16,16,1825,36690,28,21347,1522,905,12,48,15,152
MS,91693,5000856,ANGÉLICA,2,1,180,3246,0,2453,147,72,0,1,0,12
MS,91715,5001243,ARAL MOREIRA,1,1,86,3563,1,2504,56,15,0,2,1,5
MS,91731,5003751,ELDORADO,3,2,155,3759,1,2021,95,40,0,2,0,9
MS,91758,5003454,DEODÁPOLIS,2,1,209,4411,2,3048,108,86,1,3,1,10
MS,91782,5002951,CHAPADÃO DO SUL,5,1,318,12182,2,3860,317,252,3,5,1,26
MS,91790,5005681,MUNDO NOVO,7,3,233,6593,0,3461,171,85,0,5,2,10
MS,91804,5003488,DOIS IRMÃOS DO BURITI,0,0,93,2509,0,3579,76,86,0,3,0,0
MS,91820,5005152,JUTI,2,0,68,2196,1,1873,46,26,0,1,0,3
MS,91847,5006358,PARANHOS,0,2,73,2600,0,3192,56,22,0,0,0,5
MS,91863,5007554,SANTA RITA DO PARDO,0,0,117,2061,0,1219,64,63,0,1,0,9
MS,91880,5007935,SONORA,1,2,156,4947,0,3066,131,85,0,8,0,5
MS,91901,5008404,VICENTINA,2,2,117,2164,0,2237,94,57,0,0,0,1
MS,98019,5002159,BODOQUENA,2,1,142,2574,1,1943,79,47,0,2,1,2
MS,98035,5003256,COSTA RICA,3,2,353,10033,0,4613,248,294,0,6,0,13
MS,98051,5003504,DOURADINA,0,0,90,2506,0,1358,39,27,0,0,0,0
MS,98078,5004601,ITAQUIRAÍ,0,1,259,4871,0,4474,124,97,0,2,0,16
MS,98094,5007695,SÃO GABRIEL DO OESTE,4,5,379,11840,6,4130,319,233,0,6,0,18
MS,98116,5007802,SELVÍRIA,3,0,135,2363,1,2305,90,59,0,3,1,6
MS,98132,5007703,SETE QUEDAS,2,1,83,3659,0,1694,65,34,1,1,1,3
MS,98159,5007950,TACURU,0,2,126,1695,0,2596,45,23,0,2,0,1
MS,98175,5007976,TAQUARUSSU,1,0,44,1413,0,1381,28,28,0,0,0,0
MS,98590,5003157,CORONEL SAPUCAIA,0,2,121,4988,0,4295,119,46,0,1,1,6
MT,73709,5101837,BOA ESPERANÇA DO NORTE,0,0,88,2243,0,764,59,28,1,0,0,6
MT,89788,5103254,COLNIZA,1,1,237,10609,0,2679,163,124,0,7,1,10
MT,89796,5103205,COLÍDER,4,3,336,14305,3,2786,276,168,1,7,2,21
MT,89800,5103437,CURVELÂNDIA,0,0,39,2214,1,1113,40,62,0,3,0,1
MT,89818,5106208,NOVA BRASILÂNDIA,2,2,83,1500,0,1210,31,60,0,0,0,3
MT,89826,5106190,NOVA SANTA HELENA,1,1,31,1830,0,587,42,22,0,1,0,0
MT,89834,5106307,PARANATINGA,2,1,180,8745,0,3087,154,143,1,7,1,6
MT,89843,5107792,SANTO ANTÔNIO DO LESTE,0,0,36,1219,0,660,21,29,0,1,0,1
MT,89850,5107909,SINOP,51,9,1728,73701,29,17568,1967,903,2,80,2,106
MT,89877,5100250,ALTA FLORESTA,12,3,552,23270,1,7677,451,374,4,14,2,35
MT,89893,5101258,ARAPUTANGA,6,1,157,6325,0,2005,99,114,1,5,0,9
MT,89915,5105002,JAURU,2,0,89,3775,1,1155,44,59,0,0,0,0
MT,89931,5107107,SÃO JOSÉ DOS QUATRO MARCOS,1,1,117,6871,5,2640,122,105,0,0,1,7
MT,89958,5107206,RIO BRANCO,0,1,69,1732,2,1035,46,45,1,0,0,5
MT,89960,5107578,RONDOLÂNDIA,0,0,31,1295,0,861,24,20,0,0,0,2
MT,89974,5107750,SALTO DO CÉU,0,0,38,1566,1,680,14,24,0,0,0,3
MT,89990,5106752,PONTES E LACERDA,8,0,440,19351,1,4594,383,295,2,13,0,24
MT,90018,5100102,ACORIZAL,8,1,110,2864,0,2776,57,103,0,0,0,4
MT,90026,5107297,SÃO JOSÉ DO POVO,0,1,51,1307,0,852,16,59,0,2,1,3
MT,90042,5100359,ALTO BOA VISTA,0,0,28,2349,0,681,31,75,0,0,0,1
MT,90050,5100300,ALTO ARAGUAIA,4,1,134,5403,2,2478,101,366,1,7,0,6
MT,90069,5107065,QUERÊNCIA,1,0,198,10420,0,2992,137,230,1,3,0,3
MT,90077,5100409,ALTO GARÇAS,3,0,120,4272,0,2012,77,98,0,2,1,8
MT,90085,5102694,CANABRAVA DO NORTE,0,0,54,2090,0,749,24,38,0,0,1,0
MT,90093,5100508,ALTO PARAGUAI,1,0,85,1956,1,2427,45,56,0,0,0,3
MT,90107,5107248,SANTA CARMEM,2,0,59,2624,0,612,51,25,0,2,0,1
MT,90123,5108907,NOVA MARINGÁ,3,0,29,2432,0,741,33,18,0,0,0,1
MT,90140,5108808,NOVA GUARITA,0,1,48,2075,0,900,43,21,0,1,0,2
MT,90166,5108857,NOVA MARILÂNDIA,0,0,49,1392,1,758,20,19,1,1,0,2
MT,90182,5106851,PORTO ESTRELA,0,1,27,1048,1,1443,13,42,0,0,1,2
MT,90204,5103957,GLÓRIA D'OESTE,0,1,26,1447,0,556,21,25,1,1,0,0
MT,90220,5107941,TABAPORÃ,1,1,78,4500,1,1093,63,50,0,2,0,7
MT,90239,5101209,ARAGUAINHA,0,0,16,498,0,400,5,16,0,0,0,1
MT,90247,5107354,SÃO JOSÉ DO XINGU,3,0,53,2293,0,1153,35,49,0,0,0,0
MT,90255,5101308,ARENÁPOLIS,6,0,115,3621,1,2101,91,111,1,2,0,3
MT,90263,5100805,APIACÁS,0,0,58,3244,1,1266,51,41,0,7,0,3
MT,90271,5101407,ARIPUANÃ,2,0,159,8794,0,2192,201,120,0,2,2,11
MT,90280,5103353,CONFRESA,9,3,260,14321,0,4262,252,339,0,5,1,8
MT,90301,5105234,LAMBARI D'OESTE,0,0,64,1746,0,1294,51,48,0,0,0,2
MT,90310,5101605,BARÃO DE MELGAÇO,28,0,83,2064,1,3158,55,90,0,3,0,2
MT,90328,5107263,SANTO AFONSO,0,0,59,1251,0,652,25,24,0,0,0,0
MT,90336,5101704,BARRA DO BUGRES,8,1,364,8893,3,7085,268,243,1,11,1,20
MT,90344,5106455,PLANALTO DA SERRA,1,1,55,1193,1,953,33,39,0,1,0,3
MT,90352,5101803,BARRA DO GARÇAS,13,4,678,21019,9,11720,598,990,5,30,2,51
MT,90360,5108956,NOVA MONTE VERDE,0,1,78,3339,0,1041,71,56,0,1,0,1
MT,90387,5106158,NOVA BANDEIRANTES,0,1,72,6062,0,1120,55,66,0,2,1,3
MT,90409,5107404,SÃO PEDRO DA CIPA,0,0,50,1736,2,1213,20,21,0,1,0,6
MT,90425,5103379,COTRIGUAÇU,2,2,72,4146,0,1419,70,79,0,4,0,4
MT,90441,5107198,RIBEIRÃOZINHO,6,0,45,1064,1,706,32,69,0,0,0,3
MT,90468,5101902,BRASNORTE,2,0,130,6575,0,2108,78,62,0,4,0,7
MT,90476,5102504,CÁCERES,58,8,890,24018,11,19130,703,927,5,40,5,58
MT,90484,5102637,CAMPO NOVO DO PARECIS,14,3,407,16547,4,5529,357,247,0,11,2,33
MT,90506,5102678,CAMPO VERDE,12,5,522,18026,4,6202,542,348,1,11,1,23
MT,90522,5103056,CLÁUDIA,0,0,65,5097,0,1351,105,57,2,2,0,4
MT,90549,5102850,CASTANHEIRA,3,1,63,3050,0,1174,34,72,1,0,1,8
MT,90565,5104906,JANGADA,7,0,96,2682,0,2967,66,93,0,0,0,3
MT,90581,5105176,JURUENA,3,2,77,3965,1,1295,58,51,0,0,0,5
MT,90590,5103007,CHAPADA DOS GUIMARÃES,10,0,250,6773,3,5968,173,277,1,9,0,11
MT,90603,5105259,LUCAS DO RIO VERDE,21,3,745,30711,13,8636,875,322,2,23,1,46
MT,90620,5105606,MATUPÁ,1,1,158,8825,1,2114,165,99,0,3,1,8
MT,90646,5106224,NOVA MUTUM,21,0,638,22032,8,5669,559,242,2,14,1,38
MT,90662,5107180,RIBEIRÃO CASCALHEIRA,1,0,60,3961,0,1483,32,109,0,2,0,3
MT,90670,5103403,CUIABÁ,702,62,10898,208637,100,123207,8103,8377,46,574,50,860
MT,90689,5108006,TAPURAH,1,1,91,5887,2,1351,109,40,0,3,0,0
MT,90697,5103502,DIAMANTINO,15,0,170,8095,1,3667,183,132,0,9,0,13
MT,90700,5106653,PONTAL DO ARAGUAIA,2,0,82,2495,1,1408,88,143,0,6,0,2
MT,90719,5103601,DOM AQUINO,0,0,86,2999,0,1582,52,112,0,3,0,6
MT,90727,5107875,SAPEZAL,2,1,256,10477,1,3520,272,105,0,7,1,10
MT,90743,5102686,CAMPOS DE JÚLIO,1,0,62,3554,0,1115,88,31,0,5,0,1
MT,90760,5102793,CARLINDA,1,0,123,3707,0,2064,67,91,0,4,0,5
MT,90778,5103908,GENERAL CARNEIRO,2,1,39,1742,0,1440,30,84,0,4,0,1
MT,90786,5103700,FELIZ NATAL,0,1,74,3675,1,1449,60,38,0,2,0,3
MT,90808,5106265,NOVO MUNDO,0,0,49,3294,2,1043,27,46,0,0,0,4
MT,90824,5103858,GAÚCHA DO NORTE,0,0,55,3271,0,1509,47,56,0,2,0,2
MT,90832,5104203,GUIRATINGA,1,0,130,3448,1,2322,76,184,0,3,1,4
MT,90840,5108303,UNIÃO DO SUL,0,0,18,1918,0,663,24,15,0,0,0,2
MT,90867,5106182,NOVA LACERDA,1,1,91,2201,0,978,40,36,0,2,1,4
MT,90883,5106240,NOVA UBIRATÃ,0,1,99,4121,0,1186,85,43,0,2,0,0
MT,90905,5101852,BOM JESUS DO ARAGUAIA,2,0,67,2638,0,1161,48,135,0,1,0,1
MT,90913,5104609,ITIQUIRA,2,1,136,4240,1,2111,109,130,0,4,0,5
MT,90921,5107883,SERRA NOVA DOURADA,0,0,11,836,0,271,7,31,0,0,0,0
MT,90948,5106315,NOVO SANTO ANTÔNIO,0,0,33,950,0,376,9,33,0,1,0,0
MT,90956,5104807,JACIARA,5,3,357,10618,3,4059,172,263,0,7,1,22
MT,90964,5106174,NOVA NAZARÉ,1,1,32,1191,0,1011,15,65,0,0,0,0
MT,90980,5107743,SANTA CRUZ DO XINGU,0,0,27,1175,0,370,21,14,2,1,0,0
MT,91006,5103361,CONQUISTA D'OESTE,0,2,48,1751,0,539,26,12,0,0,0,0
MT,91022,5108352,VALE DE SÃO DOMINGOS,2,0,11,1610,0,415,18,27,0,3,0,2
MT,91049,5107768,SANTA RITA DO TRIVELATO,2,0,74,1373,1,478,32,18,0,3,0,0
MT,91057,5105309,LUCIARA,4,0,42,1017,0,748,7,24,0,0,1,2
MT,91081,5104526,IPIRANGA DO NORTE,2,0,84,3454,0,1043,81,34,0,3,0,2
MT,91090,5105507,VILA BELA DA SANTÍSSIMA TRINDADE,4,1,126,4975,1,2791,63,111,0,4,0,5
MT,91103,5104542,ITANHANGÁ,0,0,31,3373,0,618,40,17,0,0,0,4
MT,91170,5105903,NOBRES,3,0,112,6602,1,2637,125,138,0,4,2,15
MT,91197,5106000,NORTELÂNDIA,0,0,120,1798,1,1663,52,68,0,1,0,1
MT,91219,5106109,NOSSA SENHORA DO LIVRAMENTO,12,0,175,3739,1,6530,83,219,0,12,0,8
MT,91294,5106505,POCONÉ,11,1,311,7486,2,10514,140,346,0,9,0,7
MT,91332,5106703,PONTE BRANCA,1,0,49,680,1,704,5,42,0,0,1,1
MT,91359,5106802,PORTO DOS GAÚCHOS,1,0,34,2583,1,640,48,35,0,1,0,1
MT,91391,5107008,POXORÉU,4,1,269,5778,0,4058,118,187,1,5,0,5
MT,91510,5107602,RONDONÓPOLIS,68,26,2668,85901,27,38046,2691,2867,8,125,10,179
MT,91537,5107701,ROSÁRIO OESTE,3,1,147,5223,1,4253,87,130,0,4,1,7
MT,91553,5107800,SANTO ANTÔNIO DO LEVERGER,19,3,242,6285,0,6337,133,277,1,13,1,14
MT,91618,5108105,TESOURO,2,0,40,1024,1,879,22,64,0,2,0,1
MT,91634,5108204,TORIXORÉU,2,0,48,1663,0,1057,37,100,0,1,0,1
MT,91677,5108402,VÁRZEA GRANDE,507,11,3649,85581,28,55331,2896,3215,13,191,36,226
MT,91774,5105622,MIRASSOL D'OESTE,5,1,226,10277,0,3781,263,200,1,5,3,15
MT,91812,5106372,PEDRA PRETA,4,1,174,6283,1,3751,193,209,0,9,0,7
MT,91839,5107859,SÃO FÉLIX DO ARAGUAIA,0,3,75,3600,1,1921,49,117,0,1,0,2
MT,91855,5107958,TANGARÁ DA SERRA,26,8,1039,38028,10,11800,973,754,2,43,7,65
MT,91898,5105200,JUSCIMEIRA,1,0,128,4261,0,2434,51,93,1,2,1,4
MT,91910,5100201,ÁGUA BOA,0,3,197,12438,0,2549,256,285,1,1,1,10
MT,91936,5102702,CANARANA,0,1,126,10515,2,2339,170,189,3,6,0,5
MT,91952,5106257,NOVA XAVANTINA,2,6,147,8243,3,2868,162,248,0,8,0,9
MT,91979,5107776,SANTA TEREZINHA,0,0,78,1909,0,1693,25,79,0,2,1,1
MT,91995,5107305,SÃO JOSÉ DO RIO CLARO,7,1,98,6570,3,1741,83,79,0,5,1,8
MT,98191,5105101,JUARA,11,0,301,14232,0,3717,212,220,3,8,0,18
MT,98310,5105150,JUÍNA,8,5,419,17325,1,5871,322,281,1,6,2,29
MT,98337,5103452,DENISE,1,1,91,2523,0,1757,48,42,1,0,1,1
MT,98612,5100607,ALTO TAQUARI,2,0,80,3951,0,1552,98,135,0,5,0,2
MT,98639,5101001,ARAGUAIANA,1,0,46,1295,1,849,31,136,0,3,1,1
MT,98655,5102603,CAMPINÁPOLIS,0,2,49,3471,0,4457,41,161,0,1,0,3
MT,98671,5103106,COCALINHO,0,1,27,2233,0,1171,39,216,0,0,3,0
MT,98698,5104559,ITAÚBA,0,0,47,2389,0,696,40,19,0,2,0,5
MT,98710,5105580,MARCELÂNDIA,1,0,41,5292,1,1265,76,30,1,0,0,4
MT,98736,5106232,NOVA OLÍMPIA,4,2,204,4935,1,4303,157,137,0,4,4,3
MT,98752,5106216,NOVA CANAÃ DO NORTE,1,2,101,5758,1,1499,69,92,1,2,1,6
MT,98779,5106281,NOVO SÃO JOAQUIM,0,0,49,2796,0,1035,36,112,0,1,0,1
MT,98795,5106273,NOVO HORIZONTE DO NORTE,0,2,69,1779,0,648,22,23,0,1,0,2
MT,98817,5106422,PEIXOTO DE AZEVEDO,10,3,310,10882,3,5506,267,192,0,12,0,8
MT,98833,5106299,PARANAÍTA,2,0,106,5150,0,1630,71,79,0,2,0,7
MT,98850,5106778,PORTO ALEGRE DO NORTE,1,0,76,3863,1,1779,44,107,0,4,1,1
MT,98876,5106828,PORTO ESPERIDIÃO,0,0,67,3488,1,2055,68,56,0,1,1,2
MT,98892,5107040,PRIMAVERA DO LESTE,22,2,792,32776,5,8209,782,539,3,38,1,49
MT,98914,5107156,RESERVA DO CABAÇAL,0,0,49,812,0,524,12,17,0,0,0,1
MT,98930,5107925,SORRISO,17,6,1049,43990,9,11829,1056,431,2,28,1,40
MT,98957,5108055,TERRA NOVA DO NORTE,0,0,126,4591,0,1873,89,87,0,1,2,4
MT,98973,5108501,VERA,0,2,100,4397,0,1337,104,46,1,4,0,6
MT,98990,5108600,VILA RICA,3,0,119,7421,0,2213,88,175,0,2,0,3
MT,99015,5103304,COMODORO,8,0,170,7003,3,2733,115,110,0,4,1,8
MT,99031,5103809,FIGUEIRÓPOLIS D'OESTE,0,0,25,1758,0,416,26,21,0,1,0,2
MT,99058,5104104,GUARANTÃ DO NORTE,2,2,179,13975,0,2696,254,106,0,4,1,16
MT,99074,5104500,INDIAVAÍ,1,0,44,1031,0,508,14,14,0,0,0,0
PA,04006,1503093,GOIANÉSIA DO PARÁ,4,1,349,7667,3,7830,179,140,0,9,0,8
PA,04014,1500107,ABAETETUBA,18,8,1768,24765,17,74035,1539,629,2,46,5,44
PA,04022,1507953,TAILÂNDIA,8,8,1157,22994,3,16699,701,266,3,7,5,22
PA,04030,1500206,ACARÁ,1,2,692,11954,10,25654,399,449,0,17,0,20
PA,04049,1501576,BOM JESUS DO TOCANTINS,2,1,195,4521,0,4360,90,73,0,7,0,7
PA,04057,1500305,AFUÁ,5,1,724,7018,1,14123,218,146,1,4,1,1
PA,04065,1507474,SÃO JOÃO DE PIRABAS,1,2,334,3996,0,9710,140,74,0,4,0,5
PA,04073,1500404,ALENQUER,7,4,731,18312,1,16099,383,267,2,23,1,17
PA,04081,1508084,TUCUMÃ,5,1,427,14240,0,5046,282,299,1,3,0,10
PA,04090,1500503,ALMEIRIM,5,0,308,5534,3,11089,214,49,0,2,1,3
PA,04103,1504059,MÃE DO RIO,4,1,430,9396,0,9709,259,137,1,12,0,9
PA,04111,1500602,ALTAMIRA,24,17,1378,41004,19,20416,1250,648,5,32,3,34
PA,04120,1502954,ELDORADO DOS CARAJÁS,2,3,260,8096,0,6895,203,155,0,3,0,4
PA,04138,1500701,ANAJÁS,2,5,737,7411,2,8404,306,163,0,4,1,6
PA,04146,1506559,SANTA LUZIA DO PARÁ,2,1,242,4286,2,9388,156,76,1,6,3,7
PA,04154,1500800,ANANINDEUA,141,46,10901,130954,126,127573,8201,4868,45,454,61,279
PA,04162,1505494,PALESTINA DO PARÁ,0,0,68,2087,0,2208,43,22,1,1,0,0
PA,04170,1500909,AUGUSTO CORRÊA,3,2,894,8171,4,20300,343,263,1,5,0,11
PA,04189,1503457,IPIXUNA DO PARÁ,2,2,321,6832,1,10829,236,114,1,7,1,4
PA,04197,1501006,AVEIRO,0,0,126,4043,0,4498,62,85,0,1,0,1
PA,04200,1503754,JACAREACANGA,2,0,82,4841,2,4694,46,38,1,2,0,0
PA,04219,1501105,BAGRE,1,3,191,2849,0,9427,113,39,0,1,0,1
PA,04227,1501725,BRASIL NOVO,0,1,177,9164,1,3429,134,105,0,11,0,7
PA,04235,1501204,BAIÃO,2,4,341,6006,4,15458,184,115,1,3,0,0
PA,04243,1506351,SANTA BÁRBARA DO PARÁ,3,1,330,5763,2,7853,259,165,0,4,4,7
PA,04251,1501303,BARCARENA,37,18,2912,27194,8,47254,1884,723,2,57,5,84
PA,04260,1500347,ÁGUA AZUL DO NORTE,1,0,199,5316,0,2433,62,107,1,3,0,3
PA,04278,1501402,BELÉM,386,156,28127,361377,422,396570,21476,14850,84,1475,164,1131
PA,04286,1508050,TRAIRÃO,2,0,193,6697,0,1848,69,62,1,6,1,1
PA,04294,1501501,BENEVIDES,12,11,1037,17146,7,19932,770,490,4,30,1,21
PA,04308,1505551,PAU D'ARCO,1,0,127,3802,0,2411,63,53,0,0,2,1
PA,04316,1501600,BONITO,0,0,249,3159,0,6451,121,93,0,6,0,1
PA,04324,1508126,ULIANÓPOLIS,1,0,253,8453,1,6506,215,114,0,0,0,7
PA,04332,1501709,BRAGANÇA,20,12,2621,26670,14,41880,1265,870,7,56,4,45
PA,04340,1500958,AURORA DO PARÁ,1,3,261,4466,1,8980,138,78,0,6,4,10
PA,04359,1501808,BREVES,8,9,1269,20877,5,35854,837,397,3,22,2,22
PA,04367,1507979,TERRA SANTA,1,2,422,5591,0,5682,184,40,1,0,0,2
PA,04375,1501907,BUJARU,3,3,316,5255,0,12347,124,194,0,11,0,3
PA,04383,1505031,NOVO PROGRESSO,1,2,187,14798,3,2357,153,82,2,2,0,2
PA,04391,1502004,CACHOEIRA DO ARARI,0,2,165,2982,1,11255,73,125,0,4,0,4
PA,04405,1508357,VITÓRIA DO XINGU,4,1,215,7026,1,5134,188,114,1,7,1,5
PA,04413,1502103,CAMETÁ,6,9,1165,19380,12,67400,990,302,2,34,3,26
PA,04421,1505064,NOVO REPARTIMENTO,6,9,614,20744,2,12531,344,391,1,6,3,12
PA,04430,1502202,CAPANEMA,10,3,1125,16976,7,23613,919,402,2,27,0,22
PA,04448,1501782,BREU BRANCO,5,7,497,10484,2,11864,288,163,0,9,2,7
PA,04456,1502301,CAPITÃO POÇO,6,6,777,12771,4,20007,500,208,3,7,2,8
PA,04464,1507151,SÃO DOMINGOS DO ARAGUAIA,1,1,188,5526,1,5838,98,104,1,3,1,4
PA,04472,1502400,CASTANHAL,39,11,4249,57961,25,49063,2432,1806,2,165,18,71
PA,04480,1504950,NOVA ESPERANÇA DO PIRIÁ,0,0,197,5759,0,5714,117,76,0,2,1,3
PA,04499,1502509,CHAVES,0,3,246,3305,2,7098,61,108,0,2,1,0
PA,04502,1500131,ABEL FIGUEIREDO,0,1,83,2081,4,2182,36,15,0,0,0,2
PA,04510,1502608,COLARES,1,4,234,2462,0,7126,113,83,1,3,0,3
PA,04529,1502764,CUMARU DO NORTE,3,0,71,3864,3,1929,27,32,0,0,0,1
PA,04537,1502707,CONCEIÇÃO DO ARAGUAIA,1,6,484,13757,4,8907,341,431,2,12,3,13
PA,04545,1507961,TERRA ALTA,3,1,188,3236,1,5918,95,85,0,6,0,1
PA,04553,1502806,CURRALINHO,2,0,183,4207,2,15895,275,74,0,0,1,11
PA,04561,1503044,FLORESTA DO ARAGUAIA,3,2,200,5926,0,4084,104,91,0,1,0,6
PA,04570,1502905,CURUÇÁ,6,1,592,7417,4,19407,283,186,0,5,1,10
PA,04588,1501253,BANNACH,0,0,44,1525,0,690,24,38,1,0,0,0
PA,04596,1503002,FARO,0,0,81,1242,1,3894,52,10,0,0,0,0
PA,04600,1504976,NOVA IPIXUNA,3,1,221,4349,0,3953,116,90,0,4,0,4
PA,04618,1503101,GURUPÁ,0,0,283,5808,1,13613,173,79,0,4,0,2
PA,04626,1505650,PLACAS,1,2,154,8356,0,2777,109,92,0,4,0,6
PA,04634,1503200,IGARAPÉ-AÇU,2,3,495,7277,3,16703,333,195,0,2,2,9
PA,04642,1504422,MARITUBA,27,16,2542,30495,23,35565,1843,1066,3,97,12,38
PA,04650,1503309,IGARAPÉ-MIRI,6,8,896,14783,4,27542,475,436,2,45,1,20
PA,04669,1508035,TRACUATEUA,1,2,306,4403,2,15002,178,147,1,7,1,5
PA,04677,1503408,INHANGAPI,1,0,180,2860,0,4430,87,108,0,6,1,2
PA,04685,1506112,QUATIPURU,1,3,208,1860,0,5282,79,58,0,4,0,1
PA,04693,1503507,IRITUIA,3,1,560,5721,2,14585,258,166,1,5,1,12
PA,04707,1502152,CANAÃ DOS CARAJÁS,5,9,1610,33546,12,16676,1047,441,2,22,4,33
PA,04715,1503606,ITAITUBA,9,5,1267,42299,6,16245,835,519,6,24,4,25
PA,04723,1500859,ANAPU,3,1,219,13113,0,4771,138,198,0,0,1,9
PA,04731,1503705,ITUPIRANGA,4,5,490,11137,3,12516,305,174,0,6,1,4
PA,04740,1502855,CURUÁ,1,3,250,2292,2,6668,58,30,0,2,1,1
PA,04758,1503804,JACUNDÁ,8,5,535,11463,6,10825,295,230,4,11,1,11
PA,04766,1501956,CACHOEIRA DO PIRIÁ,0,1,237,3590,0,7191,99,65,1,2,0,1
PA,04774,1503903,JURUTI,12,3,673,11942,1,17817,317,122,0,7,2,6
PA,04782,1505635,PIÇARRA,0,0,117,3981,0,3063,64,58,0,3,1,1
PA,04790,1504000,LIMOEIRO DO AJURU,0,2,305,4401,1,13910,144,69,0,4,0,4
PA,04804,1501451,BELTERRA,1,2,244,7175,1,6023,242,134,0,3,0,8
PA,04812,1504109,MAGALHÃES BARATA,1,0,139,2100,1,4579,73,62,0,1,0,2
PA,04820,1507466,SÃO JOÃO DA PONTA,0,0,122,1472,0,3174,65,50,0,1,0,3
PA,04839,1504208,MARABÁ,40,14,3395,76354,32,56350,2549,1392,12,82,9,77
PA,04847,1507755,SAPUCAIA,1,0,72,2099,0,1615,32,43,0,1,0,0
PA,04855,1504307,MARACANÃ,0,0,582,6786,2,14545,172,119,0,12,2,5
PA,04863,1504752,MOJUÍ DOS CAMPOS,2,1,321,11924,3,5740,254,193,2,4,1,9
PA,04871,1504406,MARAPANIM,4,2,379,6308,4,12915,212,164,2,8,0,6
PA,04898,1504505,MELGAÇO,2,2,223,4952,2,9241,156,64,0,5,0,1
PA,04910,1504604,MOCAJUBA,2,0,468,5901,5,16587,290,99,1,5,0,2
PA,04936,1504703,MOJU,1,3,1011,13493,3,29900,657,321,1,46,2,19
PA,04952,1504802,MONTE ALEGRE,5,4,849,21437,4,18579,406,311,2,11,0,15
PA,04979,1504901,MUANÁ,2,0,381,5394,2,17644,232,134,1,4,1,8
PA,04995,1505007,NOVA TIMBOTEUA,2,0,214,2761,1,6158,129,64,0,2,0,2
PA,05010,1505106,ÓBIDOS,2,3,761,9826,4,20194,347,219,0,12,1,12
PA,05037,1505205,OEIRAS DO PARÁ,0,0,258,4029,1,16001,206,89,0,4,0,5
PA,05053,1505304,ORIXIMINÁ,13,8,830,17678,1,18589,461,208,5,13,1,14
PA,05070,1505403,OURÉM,2,3,280,3455,1,8947,174,89,2,1,0,2
PA,05096,1505502,PARAGOMINAS,16,9,1079,34754,4,20989,1126,467,2,22,1,43
PA,05118,1505601,PEIXE-BOI,1,2,138,2429,0,4783,82,71,0,2,0,2
PA,05134,1505700,PONTA DE PEDRAS,6,0,296,4000,2,13032,203,143,1,7,3,5
PA,05150,1505809,PORTEL,7,3,472,10679,1,18831,348,102,3,4,3,4
PA,05177,1505908,PORTO DE MOZ,3,2,402,7591,1,9783,153,56,0,3,0,4
PA,05193,1506005,PRAINHA,1,1,276,10016,0,10767,127,71,1,1,0,2
PA,05215,1506104,PRIMAVERA,2,0,196,2136,0,5798,127,56,0,2,1,4
PA,05231,1506203,SALINÓPOLIS,6,4,889,10812,2,17220,531,188,0,23,3,14
PA,05258,1506302,SALVATERRA,3,2,293,4050,2,11124,174,140,1,8,3,5
PA,05274,1506401,SANTA CRUZ DO ARARI,0,1,39,1400,0,3307,14,20,3,0,0,1
PA,05290,1506500,SANTA IZABEL DO PARÁ,17,8,987,17718,5,19808,648,488,2,31,8,29
PA,05312,1506609,SANTA MARIA DO PARÁ,1,2,484,8061,3,8568,242,152,0,12,0,13
PA,05339,1506708,SANTANA DO ARAGUAIA,1,3,255,12320,1,5193,183,168,2,7,0,2
PA,05355,1506807,SANTARÉM,65,25,5600,108078,48,78382,3856,2233,14,197,35,124
PA,05371,1506906,SANTARÉM NOVO,1,0,104,1397,0,3967,50,18,0,1,0,1
PA,05398,1507003,SANTO ANTÔNIO DO TAUÁ,3,4,628,7569,5,12601,282,168,1,28,0,13
PA,05410,1507102,SÃO CAETANO DE ODIVELAS,3,2,396,3231,1,8792,188,104,1,5,0,4
PA,05436,1507201,SÃO DOMINGOS DO CAPIM,2,1,395,5026,2,14001,207,188,3,2,1,4
PA,05452,1507300,SÃO FÉLIX DO XINGU,4,1,557,23071,3,7515,346,403,2,5,1,5
PA,05479,1507409,SÃO FRANCISCO DO PARÁ,4,1,273,5029,0,7503,149,106,1,1,1,2
PA,05495,1507508,SÃO JOÃO DO ARAGUAIA,1,5,136,4197,3,5336,86,73,0,2,0,1
PA,05517,1507607,SÃO MIGUEL DO GUAMÁ,7,2,1033,11437,4,20545,482,360,1,14,2,8
PA,05533,1507706,SÃO SEBASTIÃO DA BOA VISTA,2,1,322,4401,1,13805,214,86,0,1,0,3
PA,05550,1507805,SENADOR JOSÉ PORFÍRIO,1,3,157,6729,1,3870,101,101,0,3,0,7
PA,05576,1507904,SOURE,3,2,343,3861,5,12917,161,96,0,9,0,6
PA,05592,1508001,TOMÉ-AÇU,6,7,887,16970,4,20574,689,291,2,14,2,11
PA,05614,1508100,TUCURUÍ,26,4,1325,24019,11,26736,1222,443,1,50,4,34
PA,05630,1508209,VIGIA,7,4,954,9291,8,19402,579,208,2,24,2,11
PA,05657,1508308,VISEU,2,5,463,6907,2,25524,303,183,1,12,4,11
PA,05673,1506138,REDENÇÃO,14,4,916,34761,4,11726,672,470,3,18,1,21
PA,05690,1506161,RIO MARIA,1,1,164,6461,4,3376,115,200,2,7,0,2
PA,05711,1508407,XINGUARA,9,2,530,17605,2,7894,381,368,2,8,0,15
PA,05738,1506187,RONDON DO PARÁ,2,3,294,11652,4,7754,233,157,3,3,1,7
PA,05754,1508159,URUARÁ,3,6,381,18737,0,4745,236,189,0,10,0,13
PA,05770,1504455,MEDICILÂNDIA,0,3,305,11318,4,3806,188,143,2,9,2,6
PA,05797,1507458,SÃO GERALDO DO ARAGUAIA,2,0,301,8816,0,5631,162,142,1,1,0,5
PA,05819,1502756,CONCÓRDIA DO PARÁ,2,5,217,7737,2,11158,196,104,0,6,0,4
PA,05835,1505536,PARAUAPEBAS,51,19,5425,89244,32,51646,3270,1444,12,117,6,133
PA,05851,1502772,CURIONÓPOLIS,3,2,287,7212,0,4765,186,66,0,8,1,4
PA,05878,1503077,GARRAFÃO DO NORTE,4,2,401,5663,0,10723,207,152,0,8,1,5
PA,05894,1506195,RURÓPOLIS,5,1,242,10826,1,3946,191,158,1,7,0,6
PA,05916,1505486,PACAJÁ,1,3,294,15214,1,6201,230,245,2,8,0,7
PA,05932,1501758,BREJO GRANDE DO ARAGUAIA,0,0,63,2433,0,2648,53,33,0,0,0,2
PA,05959,1505437,OURILÂNDIA DO NORTE,7,4,407,11989,0,6063,240,174,0,6,0,18
PA,05975,1502939,DOM ELISEU,3,4,396,12367,1,10038,397,134,1,8,0,8
PA,05991,1506583,SANTA MARIA DAS BARREIRAS,4,2,159,6587,0,2749,64,149,0,1,0,2
PB,19003,2512762,RIACHÃO DO POÇO,2,0,91,1211,2,2455,37,22,0,2,0,1
PB,19011,2500106,ÁGUA BRANCA,1,0,141,1112,4,4874,111,33,0,1,0,5
PB,19020,2515971,SOBRADO,1,1,136,1914,0,4051,47,48,0,2,0,4
PB,19038,2500205,AGUIAR,0,0,87,719,0,2862,30,16,0,1,0,1
PB,19046,2514453,SÃO JOSÉ DOS RAMOS,0,1,98,1118,0,3104,41,22,0,2,1,0
PB,19054,2500304,ALAGOA GRANDE,1,4,364,4323,2,11918,200,111,0,2,0,4
PB,19062,2504033,CAPIM,1,1,110,1424,0,3533,74,15,0,0,0,2
PB,19070,2500403,ALAGOA NOVA,2,3,371,2785,2,8684,238,89,0,6,0,8
PB,19089,2505238,CUITÉ DE MAMANGUAPE,1,2,97,1324,0,4083,80,17,0,0,1,3
PB,19097,2500502,ALAGOINHA,0,2,203,1803,2,7145,135,27,0,4,0,3
PB,19100,2505279,CURRAL DE CIMA,0,2,129,1047,1,3335,64,24,0,3,1,8
PB,19119,2500601,ALHANDRA,5,3,463,6439,4,8729,179,88,1,4,1,6
PB,19127,2512754,RIACHÃO DO BACAMARTE,0,4,86,1069,0,2576,44,20,0,6,1,3
PB,19135,2500700,SÃO JOÃO DO RIO DO PEIXE,2,0,208,2155,4,8769,197,60,1,0,1,5
PB,19143,2509339,MATINHAS,1,0,82,722,1,2680,29,21,1,0,0,1
PB,19151,2500809,ARAÇAGI,0,2,237,2098,4,8271,125,47,0,5,1,1
PB,19160,2508554,LOGRADOURO,1,0,89,1245,1,2318,62,16,1,3,0,1
PB,19178,2500908,ARARA,3,1,222,1569,1,4851,96,34,1,1,1,4
PB,19186,2515930,SERTÃOZINHO,0,0,130,991,0,2759,70,21,0,0,2,1
PB,19194,2501005,ARARUNA,3,1,224,3109,3,6942,118,52,1,3,1,5
PB,19208,2512747,RIACHÃO,0,1,40,588,0,1975,16,15,0,2,0,0
PB,19216,2501104,AREIA,1,6,340,2885,2,10722,200,108,1,10,0,10
PB,19224,2513943,SÃO DOMINGOS DO CARIRI,2,0,71,644,0,1592,38,5,0,1,0,2
PB,19232,2501203,AREIAL,0,0,171,1368,0,3373,81,37,0,3,2,7
PB,19240,2504074,CARAÚBAS,1,1,78,850,1,2687,41,22,0,1,0,3
PB,19259,2501302,AROEIRAS,0,3,341,2635,3,9216,193,51,0,3,2,4
PB,19267,2513851,SANTO ANDRÉ,0,0,62,546,1,1688,8,14,0,2,0,1
PB,19275,2505352,DAMIÃO,2,0,135,610,2,2777,16,12,2,1,0,0
PB,19283,2516151,SOSSÊGO,0,0,71,534,0,2347,31,5,0,0,0,2
PB,19291,2501401,BAÍA DA TRAIÇÃO,1,0,109,1295,2,4975,53,22,0,0,1,2
PB,19305,2501534,BARAÚNA,0,1,135,761,1,2681,42,20,0,1,0,2
PB,19313,2501500,BANANEIRAS,2,1,434,3567,0,10014,175,83,1,5,0,4
PB,19321,2501351,ASSUNÇÃO,1,2,66,888,0,2137,25,18,1,2,1,1
PB,19330,2501609,BARRA DE SANTA ROSA,2,0,197,1760,2,6795,98,34,0,5,0,3
PB,19348,2517407,ZABELÊ,0,1,30,318,0,1616,31,6,0,0,0,0
PB,19356,2501708,BARRA DE SÃO MIGUEL,0,0,118,1388,0,3334,58,21,0,0,0,1
PB,19364,2503555,CACIMBAS,0,0,108,744,1,3612,54,14,0,1,0,2
PB,19372,2501807,BAYEUX,18,7,2174,27396,12,27912,970,557,5,51,5,50
PB,19380,2503753,CAJAZEIRINHAS,0,0,43,636,0,2137,24,13,0,0,0,0
PB,19399,2501906,BELÉM,2,1,231,2977,1,6371,107,50,0,4,1,4
PB,19402,2513927,SÃO BENTINHO,0,1,54,494,0,2216,32,16,0,1,0,2
PB,19410,2502003,BELÉM DO BREJO DO CRUZ,1,0,95,1347,0,3427,78,13,0,0,0,2
PB,19429,2513968,SÃO DOMINGOS,0,0,40,616,0,1758,25,8,0,0,0,1
PB,19437,2502102,BOA VENTURA,1,0,93,658,1,2894,32,23,0,0,0,1
PB,19445,2514552,SÃO JOSÉ DE PRINCESA,0,3,28,317,0,1990,18,17,0,3,0,0
PB,19453,2502201,BOM JESUS,0,0,36,350,0,2041,58,14,0,0,0,0
PB,19461,2509156,MARIZÓPOLIS,0,0,202,1532,1,3079,62,41,0,2,0,0
PB,19470,2502300,BOM SUCESSO,1,0,47,572,0,3112,35,10,1,0,0,0
PB,19488,2509370,MATO GROSSO,0,0,29,404,1,1635,20,12,0,0,0,0
PB,19496,2502409,BONITO DE SANTA FÉ,0,1,114,1474,0,4356,72,23,0,5,0,1
PB,19500,2502052,BERNARDINO BATISTA,0,2,31,407,1,1873,22,8,0,1,0,1
PB,19518,2502508,BOQUEIRÃO,1,2,383,3981,1,8029,163,77,3,6,1,5
PB,19526,2512077,POÇO DE JOSÉ DE MOURA,1,0,74,561,2,2786,57,12,0,1,1,0
PB,19534,2502607,IGARACY,0,2,165,1022,0,3030,48,29,0,2,0,3
PB,19542,2514651,SÃO JOSÉ DO BREJO DO CRUZ,2,0,63,620,0,1293,27,10,0,0,0,0
PB,19550,2502706,BORBOREMA,1,0,93,919,0,2623,29,26,0,2,0,3
PB,19569,2513356,SANTA INÊS,1,0,41,361,1,2441,21,11,0,0,0,1
PB,19577,2502805,BREJO DO CRUZ,0,1,230,2640,0,5362,114,46,0,4,1,2
PB,19585,2500734,AMPARO,0,0,36,310,0,1804,19,4,0,0,0,0
PB,19593,2502904,BREJO DOS SANTOS,0,1,91,1235,1,3382,52,11,0,0,0,1
PB,19607,2504157,CASSERENGUE,0,4,126,921,1,3513,49,17,0,2,0,4
PB,19615,2503001,CAAPORÃ,1,3,354,4214,1,8448,163,70,0,4,1,10
PB,19623,2506251,GADO BRAVO,1,0,111,1164,0,4811,125,33,1,4,0,3
PB,19631,2503100,CABACEIRAS,3,0,102,1327,0,2661,93,31,0,1,0,5
PB,19640,2512036,POÇO DANTAS,1,0,85,373,0,2590,34,11,0,0,0,0
PB,19658,2503209,CABEDELO,14,3,1543,18499,19,19051,818,437,7,38,10,43
PB,19666,2513653,JOCA CLAUDINO,0,1,32,297,1,1496,34,15,1,0,0,0
PB,19674,2503308,CACHOEIRA DOS ÍNDIOS,0,4,145,842,1,4922,95,31,0,2,0,1
PB,19682,2516755,TENÓRIO,0,1,46,622,2,1889,26,7,0,0,0,0
PB,19690,2503407,CACIMBA DE AREIA,0,1,58,689,0,2575,40,13,0,0,0,1
PB,19704,2504850,COXIXOLA,0,0,35,333,0,1203,22,13,1,0,0,1
PB,19712,2503506,CACIMBA DE DENTRO,2,2,260,2752,1,6977,149,28,0,1,2,5
PB,19720,2510659,PARARI,0,0,35,423,1,1434,19,10,0,0,2,1
PB,19739,2503605,CAIÇARA,1,1,125,1483,1,3075,71,20,0,0,1,2
PB,19747,2512721,PEDRO RÉGIS,1,1,126,1273,1,2448,49,34,0,1,0,0
PB,19755,2503704,CAJAZEIRAS,8,3,913,7508,6,28253,746,217,5,14,2,18
PB,19763,2500536,ALCANTIL,0,2,139,1483,1,2293,66,42,0,2,0,3
PB,19771,2503803,CALDAS BRANDÃO,0,0,82,1126,0,3004,51,16,0,1,0,0
PB,19780,2501575,BARRA DE SANTANA,1,2,145,1568,2,4182,78,48,1,3,0,5
PB,19798,2503902,CAMALAÚ,0,1,58,588,0,4206,36,13,0,1,0,4
PB,19801,2504355,CATURITÉ,1,1,146,1030,1,3131,60,37,0,4,0,3
PB,19810,2504009,CAMPINA GRANDE,70,44,8519,108991,77,118783,5435,2900,59,225,30,303
PB,19828,2512788,RIACHO DE SANTO ANTÔNIO,0,1,47,799,0,1389,23,11,0,0,0,0
PB,19836,2504108,CARRAPATEIRA,0,0,52,273,1,1522,10,6,0,0,0,0
PB,19844,2500775,APARECIDA,1,0,107,1376,0,4027,77,38,0,1,1,1
PB,19852,2504207,CATINGUEIRA,1,0,64,1035,0,2742,37,25,0,0,1,0
PB,19860,2513984,SÃO FRANCISCO,0,0,126,810,0,2305,27,17,0,1,1,0
PB,19879,2504306,CATOLÉ DO ROCHA,1,2,406,4521,3,12601,249,65,1,9,0,12
PB,19887,2517209,VIEIRÓPOLIS,0,2,75,877,0,3189,45,26,0,1,1,1
PB,19895,2504405,CONCEIÇÃO,2,1,185,2644,2,8262,140,61,0,5,1,6
PB,19909,2501153,AREIA DE BARAÚNAS,1,1,45,442,0,1295,18,10,0,0,0,1
PB,19917,2504504,CONDADO,1,1,98,865,0,3307,40,11,0,1,0,4
PB,19925,2500577,ALGODÃO DE JANDAÍRA,0,0,43,326,1,1968,20,6,0,0,0,1
PB,19933,2504603,CONDE,3,1,580,7703,2,11440,306,146,4,8,1,14
PB,19941,2502151,BOA VISTA,0,0,126,1566,1,3243,76,42,2,3,0,0
PB,19950,2504702,CONGO,0,0,80,849,0,3307,59,14,0,1,0,2
PB,19968,2509057,MARCAÇÃO,0,0,90,1194,2,4660,59,24,1,3,1,2
PB,19976,2504801,COREMAS,2,1,185,2672,2,6382,145,32,0,3,0,1
PB,19984,2509396,MATURÉIA,0,1,75,804,0,3434,37,13,0,1,0,3
PB,19992,2504900,CRUZ DO ESPÍRITO SANTO,3,2,279,3791,2,8410,108,53,1,0,2,10
PB,20001,2513158,SANTA CECÍLIA,0,1,164,1537,1,3979,68,34,0,1,0,0
PB,20010,2505006,CUBATI,0,0,159,1376,1,3612,59,31,1,2,0,1
PB,20036,2505105,CUITÉ,1,1,310,2578,2,9903,133,66,3,6,1,4
PB,20052,2505204,CUITEGI,1,0,91,1115,1,3216,52,20,2,3,0,0
PB,20079,2505303,CURRAL VELHO,2,0,78,374,0,1243,7,33,0,0,0,1
PB,20095,2505402,DESTERRO,1,1,117,1400,0,4244,56,6,1,2,0,1
PB,20117,2505501,VISTA SERRANA,0,0,57,521,0,1934,41,19,0,1,0,0
PB,20133,2505600,DIAMANTE,0,0,78,764,0,3320,57,27,0,1,0,0
PB,20150,2505709,DONA INÊS,2,1,138,1271,4,5492,76,26,0,1,1,5
PB,20176,2505808,DUAS ESTRADAS,1,0,70,865,1,1932,31,19,0,1,0,2
PB,20192,2505907,EMAS,0,1,69,748,1,1836,42,12,0,0,0,1
PB,20214,2506004,ESPERANÇA,3,4,711,6326,3,12496,353,114,1,11,1,10
PB,20230,2506103,FAGUNDES,1,2,190,1609,4,5939,118,40,3,2,1,4
PB,20257,2506202,FREI MARTINHO,2,1,85,634,0,1521,38,18,0,3,0,1
PB,20273,2506301,GUARABIRA,9,5,1213,12337,9,19765,666,250,6,13,5,37
PB,20290,2506400,GURINHÉM,2,2,168,2096,0,6110,125,39,0,1,1,2
PB,20311,2506509,GURJÃO,0,0,48,445,2,2045,22,14,0,2,0,1
PB,20338,2506608,IBIARA,0,0,114,735,0,3245,50,17,1,0,1,2
PB,20354,2506707,IMACULADA,0,2,109,1160,1,5354,65,27,0,1,0,2
PB,20370,2506806,INGÁ,2,2,224,3666,1,7800,147,48,0,2,0,12
PB,20397,2506905,ITABAIANA,1,2,407,5524,6,9027,196,120,3,9,1,6
PB,20419,2507002,ITAPORANGA,1,2,360,3220,2,9241,211,85,4,5,2,10
PB,20435,2507101,ITAPOROROCA,3,0,300,2933,0,7656,126,78,1,4,2,6
PB,20451,2507200,ITATUBA,0,2,145,2011,0,4811,53,25,1,3,1,4
PB,20478,2507309,JACARAÚ,0,1,328,3493,1,6352,181,69,0,8,2,7
PB,20494,2507408,JERICÓ,1,0,108,1212,0,3696,31,9,1,1,0,2
PB,20516,2507507,JOÃO PESSOA,206,57,17814,215086,202,219023,11025,6042,83,661,46,725
PB,20532,2507606,JUAREZ TÁVORA,0,0,138,1507,0,4374,47,22,0,0,1,1
PB,20559,2507705,JUAZEIRINHO,1,0,188,2803,4,7484,110,31,0,3,1,5
PB,20575,2507804,JUNCO DO SERIDÓ,1,1,167,1187,1,3154,84,22,1,0,0,3
PB,20591,2507903,JURIPIRANGA,1,1,156,2253,0,4914,106,37,0,1,0,3
PB,20613,2508000,JURU,0,0,124,1040,3,4766,42,23,0,0,0,0
PB,20630,2508109,LAGOA,1,0,91,595,1,2777,53,11,0,8,1,2
PB,20656,2508208,LAGOA DE DENTRO,1,1,161,1519,0,3814,83,29,0,2,0,3
PB,20672,2508307,LAGOA SECA,8,3,490,6181,9,10065,236,135,1,12,2,7
PB,20699,2508406,LASTRO,0,1,63,717,1,2619,39,21,1,0,0,4
PB,20710,2508505,LIVRAMENTO,0,0,128,1034,2,3164,39,27,0,0,0,2
PB,20737,2508604,LUCENA,6,0,265,3248,0,6131,142,68,0,8,0,5
PB,20753,2508703,MÃE D'ÁGUA,0,1,78,634,1,2314,34,15,0,1,0,1
PB,20770,2508802,MALTA,2,0,70,686,0,3150,50,19,0,0,0,2
PB,20796,2508901,MAMANGUAPE,11,3,855,9234,3,15315,468,179,0,3,4,10
PB,20818,2509008,MANAÍRA,0,2,93,922,1,5507,66,37,0,5,1,12
PB,20834,2509107,MARI,3,3,352,4108,4,9729,213,74,0,5,3,3
PB,20850,2509206,MASSARANDUBA,6,1,212,2610,3,6224,132,62,1,0,1,4
PB,20877,2509305,MATARACA,0,0,145,1965,1,4083,98,35,0,2,0,1
PB,20893,2509404,MOGEIRO,0,0,203,2751,2,5739,78,40,0,3,0,4
PB,20915,2509503,MONTADAS,1,1,159,1153,0,2762,45,24,0,2,1,1
PB,20931,2509602,MONTE HOREBE,0,1,93,605,0,2398,43,10,1,0,0,1
PB,20958,2509701,MONTEIRO,1,4,403,4647,2,15329,403,97,3,5,1,12
PB,20974,2509800,MULUNGU,1,1,196,1761,1,5094,94,49,0,5,0,4
PB,20990,2509909,NATUBA,2,3,124,1261,2,3551,73,30,0,3,0,5
PB,21016,2510006,NAZAREZINHO,0,0,109,1039,0,4305,56,21,0,0,1,1
PB,21032,2510105,NOVA FLORESTA,3,0,229,1552,0,4309,94,31,0,0,0,4
PB,21059,2510204,NOVA OLINDA,0,0,80,709,0,3092,44,15,0,1,0,1
PB,21075,2510303,NOVA PALMEIRA,1,0,91,533,1,2373,60,9,0,0,0,1
PB,21091,2510402,OLHO D'ÁGUA,0,0,121,1266,0,3802,64,27,0,0,2,0
PB,21113,2510501,OLIVEDOS,0,0,115,895,0,2103,37,17,0,1,0,1
PB,21130,2510600,OURO VELHO,1,1,42,476,0,1975,22,9,0,0,0,1
PB,21156,2510709,PASSAGEM,0,0,51,604,0,1485,27,10,0,0,0,0
PB,21172,2510808,PATOS,12,5,1566,17681,14,31431,1159,363,6,50,3,32
PB,21199,2510907,PAULISTA,0,1,272,2536,1,5574,135,22,1,0,0,3
PB,21210,2511004,PEDRA BRANCA,0,0,89,826,2,2025,30,28,0,2,1,1
PB,21237,2511103,PEDRA LAVRADA,6,0,145,1000,0,3540,67,27,0,2,2,3
PB,21253,2511202,PEDRAS DE FOGO,0,3,407,6368,1,12172,287,99,4,2,0,11
PB,21270,2511301,PIANCÓ,2,1,261,2576,1,6507,111,56,0,1,1,10
PB,21296,2511400,PICUÍ,4,0,291,3308,2,7815,200,86,0,5,0,8
PB,21318,2511509,PILAR,3,1,260,2659,2,5404,89,60,0,1,0,1
PB,21334,2511608,PILÕES,2,1,126,1212,0,3896,65,37,0,1,0,3
PB,21350,2511707,PILÕEZINHOS,1,2,113,995,2,3287,60,16,0,2,0,1
PB,21377,2511806,PIRPIRITUBA,1,0,222,1621,1,4375,109,51,1,3,1,3
PB,21393,2511905,PITIMBU,1,0,288,3089,0,6395,79,43,0,3,1,4
PB,21415,2512002,POCINHOS,0,0,370,3914,4,7251,178,82,0,5,2,12
PB,21431,2512101,POMBAL,1,3,537,6509,4,12343,305,138,2,10,1,9
PB,21458,2512200,PRATA,0,1,50,904,1,2273,31,16,0,0,1,1
PB,21474,2512309,PRINCESA ISABEL,0,1,250,2283,4,9524,241,48,1,2,1,9
PB,21490,2512408,PUXINANÃ,2,1,381,3204,1,6222,179,81,1,6,2,6
PB,21512,2512507,QUEIMADAS,4,3,720,7873,6,19096,458,143,3,13,6,31
PB,21539,2512606,QUIXABA,1,0,39,590,0,1286,24,18,0,0,0,0
PB,21555,2512705,REMÍGIO,1,1,317,2589,2,8385,154,48,1,7,2,3
PB,21571,2512804,RIACHO DOS CAVALOS,0,1,120,1403,2,5133,58,25,0,0,2,4
PB,21598,2512903,RIO TINTO,4,1,378,4688,1,9588,198,86,0,2,0,6
PB,21610,2513000,SALGADINHO,1,0,99,738,0,1645,33,8,0,1,0,1
PB,21636,2513109,SALGADO DE SÃO FÉLIX,5,0,178,2070,1,5369,113,34,1,6,0,2
PB,21652,2513208,SANTA CRUZ,1,0,71,780,1,3572,48,28,0,1,0,1
PB,21679,2513307,SANTA HELENA,1,0,50,620,0,3803,106,21,0,1,0,1
PB,21695,2513406,SANTA LUZIA,0,1,336,3022,2,6173,151,62,2,3,0,7
PB,21717,2513505,SANTANA DE MANGUEIRA,3,0,77,444,1,2757,31,15,2,2,1,0
PB,21733,2513604,SANTANA DOS GARROTES,1,1,123,1039,1,3327,66,29,0,5,0,0
PB,21750,2513703,SANTA RITA,34,10,2743,32912,19,42713,1385,638,7,62,6,61
PB,21776,2513802,SANTA TERESINHA,0,1,109,1199,0,2993,69,20,0,1,0,2
PB,21792,2513901,SÃO BENTO,4,1,1080,10379,3,11253,396,112,0,6,2,11
PB,21814,2514008,SÃO JOÃO DO CARIRI,0,0,47,752,4,2856,38,20,0,0,0,0
PB,21830,2514107,SÃO JOÃO DO TIGRE,0,1,36,568,0,2396,31,15,0,3,0,2
PB,21857,2514206,SÃO JOSÉ DA LAGOA TAPADA,1,0,76,1047,1,4164,72,34,0,0,0,3
PB,21873,2514305,SÃO JOSÉ DE CAIANA,0,1,74,778,0,2958,70,16,0,1,0,1
PB,21890,2514404,SÃO JOSÉ DE ESPINHARAS,0,1,66,773,0,2660,44,16,0,1,0,3
PB,21911,2514503,SÃO JOSÉ DE PIRANHAS,3,0,270,2068,1,9261,187,68,4,0,0,5
PB,21938,2514602,SÃO JOSÉ DO BONFIM,0,0,87,995,1,2365,37,18,0,1,0,1
PB,21954,2514701,SÃO JOSÉ DO SABUGI,1,3,98,1023,0,2460,26,18,0,2,0,1
PB,21970,2514800,SÃO JOSÉ DOS CORDEIROS,0,0,28,557,1,2297,21,26,0,2,0,4
PB,21997,2514909,SÃO MAMEDE,1,3,162,1627,0,3456,61,33,1,0,0,4
PB,22012,2515005,SÃO MIGUEL DE TAIPU,0,1,111,2023,1,2823,52,32,0,0,0,5
PB,22039,2515104,SÃO SEBASTIÃO DE LAGOA DE ROÇA,0,2,208,1963,3,4471,127,58,0,2,1,4
PB,22055,2515203,SÃO SEBASTIÃO DO UMBUZEIRO,1,0,42,357,1,2085,22,9,0,0,0,0
PB,22071,2515302,SAPÉ,3,7,673,9366,7,18302,381,226,3,10,4,22
PB,22098,2515401,SÃO VICENTE DO SERIDÓ,2,0,219,1370,0,5352,67,41,1,2,2,7
PB,22110,2515500,SERRA BRANCA,1,0,148,2291,1,5775,141,46,0,8,0,7
PB,22136,2515609,SERRA DA RAIZ,0,1,51,738,1,1584,27,18,0,2,1,1
PB,22152,2515708,SERRA GRANDE,0,0,43,324,1,1915,37,16,0,1,0,1
PB,22179,2515807,SERRA REDONDA,2,3,145,1205,0,3722,44,26,0,1,0,3
PB,22195,2515906,SERRARIA,2,0,100,793,3,2346,55,29,0,0,1,0
PB,22217,2516003,SOLÂNEA,7,1,535,4787,3,11013,220,105,1,7,0,10
PB,22233,2516102,SOLEDADE,0,0,255,2579,4,6151,98,62,2,3,1,5
PB,22250,2516201,SOUSA,7,4,1208,11592,8,24676,728,266,4,8,2,20
PB,22276,2516300,SUMÉ,1,1,181,2432,3,8123,157,44,0,4,2,7
PB,22292,2516409,TACIMA,0,3,135,1635,0,4139,74,33,0,1,0,3
PB,22314,2516508,TAPEROÁ,0,3,161,1825,6,6102,79,42,0,0,0,2
PB,22330,2516607,TAVARES,1,2,85,1172,3,7091,118,14,1,2,0,1
PB,22357,2516706,TEIXEIRA,2,2,152,1901,1,6957,101,35,0,2,1,0
PB,22373,2516805,TRIUNFO,0,0,135,823,1,4848,78,22,0,1,0,2
PB,22390,2516904,UIRAÚNA,0,1,270,2143,2,7431,154,57,0,4,2,5
PB,22411,2517001,UMBUZEIRO,0,1,139,1366,5,4314,88,39,2,2,2,2
PB,22438,2517100,VÁRZEA,0,0,61,502,2,1755,29,19,0,0,0,3
PE,23000,2611533,QUIXABA,0,0,53,594,0,4270,43,42,0,0,0,2
PE,23019,2600104,AFOGADOS DA INGAZEIRA,2,1,404,5300,1,16835,291,188,0,11,0,26
PE,23027,2608453,LAGOA DO CARRO,1,2,278,3689,1,8436,127,153,0,3,2,4
PE,23035,2600203,AFRÂNIO,4,1,336,3770,1,8397,142,226,2,1,0,12
PE,23043,2612471,SANTA CRUZ DA BAIXA VERDE,0,0,212,1341,2,5922,131,110,0,1,1,8
PE,23051,2600302,AGRESTINA,2,2,318,3992,0,11514,237,161,0,5,2,8
PE,23060,2616506,XEXÉU,3,4,167,2137,0,5583,80,95,0,0,0,5
PE,23078,2600401,ÁGUA PRETA,3,1,224,3432,2,10808,164,139,1,0,0,7
PE,23086,2616183,VERTENTE DO LÉRIO,0,0,115,1394,0,4812,88,93,0,1,0,2
PE,23094,2600500,ÁGUAS BELAS,2,3,453,5239,3,17727,393,352,2,5,5,15
PE,23108,2612455,SANTA CRUZ,1,0,316,1632,0,8183,103,73,0,0,0,0
PE,23116,2600609,ALAGOINHA,0,1,113,1235,0,8034,118,129,0,2,0,2
PE,23124,2608255,JUCATI,3,1,108,1232,0,6329,72,68,0,4,1,5
PE,23132,2600708,ALIANÇA,4,6,407,5825,1,14569,209,384,0,4,5,13
PE,23140,2605152,DORMENTES,0,2,487,3325,2,8436,152,176,0,1,0,6
PE,23159,2600807,ALTINHO,3,2,262,3028,2,9814,136,199,2,1,1,6
PE,23167,2603926,CARNAUBEIRA DA PENHA,0,0,156,839,1,8527,69,59,0,0,0,3
PE,23175,2600906,AMARAJI,0,0,256,3900,4,8734,85,140,1,1,0,14
PE,23183,2608750,LAGOA GRANDE,3,1,501,3252,0,11618,233,142,0,3,1,19
PE,23191,2601003,ANGELIM,2,0,102,1511,1,5111,89,64,0,4,1,2
PE,23205,2601052,ARAÇOIABA,0,1,325,3680,0,9092,153,261,1,2,0,12
PE,23213,2601102,ARARIPINA,3,5,1211,10820,5,32160,611,413,0,8,1,38
PE,23221,2604155,CASINHAS,0,1,167,1766,0,6872,85,139,0,5,1,5
PE,23230,2601201,ARCOVERDE,9,6,927,10211,10,28253,613,375,1,18,7,32
PE,23248,2609154,MANARI,0,1,176,1131,0,8703,113,105,0,2,0,3
PE,23256,2601300,BARRA DE GUABIRABA,0,0,123,2835,0,4988,68,77,0,0,1,2
PE,23264,2608057,JATOBÁ,2,2,172,1157,0,7017,118,70,2,3,0,2
PE,23272,2601409,BARREIROS,3,7,436,7196,2,13980,255,212,0,8,0,7
PE,23280,2614857,TAMANDARÉ,1,0,230,4895,1,9800,150,152,0,5,0,14
PE,23299,2601508,BELÉM DE MARIA,2,0,178,1864,2,5113,85,81,0,0,0,0
PE,23302,2607950,JAQUEIRA,0,0,103,1751,2,4771,66,87,1,0,0,1
PE,23310,2601607,BELÉM DO SÃO FRANCISCO,0,1,269,1927,2,9306,167,109,1,2,0,2
PE,23329,2612554,SANTA FILOMENA,1,0,254,1575,0,7455,63,115,0,1,0,4
PE,23337,2601706,BELO JARDIM,3,6,1390,13557,10,30166,753,558,4,13,4,57
PE,23353,2601805,BETÂNIA,0,0,151,873,0,6368,52,84,0,2,0,4
PE,23370,2601904,BEZERROS,4,9,823,10523,6,25506,515,487,0,17,0,51
PE,23396,2602001,BODOCÓ,2,4,345,2881,1,17737,262,246,0,8,1,8
PE,23418,2602100,BOM CONSELHO,3,4,436,5154,3,19346,281,365,0,3,1,8
PE,23434,2602209,BOM JARDIM,1,5,395,5347,4,16995,255,276,0,3,0,10
PE,23450,2602308,BONITO,4,10,447,7418,4,14524,317,388,1,4,4,18
PE,23477,2602407,BREJÃO,1,0,140,1588,0,5721,91,95,1,1,3,8
PE,23493,2602506,BREJINHO,0,1,113,1009,0,4350,65,87,0,1,2,2
PE,23515,2602605,BREJO DA MADRE DE DEUS,4,4,755,8750,8,16581,412,284,2,3,3,18
PE,23531,2602704,BUENOS AIRES,0,2,104,2089,3,6822,74,98,0,2,0,6
PE,23558,2602803,BUÍQUE,2,10,329,4117,3,23785,296,490,1,12,5,8
PE,23574,2602902,CABO DE SANTO AGOSTINHO,28,19,3991,37650,27,88386,2065,1697,13,38,12,111
PE,23590,2603009,CABROBÓ,1,2,538,3541,1,15648,254,152,0,3,3,8
PE,23612,2603108,CACHOEIRINHA,1,3,215,3036,1,8924,188,169,1,2,0,7
PE,23639,2603207,CAETÉS,0,1,137,1472,1,12694,205,70,0,9,0,5
PE,23655,2603306,CALÇADO,1,1,117,898,0,4938,62,104,0,1,0,2
PE,23671,2603405,CALUMBI,0,0,102,735,0,4824,52,58,0,0,0,3
PE,23698,2603504,CAMOCIM DE SÃO FÉLIX,0,1,264,3386,2,8145,142,150,0,1,1,7
PE,23710,2603603,CAMUTANGA,1,2,100,1582,0,3655,72,75,0,1,1,6
PE,23736,2603702,CANHOTINHO,0,2,159,3486,1,9050,110,92,2,2,0,3
PE,23752,2603801,CAPOEIRAS,1,0,174,1509,2,9833,163,158,0,6,1,4
PE,23779,2603900,CARNAÍBA,0,2,182,1896,2,10126,119,117,2,2,0,7
PE,23795,2604007,CARPINA,2,6,1160,19665,14,25652,665,738,2,33,6,52
PE,23817,2604106,CARUARU,40,18,5966,82763,41,109691,3713,3126,10,115,19,212
PE,23833,2604205,CATENDE,3,3,370,4962,0,13575,230,223,1,2,4,8
PE,23850,2604304,CEDRO,2,0,189,1180,1,5762,96,118,0,3,1,2
PE,23876,2604403,CHÃ DE ALEGRIA,1,0,138,2563,1,6192,56,104,0,1,0,5
PE,23892,2604502,CHÃ GRANDE,0,1,407,4736,1,9418,159,183,0,5,1,7
PE,23914,2604601,CONDADO,0,1,284,4387,1,10200,207,166,0,6,0,7
PE,23930,2604700,CORRENTES,0,0,164,1808,0,7601,134,96,0,4,0,1
PE,23957,2604809,CORTÊS,5,1,151,2088,1,5846,129,139,0,2,0,5
PE,23973,2604908,CUMARU,0,0,197,2624,0,8371,124,130,1,1,0,1
PE,23990,2605004,CUPIRA,4,2,424,5083,4,9537,174,146,1,3,2,9
PE,24015,2605103,CUSTÓDIA,0,1,441,3202,3,17343,267,289,0,2,1,11
PE,24031,2605202,ESCADA,9,4,1092,10368,4,25252,435,429,1,8,1,29
PE,24058,2605301,EXU,0,3,403,3357,3,17334,250,217,2,6,2,14
PE,24074,2605400,FEIRA NOVA,1,0,259,4585,5,8818,181,237,0,5,1,7
PE,24090,2605509,FERREIROS,0,0,154,2096,0,5312,87,134,0,3,0,5
PE,24112,2605608,FLORES,2,2,196,1801,1,9756,126,150,0,3,1,4
PE,24139,2605707,FLORESTA,7,2,341,2854,2,15329,272,141,1,2,0,9
PE,24155,2605806,FREI MIGUELINHO,2,1,250,3174,1,7028,77,186,0,3,0,2
PE,24171,2605905,GAMELEIRA,0,0,219,3167,1,7190,120,122,0,3,2,7
PE,24198,2606002,GARANHUNS,8,7,1761,19550,6,53078,1561,656,6,35,6,56
PE,24210,2606101,GLÓRIA DO GOITÁ,4,3,340,4406,6,12792,233,179,3,8,1,11
PE,24236,2606200,GOIANA,8,4,1288,18178,2,32987,769,576,2,10,3,47
PE,24252,2606309,GRANITO,0,0,95,917,0,4418,71,73,0,0,1,1
PE,24279,2606408,GRAVATÁ,5,10,1636,18368,10,30773,778,570,1,25,5,40
PE,24295,2606507,IATI,0,0,174,1655,0,8880,133,110,0,2,1,4
PE,24317,2606606,IBIMIRIM,2,2,230,1891,0,13547,180,115,0,3,0,6
PE,24333,2606705,IBIRAJUBA,0,2,91,1036,0,3979,65,51,0,0,0,1
PE,24350,2606804,IGARASSU,10,7,1974,23072,12,43364,1171,921,2,29,6,68
PE,24376,2606903,IGUARACY,0,0,110,1109,0,5541,59,73,1,1,0,4
PE,24392,2607000,INAJÁ,0,0,147,1209,0,10390,69,56,0,1,0,2
PE,24414,2607109,INGAZEIRA,0,0,54,462,1,2829,14,35,0,0,0,1
PE,24430,2607208,IPOJUCA,9,8,1798,17919,9,47651,956,735,2,18,8,54
PE,24457,2607307,IPUBI,2,4,612,3679,2,12714,251,197,1,3,0,7
PE,24473,2607406,ITACURUBA,0,0,56,507,0,3081,33,11,0,0,0,0
PE,24490,2607505,ITAÍBA,1,4,401,2758,4,11977,199,244,0,2,1,5
PE,24511,2607604,ILHA DE ITAMARACÁ,1,3,319,3718,2,9986,145,201,0,8,0,11
PE,24538,2607703,ITAPETIM,1,1,162,1690,1,7010,102,105,0,4,0,9
PE,24554,2607802,ITAQUITINGA,1,4,223,2990,1,6809,116,109,2,0,0,1
PE,24570,2607901,JABOATÃO DOS GUARARAPES,84,48,11040,147539,75,199975,7132,5317,34,281,41,482
PE,24597,2608008,JATAÚBA,3,1,271,2465,2,8687,155,103,0,2,0,3
PE,24619,2608107,JOÃO ALFREDO,1,1,450,4046,1,13280,233,229,2,7,0,18
PE,24635,2608206,JOAQUIM NABUCO,2,0,229,2975,0,7120,89,107,1,1,1,8
PE,24651,2608305,JUPI,0,0,205,1694,0,8218,192,132,2,2,1,4
PE,24678,2608404,JUREMA,1,0,144,1809,1,6985,106,99,0,0,0,1
PE,24694,2608503,LAGOA DE ITAENGA,2,0,325,4164,4,9561,141,219,3,6,3,8
PE,24716,2608602,LAGOA DO OURO,1,1,142,1468,0,6822,123,110,1,2,0,6
PE,24732,2608701,LAGOA DOS GATOS,2,0,129,1848,0,6686,71,99,2,0,0,2
PE,24759,2608800,LAJEDO,3,1,653,7567,8,15821,387,298,2,9,0,16
PE,24775,2608909,LIMOEIRO,5,2,696,9746,1,24895,547,446,8,5,6,31
PE,24791,2609006,MACAPARANA,3,2,382,4843,2,9088,165,245,0,3,2,8
PE,24813,2609105,MACHADOS,1,1,164,1954,0,6219,77,103,0,2,0,3
PE,24830,2609204,MARAIAL,1,2,78,1657,1,4055,60,61,0,0,0,1
PE,24856,2609303,MIRANDIBA,1,0,98,1675,2,6695,66,110,0,3,1,2
PE,24872,2609402,MORENO,2,7,968,11818,3,23371,436,621,5,9,2,30
PE,24899,2609501,NAZARÉ DA MATA,4,5,432,6506,7,12367,227,268,4,6,5,18
PE,24910,2609600,OLINDA,57,27,6235,89168,61,139200,4301,3627,29,150,23,329
PE,24937,2609709,OROBÓ,3,3,265,2665,0,10699,148,182,1,1,0,6
PE,24953,2609808,OROCÓ,1,3,251,1975,3,7581,103,138,0,2,1,4
PE,24970,2609907,OURICURI,3,8,730,5890,6,29476,460,332,1,11,6,21
PE,24996,2610004,PALMARES,5,6,657,8493,4,20803,431,353,1,6,4,17
PE,25011,2610103,PALMEIRINA,1,4,92,760,0,3348,50,50,2,3,1,5
PE,25038,2610202,PANELAS,4,1,364,3284,2,11111,196,150,0,3,0,9
PE,25054,2610301,PARANATAMA,2,1,151,1502,0,7313,147,129,0,4,0,3
PE,25070,2610400,PARNAMIRIM,0,0,163,1618,0,12372,131,125,0,0,0,3
PE,25097,2610509,PASSIRA,0,2,381,5048,3,14147,188,246,3,4,1,16
PE,25119,2610608,PAUDALHO,3,4,888,13362,4,20935,490,497,1,12,2,26
PE,25135,2610707,PAULISTA,44,25,5634,70764,66,106250,3651,2626,21,104,24,263
PE,25151,2610806,PEDRA,1,3,203,2621,2,11159,122,102,1,5,0,4
PE,25178,2610905,PESQUEIRA,4,4,591,6886,0,30246,400,486,0,7,5,18
PE,25194,2611002,PETROLÂNDIA,1,2,387,4002,2,14390,283,123,2,10,3,11
PE,25216,2611101,PETROLINA,29,22,6807,63545,37,116703,4200,2248,13,109,12,204
PE,25232,2611200,POÇÃO,0,1,139,1253,2,5867,66,114,0,6,1,0
PE,25259,2611309,POMBOS,1,3,334,5573,1,9886,153,216,0,2,1,9
PE,25275,2611408,PRIMAVERA,2,0,185,2270,1,5828,90,107,0,0,0,3
PE,25291,2611507,QUIPAPÁ,1,1,211,2002,3,8335,118,93,1,2,0,3
PE,25313,2611606,RECIFE,197,135,25167,377268,381,543548,17723,15487,128,731,103,2270
PE,25330,2611705,RIACHO DAS ALMAS,1,2,295,5157,2,11183,192,302,0,4,0,15
PE,25356,2611804,RIBEIRÃO,1,2,415,5912,1,14271,206,258,1,5,1,11
PE,25372,2611903,RIO FORMOSO,2,1,234,3363,4,8823,132,120,0,3,1,1
PE,25399,2612000,SAIRÉ,1,2,267,2705,0,5754,93,124,0,1,1,4
PE,25410,2612109,SALGADINHO,0,1,107,1170,0,3858,45,68,0,1,1,4
PE,25437,2612208,SALGUEIRO,6,3,664,7068,3,25069,516,431,2,8,0,31
PE,25453,2612307,SALOÁ,2,2,135,1238,2,7578,122,94,0,1,1,2
PE,25470,2612406,SANHARÓ,1,0,207,2633,1,9184,152,109,0,2,0,7
PE,25496,2612505,SANTA CRUZ DO CAPIBARIBE,6,2,2154,28844,4,21949,1091,597,5,10,2,57
PE,25518,2612604,SANTA MARIA DA BOA VISTA,2,3,520,4687,1,18695,233,241,0,3,0,6
PE,25534,2612703,SANTA MARIA DO CAMBUCÁ,0,1,209,2553,0,5875,114,88,0,1,0,6
PE,25550,2612802,SANTA TEREZINHA,0,1,144,1133,1,4646,73,72,0,1,0,2
PE,25577,2612901,SÃO BENEDITO DO SUL,0,1,114,1160,1,4156,55,61,0,1,0,6
PE,25593,2613008,SÃO BENTO DO UNA,3,5,586,6778,3,19371,386,298,2,5,1,8
PE,25615,2613107,SÃO CAITANO,8,2,572,5396,3,17925,308,229,2,3,1,8
PE,25631,2613206,SÃO JOÃO,1,2,249,1951,0,10944,159,148,0,2,1,4
PE,25658,2613305,SÃO JOAQUIM DO MONTE,3,2,226,3343,2,9591,182,167,2,4,1,2
PE,25674,2613404,SÃO JOSÉ DA COROA GRANDE,2,2,192,4845,1,7302,147,158,4,2,1,4
PE,25690,2613503,SÃO JOSÉ DO BELMONTE,4,2,373,3081,1,16729,254,103,0,4,0,15
PE,25712,2613602,SÃO JOSÉ DO EGITO,0,5,331,3901,1,13817,248,210,0,4,0,3
PE,25739,2613701,SÃO LOURENÇO DA MATA,9,10,1846,22712,21,39605,1120,906,6,34,4,68
PE,25755,2613800,SÃO VICENTE FÉRRER,0,1,235,2819,1,7759,111,110,1,2,0,3
PE,25771,2613909,SERRA TALHADA,10,7,1568,11797,6,34785,785,476,3,14,1,33
PE,25798,2614006,SERRITA,1,3,190,1846,1,9943,161,134,0,3,0,5
PE,25810,2614105,SERTÂNIA,0,3,197,3071,2,16273,249,273,0,2,1,9
PE,25836,2614204,SIRINHAÉM,0,1,532,6642,4,13760,219,242,1,4,0,17
PE,25852,2614303,MOREILÂNDIA,1,2,78,944,3,6275,101,83,0,2,1,6
PE,25879,2614402,SOLIDÃO,0,0,52,547,0,3621,41,21,1,0,0,1
PE,25895,2614501,SURUBIM,8,7,903,12256,7,23893,548,525,4,6,4,25
PE,25917,2614600,TABIRA,2,1,233,3527,0,12416,288,202,1,2,1,9
PE,25933,2614709,TACAIMBÓ,3,1,231,2047,0,5938,86,145,0,1,1,2
PE,25950,2614808,TACARATU,4,0,159,1930,0,11478,150,135,0,1,1,4
PE,25976,2607653,ITAMBÉ,0,2,283,5144,0,12589,203,305,0,5,0,23
PE,25992,2615003,TAQUARITINGA DO NORTE,3,2,406,8137,2,9132,197,234,0,5,2,9
PE,26018,2615102,TEREZINHA,0,0,89,898,1,3910,53,67,0,1,0,3
PE,26034,2615201,TERRA NOVA,1,0,131,634,1,6165,83,46,0,1,0,5
PE,26050,2615300,TIMBAÚBA,7,5,714,9840,6,20430,494,540,1,12,3,44
PE,26077,2615409,TORITAMA,6,3,712,13043,6,14612,434,273,1,6,2,9
PE,26093,2615508,TRACUNHAÉM,1,6,196,2652,0,6394,94,105,0,0,1,7
PE,26115,2615607,TRINDADE,2,3,479,5094,4,12140,203,159,1,2,0,13
PE,26131,2615706,TRIUNFO,0,2,244,1636,2,7422,174,116,3,2,0,6
PE,26158,2615805,TUPANATINGA,0,3,224,2330,1,9268,124,144,1,2,5,9
PE,26174,2615904,TUPARETAMA,0,0,76,952,1,5171,38,63,0,0,0,2
PE,26190,2616001,VENTUROSA,0,0,176,2303,1,8562,192,123,0,1,1,11
PE,26212,2616100,VERDEJANTE,1,0,103,864,1,5392,53,102,0,1,0,2
PE,26239,2616209,VERTENTES,10,0,312,4323,1,8792,155,154,0,4,0,7
PE,26255,2616308,VICÊNCIA,6,4,369,5046,2,10651,171,267,1,4,2,10
PE,26271,2616407,VITÓRIA DE SANTO ANTÃO,10,10,2240,32439,11,45410,1235,1112,4,19,7,89
PE,26298,2603454,CAMARAGIBE,19,11,3086,40322,36,54971,1755,1589,6,48,9,128
PE,26310,2600054,ABREU E LIMA,5,6,1616,24301,8,36334,1001,827,8,24,5,61
PE,26336,2607752,ITAPISSUMA,1,2,423,4738,3,11659,219,212,0,8,2,6
PE,30015,2605459,FERNANDO DE NORONHA,0,0,100,1019,2,1153,41,30,1,2,0,6
PI,10006,2201960,BRASILEIRA,2,3,118,1122,0,5054,95,36,1,5,0,0
PI,10014,2200103,AGRICOLÂNDIA,0,1,68,792,0,3373,42,44,0,1,0,4
PI,10022,2200277,ALEGRETE DO PIAUÍ,1,0,73,864,0,2512,37,24,0,0,0,0
PI,10030,2200202,ÁGUA BRANCA,2,1,203,3820,1,8457,188,74,0,2,0,6
PI,10049,2201150,BAIXA GRANDE DO RIBEIRO,1,0,324,3764,1,4996,84,105,0,2,0,5
PI,10057,2200301,ALTO LONGÁ,3,1,185,1876,1,8458,119,107,1,2,1,2
PI,10065,2201919,BOM PRINCÍPIO DO PIAUÍ,0,2,121,1365,0,3906,49,26,0,2,0,0
PI,10073,2200400,ALTOS,10,8,712,5950,2,23026,496,276,3,16,3,14
PI,10081,2201929,BONFIM DO PIAUÍ,1,0,42,344,0,3549,35,26,0,1,1,1
PI,10090,2200509,AMARANTE,2,3,142,1905,1,10090,136,46,0,7,1,5
PI,10103,2202026,BURITI DOS MONTES,2,1,73,917,3,4749,67,30,0,2,0,0
PI,10111,2200608,ANGICAL DO PIAUÍ,1,0,84,1006,1,4025,85,25,0,4,0,2
PI,10120,2202059,CABECEIRAS DO PIAUÍ,2,2,169,1060,0,6010,77,79,0,1,1,2
PI,10138,2200707,ANÍSIO DE ABREU,1,1,76,765,0,4957,24,29,0,0,0,0
PI,10146,2202091,CALDEIRÃO GRANDE DO PIAUÍ,0,1,149,786,0,3290,41,41,0,0,0,1
PI,10154,2200806,ANTÔNIO ALMEIDA,0,0,33,837,0,1517,14,22,0,0,0,0
PI,10162,2202251,CANAVIEIRA,0,1,26,596,1,1968,10,25,0,1,0,2
PI,10170,2200905,AROAZES,0,0,42,735,1,3445,56,27,0,3,0,1
PI,10189,2202737,COIVARAS,1,0,67,991,1,3652,71,66,0,1,0,3
PI,10197,2201002,ARRAIAL,3,0,68,534,0,2858,37,25,0,0,0,1
PI,10200,2202752,COLÔNIA DO GURGUÉIA,0,0,51,960,0,3182,55,35,0,1,0,0
PI,10219,2201101,AVELINO LOPES,2,4,187,1751,1,5070,40,148,0,0,0,2
PI,10227,2202778,COLÔNIA DO PIAUÍ,0,0,53,669,0,3861,24,17,0,2,0,0
PI,10235,2201200,BARRAS,6,7,628,6806,4,21523,353,272,2,4,5,16
PI,10243,2202851,CORONEL JOSÉ DIAS,0,0,54,588,1,3773,56,51,0,0,0,3
PI,10251,2201309,BARREIRAS DO PIAUÍ,0,0,63,565,0,1816,19,71,0,0,0,0
PI,10260,2203750,FARTURA DO PIAUÍ,0,1,43,361,0,3403,18,30,0,1,0,0
PI,10278,2201408,BARRO DURO,0,1,78,1375,0,3441,55,61,0,2,0,1
PI,10286,2205151,JACOBINA DO PIAUÍ,2,1,221,888,1,3262,53,43,0,0,0,3
PI,10294,2201507,BATALHA,2,2,303,4032,1,11524,183,139,2,8,2,9
PI,10308,2205250,JARDIM DO MULATO,2,1,59,815,0,2752,38,39,1,2,0,1
PI,10316,2201606,BENEDITINOS,1,0,144,1172,1,6156,84,94,0,3,1,2
PI,10324,2205557,LAGOA ALEGRE,2,0,143,1041,1,5855,78,72,1,0,0,0
PI,10332,2201705,BERTOLÍNIA,0,0,107,1054,0,2718,59,49,0,1,0,0
PI,10340,2205565,LAGOA DO BARRO DO PIAUÍ,2,1,77,627,0,3000,30,26,0,2,0,3
PI,10359,2201804,BOCAINA,1,0,82,890,3,3541,104,23,1,8,0,1
PI,10367,2205953,MARCOLÂNDIA,0,3,284,2140,0,4537,78,51,1,2,1,0
PI,10375,2201903,BOM JESUS,5,1,396,6023,4,9349,180,136,2,3,0,8
PI,10383,2207777,PATOS DO PIAUÍ,0,0,67,638,0,3479,38,71,0,0,1,0
PI,10391,2202000,BURITI DOS LOPES,2,6,342,3553,3,9990,167,107,1,3,1,5
PI,10405,2207751,PASSAGEM FRANCA DO PIAUÍ,0,0,46,729,0,2169,34,19,0,0,0,1
PI,10413,2202109,CAMPINAS DO PIAUÍ,0,2,40,429,0,3523,27,24,0,0,0,0
PI,10421,2208650,QUEIMADA NOVA,0,1,190,1115,1,3958,69,56,0,0,0,2
PI,10430,2202208,CAMPO MAIOR,6,2,625,6975,5,20616,526,268,3,15,3,14
PI,10448,2209153,SANTA CRUZ DOS MILAGRES,0,0,73,598,0,2465,25,31,0,0,0,1
PI,10456,2202307,CANTO DO BURITI,3,2,217,2803,4,8739,110,115,1,1,0,7
PI,10464,2209377,SANTA ROSA DO PIAUÍ,0,0,47,817,1,2769,45,26,0,1,1,2
PI,10472,2202406,CAPITÃO DE CAMPOS,1,1,224,1419,0,6107,109,83,0,2,2,8
PI,10480,2209351,SANTANA DO PIAUÍ,0,1,45,519,0,2859,49,22,0,0,0,3
PI,10499,2202505,CARACOL,1,1,98,1087,0,5324,45,52,1,1,0,1
PI,10502,2209559,SÃO BRAZ DO PIAUÍ,1,0,48,318,0,2923,27,33,1,0,0,2
PI,10510,2202604,CASTELO DO PIAUÍ,1,4,265,3228,2,8570,193,101,0,4,0,4
PI,10529,2210052,SÃO JOSÉ DO DIVINO,0,0,147,733,0,3106,69,30,0,0,0,2
PI,10537,2202703,COCAL,6,3,350,5217,2,12569,236,145,0,4,2,4
PI,10545,2210656,SIGEFREDO PACHECO,0,0,218,1382,0,6007,92,42,0,1,0,3
PI,10553,2202802,CONCEIÇÃO DO CANINDÉ,0,3,103,819,0,2949,37,50,0,5,0,1
PI,10561,2210359,SÃO LOURENÇO DO PIAUÍ,2,0,56,480,0,3309,46,43,0,1,0,2
PI,10570,2202901,CORRENTE,2,3,394,4663,1,10577,126,279,0,1,0,3
PI,10588,2211357,VÁRZEA BRANCA,0,2,38,455,0,3211,32,39,0,0,0,2
PI,10596,2203008,CRISTALÂNDIA DO PIAUÍ,1,1,93,912,0,3580,27,63,0,2,1,1
PI,10600,2201176,BARRA D'ALCÂNTARA,1,1,23,468,0,2172,21,12,0,0,0,1
PI,10618,2203107,CRISTINO CASTRO,2,2,106,1679,0,4894,107,42,0,1,1,2
PI,10626,2201556,BELA VISTA DO PIAUÍ,0,0,99,514,0,2195,61,47,0,0,0,1
PI,10634,2203206,CURIMATÁ,0,1,138,1968,0,5040,78,123,0,2,0,1
PI,10642,2201988,BREJO DO PIAUÍ,1,0,21,379,0,2605,18,10,0,0,0,1
PI,10650,2203305,DEMERVAL LOBÃO,1,2,202,2594,5,8346,171,87,0,4,1,6
PI,10669,2201770,BOA HORA,0,3,103,1055,0,4079,56,52,0,2,0,1
PI,10677,2203404,DOM EXPEDITO LOPES,1,1,87,1136,2,4187,75,39,0,3,0,2
PI,10685,2203453,DOM INOCÊNCIO,1,1,155,852,0,5136,52,36,0,1,0,1
PI,10693,2203503,ELESBÃO VELOSO,1,1,165,1712,2,8078,131,75,0,3,1,9
PI,10707,2202455,CAPITÃO GERVÁSIO OLIVEIRA,1,0,93,416,1,2776,32,15,0,1,0,1
PI,10715,2203602,ELISEU MARTINS,0,2,50,573,0,2265,21,33,0,0,0,1
PI,10723,2202133,CAMPO GRANDE DO PIAUÍ,0,1,88,571,1,3478,49,42,1,1,0,4
PI,10731,2203701,ESPERANTINA,3,4,415,6841,1,16844,300,174,1,8,3,6
PI,10740,2202174,CAMPO LARGO DO PIAUÍ,1,0,46,1007,2,3349,58,35,0,1,0,1
PI,10758,2203800,FLORES DO PIAUÍ,5,0,38,586,0,2453,22,32,0,2,0,1
PI,10766,2203230,CURRAIS,0,0,118,1233,0,3786,47,34,0,0,0,0
PI,10774,2203909,FLORIANO,4,3,841,9154,3,24255,604,432,0,20,1,24
PI,10782,2204352,GEMINIANO,1,1,78,905,1,4329,76,48,1,0,1,1
PI,10790,2204006,FRANCINÓPOLIS,0,3,28,418,0,3013,30,24,0,3,1,2
PI,10804,2204550,GUARIBAS,1,0,29,352,0,2943,20,13,0,0,1,1
PI,10812,2204105,FRANCISCO AYRES,1,0,60,671,1,3009,56,60,1,1,0,0
PI,10820,2204659,ILHA GRANDE,3,1,113,1475,0,5736,118,61,1,3,0,1
PI,10839,2204204,FRANCISCO SANTOS,1,1,93,967,1,4396,133,41,0,2,1,4
PI,10847,2205532,JUREMA,0,0,67,573,0,3338,18,32,0,3,2,1
PI,10855,2204303,FRONTEIRAS,1,0,135,1648,2,5572,108,62,1,3,0,0
PI,10863,2205573,LAGOA DE SÃO FRANCISCO,1,0,91,931,0,3355,77,39,0,2,1,3
PI,10871,2204402,GILBUÉS,1,2,154,1432,0,4968,44,103,0,0,0,2
PI,10880,2206654,MORRO CABEÇA NO TEMPO,0,2,60,540,0,2551,19,35,0,1,0,1
PI,10898,2204501,GUADALUPE,2,2,107,1419,3,4444,106,57,0,0,0,3
PI,10901,2206951,NOVO SANTO ANTÔNIO,1,0,65,549,0,3169,53,39,1,0,0,0
PI,10910,2204600,HUGO NAPOLEÃO,0,0,44,806,1,2556,50,27,0,2,0,0
PI,10928,2206753,NOSSA SENHORA DE NAZARÉ,1,1,86,669,3,4250,70,38,0,3,0,2
PI,10936,2204709,INHUMA,4,4,138,1757,0,7909,193,117,1,4,1,4
PI,10944,2207553,PAQUETÁ,0,0,50,603,0,2884,46,9,0,1,0,2
PI,10952,2204808,IPIRANGA DO PIAUÍ,1,1,99,916,1,5053,57,67,0,0,2,3
PI,10960,2207959,NOVA SANTA RITA,1,0,71,424,1,2847,32,43,0,0,0,0
PI,10979,2204907,ISAÍAS COELHO,0,0,68,582,0,4360,34,43,0,0,0,1
PI,10987,2209971,SÃO JOÃO DO ARRAIAL,1,1,26,1834,1,4112,40,26,0,1,0,1
PI,10995,2205003,ITAINÓPOLIS,1,1,90,1422,3,5887,85,40,1,3,0,2
PI,11010,2205102,ITAUEIRA,1,2,103,1583,1,5029,63,61,0,2,0,2
PI,11037,2205201,JAICÓS,0,1,188,2034,2,7799,139,102,0,2,2,3
PI,11053,2205300,JERUMENHA,0,0,41,803,0,2797,28,45,0,1,2,2
PI,11070,2205409,JOAQUIM PIRES,0,3,111,2315,2,6401,56,83,0,0,2,5
PI,11088,2209856,SÃO JOÃO DA CANABRAVA,1,1,56,466,0,3026,44,14,0,1,0,2
PI,11096,2205508,JOSÉ DE FREITAS,14,0,638,4387,0,23802,336,198,1,6,2,10
PI,11118,2205607,LANDRI SALES,0,0,47,808,1,2837,17,49,1,2,0,0
PI,11134,2205706,LUIS CORREIA,8,2,517,5200,2,15245,300,175,2,2,6,7
PI,11150,2205805,LUZILÂNDIA,8,2,226,3705,1,11189,160,96,0,6,5,12
PI,11177,2205904,MANOEL EMÍDIO,1,0,73,716,3,3075,35,29,0,0,0,1
PI,11193,2206001,MARCOS PARENTE,5,1,56,972,3,2279,24,40,0,0,0,0
PI,11215,2206100,MATIAS OLÍMPIO,1,0,98,1663,0,4920,80,45,0,2,0,3
PI,11231,2206209,MIGUEL ALVES,1,3,417,3438,2,16281,173,124,0,3,2,6
PI,11258,2206308,MIGUEL LEÃO,0,0,17,514,0,1001,20,8,0,0,0,2
PI,11274,2206407,MONSENHOR GIL,0,0,178,1698,2,6557,110,74,1,3,2,2
PI,11290,2206506,MONSENHOR HIPÓLITO,0,1,97,995,1,4911,78,24,0,1,1,1
PI,11312,2206605,MONTE ALEGRE DO PIAUÍ,1,1,134,1386,0,5533,50,84,0,0,0,6
PI,11339,2206704,NAZARÉ DO PIAUÍ,0,2,78,623,1,4398,43,49,0,1,0,1
PI,11355,2206803,NOSSA SENHORA DOS REMÉDIOS,1,1,100,1551,1,5088,72,48,0,4,0,2
PI,11371,2206902,NOVO ORIENTE DO PIAUÍ,1,5,81,539,1,3316,38,22,1,0,0,0
PI,11398,2207009,OEIRAS,5,5,299,5135,2,18390,267,202,4,11,2,13
PI,11410,2203420,DOMINGOS MOURÃO,1,0,45,504,0,2707,33,25,0,2,1,1
PI,11436,2207207,PADRE MARCOS,0,1,50,844,0,3749,41,48,0,1,0,1
PI,11452,2207306,PAES LANDIM,0,1,42,866,0,2407,25,24,0,0,0,0
PI,11479,2207405,PALMEIRA DO PIAUÍ,0,0,148,1233,1,2492,42,37,0,0,0,0
PI,11495,2207504,PALMEIRAIS,0,1,140,1639,5,8728,68,76,0,1,1,2
PI,11517,2207603,PARNAGUÁ,3,2,90,1147,0,4413,43,70,0,1,1,1
PI,11533,2207702,PARNAÍBA,24,17,2634,31881,19,58315,2005,886,9,67,15,73
PI,11550,2207801,PAULISTANA,1,4,323,2641,4,10282,219,126,0,3,1,7
PI,11576,2207900,PEDRO II,10,3,540,6395,4,18322,420,169,0,7,1,15
PI,11592,2208007,PICOS,6,5,865,11917,12,31334,900,316,3,13,3,38
PI,11614,2208106,PIMENTEIRAS,1,1,104,1377,1,5552,81,50,0,0,0,7
PI,11630,2208205,PIO IX,1,1,215,2050,0,9583,125,102,0,7,3,4
PI,11657,2208304,PIRACURUCA,5,4,452,5216,7,13792,386,127,0,5,4,15
PI,11673,2208403,PIRIPIRI,12,6,874,10092,3,26574,642,299,1,19,4,16
PI,11690,2208502,PORTO,3,0,76,2049,1,5256,83,52,0,3,1,1
PI,11711,2208601,PRATA DO PIAUÍ,1,0,28,422,0,2402,23,30,0,1,0,0
PI,11738,2208700,REDENÇÃO DO GURGUÉIA,1,1,107,1634,0,3652,31,63,0,1,1,1
PI,11754,2208809,REGENERAÇÃO,0,4,101,1635,1,8908,116,85,0,2,0,4
PI,11770,2208908,RIBEIRO GONÇALVES,0,0,137,1277,0,2910,58,52,0,0,0,1
PI,11797,2209005,RIO GRANDE DO PIAUÍ,1,0,37,705,0,3407,23,49,1,1,0,0
PI,11819,2209104,SANTA CRUZ DO PIAUÍ,1,0,43,845,2,4000,63,29,0,1,0,1
PI,11835,2209203,SANTA FILOMENA,1,1,135,1327,1,2782,27,57,0,2,2,0
PI,11851,2209302,SANTA LUZ,0,0,78,1309,0,2874,43,24,0,0,0,0
PI,11878,2209401,SANTO ANTÔNIO DE LISBOA,2,0,57,1202,1,3867,60,38,1,2,0,0
PI,11894,2209500,SANTO INÁCIO DO PIAUÍ,0,0,25,524,0,2407,32,23,0,0,0,0
PI,11916,2209609,SÃO FÉLIX DO PIAUÍ,1,1,58,809,1,2210,33,49,0,0,0,1
PI,11932,2209708,SÃO FRANCISCO DO PIAUÍ,0,0,62,1261,0,3051,59,34,0,1,0,0
PI,11959,2209807,SÃO GONÇALO DO PIAUÍ,0,0,76,1080,0,2937,56,28,1,2,1,2
PI,11975,2209906,SÃO JOÃO DA SERRA,2,0,111,1112,0,4113,61,78,0,3,0,5
PI,11991,2210003,SÃO JOÃO DO PIAUÍ,2,3,240,2474,5,8975,164,68,3,6,2,2
PI,12009,2209872,SÃO JOÃO DA FRONTEIRA,0,0,118,957,0,3006,35,37,0,1,2,1
PI,12017,2210102,SÃO JOSÉ DO PEIXE,0,0,21,469,0,1893,17,26,1,1,0,0
PI,12025,2209955,SÃO JOÃO DA VARJOTA,0,0,23,467,0,2780,17,24,0,2,0,0
PI,12033,2210201,SÃO JOSÉ DO PIAUÍ,0,0,59,711,2,3825,44,21,0,0,1,0
PI,12041,2210623,SEBASTIÃO BARROS,0,0,80,934,0,2554,17,87,0,0,0,1
PI,12050,2210300,SÃO JULIÃO,0,1,99,962,0,3497,37,32,0,0,1,2
PI,12068,2210631,SEBASTIÃO LEAL,0,1,55,1419,1,2090,24,20,0,1,0,0
PI,12076,2210409,SÃO MIGUEL DO TAPUIO,1,0,134,1941,2,8834,143,118,0,4,1,2
PI,12084,2200459,ALVORADA DO GURGUÉIA,2,1,75,824,1,2725,43,20,0,1,0,1
PI,12092,2210508,SÃO PEDRO DO PIAUÍ,0,0,174,2176,3,6649,117,55,0,2,1,1
PI,12106,2201051,ASSUNÇÃO DO PIAUÍ,1,2,107,725,0,4225,40,55,0,3,1,2
PI,12114,2210607,SÃO RAIMUNDO NONATO,2,4,311,4275,10,17439,292,188,0,8,3,3
PI,12122,2201739,BETÂNIA DO PIAUÍ,1,2,185,605,0,3969,45,51,0,0,0,0
PI,12130,2210706,SIMÕES,1,1,183,1755,0,7549,112,96,0,1,0,2
PI,12149,2201945,BOQUEIRÃO DO PIAUÍ,2,0,95,698,0,3701,61,29,1,1,0,2
PI,12157,2210805,SIMPLÍCIO MENDES,1,2,177,1542,1,6487,114,87,0,0,0,7
PI,12165,2202554,CARIDADE DO PIAUÍ,0,0,117,617,0,3235,52,64,0,1,0,1
PI,12173,2210904,SOCORRO DO PIAUÍ,1,0,67,604,2,2548,25,30,0,2,0,6
PI,12181,2203271,CURRAL NOVO DO PIAUÍ,0,0,79,528,1,3797,66,24,0,1,0,0
PI,12190,2211001,TERESINA,188,65,15152,152350,197,296190,11415,7238,65,569,59,702
PI,12203,2205524,JÚLIO BORGES,0,1,68,515,0,3178,23,82,0,1,0,0
PI,12211,2211100,UNIÃO,5,4,517,6896,8,23153,334,313,2,9,3,9
PI,12220,2205599,LAGOA DO SÍTIO,0,2,35,617,2,3155,36,28,0,1,0,0
PI,12238,2211209,URUÇUÍ,2,2,426,5337,1,9150,189,133,0,1,0,10
PI,12246,2206357,MILTON BRANDÃO,0,0,66,1569,3,3324,58,44,0,1,0,4
PI,12254,2211308,VALENÇA DO PIAUÍ,2,3,185,2933,0,10447,221,101,4,9,0,6
PI,12262,2207355,PAJEÚ DO PIAUÍ,0,0,46,489,0,1992,13,16,0,0,0,0
PI,12270,2211407,VÁRZEA GRANDE,1,1,47,616,1,2281,39,29,0,1,0,1
PI,12289,2207850,PAVUSSU,0,0,19,393,2,2522,19,39,0,0,0,0
PI,12297,2203354,DIRCEU ARCOVERDE,0,0,31,659,0,4615,53,29,0,0,0,2
PI,12300,2208858,RIACHO FRIO,2,0,48,491,0,2936,25,44,0,0,0,0
PI,12319,2200251,ALAGOINHA DO PIAUÍ,1,0,99,1249,2,3537,58,80,0,6,1,1
PI,12327,2200053,ACAUÃ,1,0,193,793,1,4315,78,54,2,4,0,2
PI,12335,2201572,BELÉM DO PIAUÍ,1,0,64,570,0,2161,33,17,1,0,2,0
PI,12343,2202075,CAJAZEIRAS DO PIAUÍ,0,0,26,387,0,2349,18,12,0,2,0,1
PI,12351,2202117,CAMPO ALEGRE DO FIDALGO,0,1,98,654,0,2978,36,21,0,2,0,2
PI,12360,2202711,COCAL DE TELHA,0,0,66,485,2,2737,52,27,0,1,0,0
PI,12378,2204154,FRANCISCO MACEDO,0,0,91,421,0,1794,10,10,0,4,0,0
PI,12386,2205359,JOÃO COSTA,1,0,52,524,0,2470,23,18,0,0,0,0
PI,12394,2205276,JATOBÁ DO PIAUÍ,2,0,85,943,1,4558,62,30,0,5,0,1
PI,12408,2205458,JOCA MARQUES,1,0,66,943,1,3383,29,22,0,0,0,3
PI,12416,2205516,JUAZEIRO DO PIAUÍ,1,0,136,919,1,3306,84,36,1,1,0,1
PI,12424,2205581,LAGOA DO PIAUÍ,2,0,104,1008,2,3226,50,39,1,3,0,1
PI,12432,2205540,LAGOINHA DO PIAUÍ,2,1,42,499,1,1883,31,6,0,0,1,0
PI,12440,2205854,MADEIRO,1,0,63,922,0,3945,36,32,1,4,0,2
PI,12459,2206670,MORRO DO CHAPÉU DO PIAUÍ,1,1,49,825,0,3554,43,28,0,2,2,0
PI,12467,2206050,MASSAPÊ DO PIAUÍ,1,0,90,591,2,3825,59,59,0,0,1,1
PI,12475,2206696,MURICI DOS PORTELAS,2,1,114,877,2,3539,53,60,0,1,1,1
PI,12483,2207108,OLHO D'ÁGUA DO PIAUÍ,1,1,22,396,0,1711,23,20,1,2,0,0
PI,12491,2207934,PEDRO LAURENTINO,0,0,32,635,1,1935,27,20,0,0,0,1
PI,12505,2209658,SÃO FRANCISCO DE ASSIS DO PIAUÍ,0,2,313,958,1,2515,28,28,0,2,0,6
PI,12513,2210938,SUSSUAPARA,0,0,111,995,0,4388,92,33,1,1,0,3
PI,12521,2210979,TANQUE DO PIAUÍ,0,0,59,369,0,1664,34,34,0,0,0,0
PI,12530,2210953,TAMBORIL DO PIAUÍ,0,0,70,438,0,1804,22,10,0,0,0,0
PI,12548,2211605,VILA NOVA DO PIAUÍ,1,0,93,526,0,1886,40,33,0,0,0,1
PI,12556,2211506,VERA MENDES,0,0,81,406,1,2270,20,28,0,0,0,2
PI,12564,2211704,WALL FERRAZ,1,2,57,731,0,2839,28,32,0,1,0,0
PI,12572,2202083,CAJUEIRO DA PRAIA,9,1,118,1453,1,4555,56,24,1,4,1,4
PI,12580,2203255,CURRALINHOS,2,0,66,673,0,3589,38,26,1,2,0,1
PI,12599,2208551,PORTO ALEGRE DO PIAUÍ,1,1,23,456,0,1138,15,13,0,0,0,0
PI,12602,2208874,RIBEIRA DO PIAUÍ,0,2,55,498,0,2426,19,31,0,0,0,0
PI,12610,2209757,SÃO GONÇALO DO GURGUÉIA,1,0,60,522,0,1579,12,15,0,1,0,0
PI,12629,2210375,SÃO LUIS DO PIAUÍ,1,1,71,470,0,2170,42,9,1,0,0,0
PI,12637,2203859,FLORESTA DO PIAUÍ,0,0,27,258,0,1606,25,28,0,0,0,4
PI,12653,2209450,SANTO ANTÔNIO DOS MILAGRES,0,0,13,297,0,1236,12,8,1,0,0,1
PI,12661,2210383,SÃO MIGUEL DA BAIXA GRANDE,1,0,63,607,0,1473,25,19,1,0,0,0
PI,12670,2202539,CARAÚBAS DO PIAUÍ,1,1,108,1115,2,2861,44,32,0,4,0,2
PI,12688,2202653,CAXINGÓ,0,2,100,884,3,3632,66,33,0,0,0,0
PI,12696,2202729,COCAL DOS ALVES,0,1,102,597,2,3550,42,47,0,0,0,0
PI,12700,2210391,SÃO MIGUEL DO FIDALGO,0,0,13,341,0,1933,16,7,0,3,0,1
PI,12718,2207793,PAU D'ARCO DO PIAUÍ,2,1,98,814,0,3500,62,48,0,6,1,2
PI,12726,2206720,NAZÁRIA,0,1,188,1919,2,7259,81,79,0,4,0,4
PI,12734,2200954,AROEIRAS DO ITAIM,0,0,50,682,1,2937,62,42,0,4,0,3
PR,74004,4108551,GODOY MOREIRA,1,0,65,877,2,1151,16,37,0,0,0,1
PR,74012,4100103,ABATIÁ,2,1,88,2635,2,1444,54,72,0,2,1,5
PR,74020,4109757,IBEMA,2,0,105,1962,1,1630,66,71,1,2,0,7
PR,74039,4100202,ADRIANÓPOLIS,1,0,80,1726,0,2225,65,96,1,1,0,6
PR,74047,4113452,LINDOESTE,3,0,68,1785,0,1898,78,89,0,1,0,7
PR,74055,4100301,AGUDOS DO SUL,0,1,132,4544,1,2002,97,146,0,3,2,9
PR,74063,4117453,OURO VERDE DO OESTE,0,0,89,2672,1,1321,69,100,1,1,0,7
PR,74071,4100400,ALMIRANTE TAMANDARÉ,35,11,2073,31191,21,19638,1858,1804,7,61,6,136
PR,74080,4124020,SANTA TEREZA DO OESTE,1,3,187,4832,1,2618,219,156,0,10,0,13
PR,74098,4100608,ALTO PARANÁ,2,0,168,4457,2,2704,116,178,0,4,0,12
PR,74101,4101051,ANAHY,0,1,50,1200,0,927,47,63,0,0,0,2
PR,74110,4100707,ALTO PIQUIRI,0,0,110,2713,1,2395,102,98,0,0,0,9
PR,74128,4101150,ÂNGULO,0,1,60,1479,0,602,30,65,0,0,0,4
PR,74136,4100806,ALVORADA DO SUL,0,1,87,3473,2,1930,59,93,0,3,0,4
PR,74144,4103024,BOA ESPERANÇA DO IGUAÇU,1,0,82,854,0,895,30,32,0,1,0,1
PR,74152,4100905,AMAPORÃ,2,0,77,1547,0,1309,39,69,0,0,0,1
PR,74160,4103222,BOM SUCESSO DO SUL,0,0,51,1769,0,619,38,34,0,0,0,3
PR,74179,4101002,AMPÉRE,0,1,318,5616,1,5365,236,179,1,7,0,15
PR,74187,4103370,BRASILÂNDIA DO SUL,0,1,55,1258,1,1174,35,50,0,2,0,4
PR,74195,4101101,ANDIRÁ,2,3,315,6892,2,4223,224,187,2,4,0,22
PR,74209,4103479,CAFEZAL DO SUL,2,0,67,1970,0,1020,70,60,0,1,0,5
PR,74217,4101200,ANTONINA,7,2,206,6940,2,3624,210,235,1,6,4,25
PR,74225,4104428,CANDÓI,0,2,275,4740,0,4025,167,192,0,2,0,7
PR,74233,4101309,ANTÔNIO OLINTO,2,2,148,2894,0,1832,121,219,0,3,1,4
PR,74241,4106571,CRUZEIRO DO IGUAÇU,0,0,99,1464,0,1185,52,37,0,2,0,1
PR,74250,4101408,APUCARANA,18,12,2379,47060,23,16907,1924,1860,11,63,8,209
PR,74268,4107124,DIAMANTE DO SUL,0,0,27,1401,0,1082,28,33,0,0,0,1
PR,74276,4101507,ARAPONGAS,22,9,1663,46270,14,12880,1739,1524,7,51,7,160
PR,74284,4107538,ENTRE RIOS DO OESTE,0,0,44,2257,0,644,86,45,0,0,0,9
PR,74292,4101606,ARAPOTI,2,4,281,9426,2,3483,195,328,0,7,4,21
PR,74306,4107553,FAROL,0,0,45,1157,0,897,29,43,0,0,0,1
PR,74314,4101705,ARARUNA,0,2,234,5079,3,2827,186,163,0,4,0,16
PR,74322,4107652,FAZENDA RIO GRANDE,39,9,2597,39363,23,21881,2536,1900,10,111,18,128
PR,74330,4114906,MARILÂNDIA DO SUL,0,2,158,3492,2,1462,91,136,0,2,0,8
PR,74349,4107850,FLOR DA SERRA DO SUL,0,2,93,1771,0,1413,57,69,0,2,0,1
PR,74357,4101804,ARAUCÁRIA,56,22,3461,44601,33,30847,2919,2462,18,153,14,221
PR,74365,4109658,HONÓRIO SERPA,0,0,60,1585,2,1670,20,83,0,1,0,2
PR,74373,4101903,ASSAÍ,2,0,227,6168,1,2240,150,172,0,9,1,11
PR,74381,4110052,IGUATU,0,0,30,836,0,787,37,24,0,0,0,2
PR,74390,4102109,ASTORGA,1,1,283,10863,3,3530,204,286,3,7,2,18
PR,74403,4110656,IRACEMA DO OESTE,0,1,29,976,0,810,33,36,0,0,0,0
PR,74411,4102208,ATALAIA,0,0,58,1687,1,932,42,55,0,2,0,2
PR,74420,4117297,NOVO ITACOLOMI,0,0,52,1494,0,696,56,68,0,0,0,8
PR,74438,4102307,BALSA NOVA,2,2,238,5851,2,2840,212,299,4,10,3,15
PR,74446,4111258,ITAPERUÇU,2,3,579,7469,1,8697,371,314,0,8,2,11
PR,74454,4102406,BANDEIRANTES,7,0,357,12532,2,4584,232,314,3,10,2,35
PR,74462,4111555,IVATÉ,0,0,95,2276,0,1679,82,88,0,0,1,5
PR,74470,4102505,BARBOSA FERRAZ,0,0,146,3460,1,2458,111,188,1,3,1,8
PR,74489,4113429,LIDIANÓPOLIS,0,2,48,1757,1,874,32,66,0,0,0,4
PR,74497,4102604,BARRACÃO,1,1,117,3262,0,2329,116,114,0,3,1,7
PR,74500,4115358,MARIPÁ,1,1,64,3440,0,674,62,54,0,3,0,5
PR,74519,4102703,BARRA DO JACARÉ,0,0,56,1135,0,874,30,57,0,0,0,2
PR,74527,4115739,MATO RICO,1,0,53,1146,1,1173,22,81,0,1,0,2
PR,74535,4102802,BELA VISTA DO PARAÍSO,2,1,193,5574,3,2779,124,209,1,7,1,10
PR,74543,4115754,MAUÁ DA SERRA,2,1,145,3565,3,1928,91,97,0,2,1,10
PR,74551,4102901,BITURUNA,2,3,212,5048,0,4349,144,170,0,3,0,19
PR,74560,4115853,MERCEDES,0,0,52,3387,0,577,107,55,0,3,0,12
PR,74578,4103008,BOA ESPERANÇA,0,1,52,2240,1,744,36,45,1,1,0,2
PR,74586,4117057,NOVA LARANJEIRAS,2,0,139,3044,0,3253,53,81,0,2,0,3
PR,74594,4103107,BOCAIÚVA DO SUL,4,2,206,4328,0,2318,175,223,0,5,3,15
PR,74608,4117214,NOVA SANTA BÁRBARA,0,0,110,1413,0,1230,45,53,0,1,1,1
PR,74616,4103206,BOM SUCESSO,2,2,122,1916,0,1840,63,99,0,1,0,4
PR,74624,4118451,PATO BRAGADO,2,0,61,2899,0,644,80,41,0,1,0,7
PR,74632,4103305,BORRAZÓPOLIS,0,0,113,3013,0,1720,49,97,2,1,0,9
PR,74640,4119251,PINHAL DE SÃO BENTO,0,0,49,768,0,1156,48,45,0,2,0,0
PR,74659,4103404,CAFEARA,0,0,37,821,0,861,18,24,0,1,0,1
PR,74667,4119657,PITANGUEIRAS,1,0,54,1267,0,643,26,46,0,1,0,3
PR,74675,4103503,CALIFÓRNIA,4,0,171,3498,0,1487,76,121,0,2,0,10
PR,74683,4120853,QUATRO PONTES,1,0,73,2954,2,384,61,59,1,1,1,7
PR,74691,4103602,CAMBARÁ,2,4,303,7552,4,4130,221,302,0,7,1,27
PR,74705,4121257,RAMILÂNDIA,1,0,45,1369,0,1327,40,76,1,0,0,1
PR,74713,4103701,CAMBÉ,27,13,1972,36772,15,14688,1468,1780,6,85,12,142
PR,74721,4121356,RANCHO ALEGRE D'OESTE,0,0,17,1095,0,690,19,36,0,0,1,2
PR,74730,4103800,CAMBIRA,2,0,98,3314,0,1376,75,108,1,2,0,8
PR,74748,4122156,RIO BONITO DO IGUAÇU,0,0,182,2939,0,4947,98,105,0,3,0,3
PR,74756,4103909,CAMPINA DA LAGOA,2,1,230,5520,3,3125,135,209,3,6,0,13
PR,74764,4123824,SANTA LÚCIA,2,0,35,1392,2,912,38,83,0,0,0,1
PR,74772,4104006,CAMPINA GRANDE DO SUL,13,1,826,15901,17,8274,768,753,5,20,3,68
PR,74780,4104055,CAMPO BONITO,0,0,59,1515,0,1135,46,52,0,2,0,3
PR,74799,4104105,CAMPO DO TENENTE,0,0,141,3167,0,1515,116,124,1,0,0,6
PR,74802,4123857,SANTA MARIA DO OESTE,2,0,137,2931,0,2824,68,128,0,3,0,6
PR,74810,4104204,CAMPO LARGO,32,12,2639,44882,28,20761,2143,2257,11,76,20,174
PR,74829,4123956,SANTA MÔNICA,0,0,24,973,0,1000,16,37,0,0,0,1
PR,74837,4104303,CAMPO MOURÃO,27,7,1848,32846,16,16646,1290,1446,4,41,4,106
PR,74845,4125555,SÃO MANOEL DO PARANÁ,0,0,22,982,0,563,18,39,0,3,0,2
PR,74853,4104402,CÂNDIDO DE ABREU,2,1,183,4879,2,3243,167,208,4,6,0,9
PR,74861,4125753,SÃO PEDRO DO IGUAÇU,0,1,69,2254,1,1405,51,62,0,0,0,3
PR,74870,4104501,CAPANEMA,2,3,338,6496,0,4468,278,222,2,6,1,15
PR,74888,4127882,TUNAS DO PARANÁ,1,1,94,2296,0,1550,67,102,0,2,1,2
PR,74896,4104600,CAPITÃO LEÔNIDAS MARQUES,4,0,170,5165,1,3336,195,132,0,1,0,9
PR,74900,4128534,VENTANIA,1,0,137,3072,1,2392,73,166,0,0,2,5
PR,74918,4104709,CARLÓPOLIS,3,0,192,5552,1,2722,168,180,0,0,1,19
PR,74926,4128625,ALTO PARAÍSO,1,0,47,1321,0,830,29,48,0,3,0,1
PR,74934,4104808,CASCAVEL,66,29,5583,121234,54,51045,5823,3880,26,188,23,537
PR,74942,4128633,DOUTOR ULYSSES,3,0,100,1851,0,1796,47,84,0,2,1,5
PR,74950,4104907,CASTRO,10,5,1297,27057,8,11474,1093,1247,4,32,4,67
PR,74969,4128658,VIRMOND,0,2,57,1652,0,996,36,92,0,2,0,4
PR,74977,4105003,CATANDUVAS,1,0,112,3183,0,1798,116,91,0,4,0,5
PR,74985,4113254,LARANJAL,2,0,46,1457,1,1988,22,68,0,6,0,0
PR,74993,4105102,CENTENÁRIO DO SUL,1,2,113,2800,1,3172,83,109,0,0,1,7
PR,75000,4110953,ITAIPULÂNDIA,0,3,173,4998,1,2632,129,125,0,1,0,6
PR,75019,4105201,CERRO AZUL,0,2,285,4661,0,4665,131,204,0,1,0,9
PR,75027,4116950,NOVA ESPERANÇA DO SUDOESTE,0,0,105,1985,2,1971,74,79,0,1,0,2
PR,75035,4105409,CHOPINZINHO,3,1,282,7713,0,4482,297,228,0,7,0,16
PR,75043,4119152,PINHAIS,40,16,2889,43866,34,23903,2998,2298,11,102,18,245
PR,75051,4105508,CIANORTE,8,5,1439,30549,12,10283,945,1061,8,23,5,73
PR,75060,4126272,SAUDADE DO IGUAÇU,1,0,114,1881,0,1792,75,64,0,3,0,4
PR,75078,4105607,CIDADE GAÚCHA,2,2,153,3676,1,2559,69,137,2,1,0,9
PR,75086,4101853,ARIRANHA DO IVAÍ,1,0,43,907,1,935,18,45,0,3,0,5
PR,75094,4105706,CLEVELÂNDIA,3,4,151,5539,1,3826,117,136,1,3,0,11
PR,75108,4101655,ARAPUÃ,0,0,54,1278,0,1215,38,59,0,4,0,3
PR,75116,4114401,MANGUEIRINHA,3,0,243,5398,0,4480,171,163,1,6,0,14
PR,75124,4102752,BELA VISTA DA CAROBA,1,0,46,1049,0,1210,31,63,0,3,1,3
PR,75132,4105805,COLOMBO,63,22,4538,69990,53,39734,4205,3926,19,181,21,288
PR,75140,4103040,BOA VENTURA DE SÃO ROQUE,1,1,139,1872,0,1876,44,113,0,0,0,5
PR,75159,4105904,COLORADO,5,2,416,7552,2,4883,182,277,1,3,2,18
PR,75167,4103156,BOM JESUS DO SUL,0,0,61,1403,0,1423,55,45,0,3,0,0
PR,75175,4106001,CONGONHINHAS,3,1,94,2129,0,2378,49,101,0,1,1,3
PR,75183,4103958,CAMPINA DO SIMÃO,0,0,118,1228,0,1308,55,78,0,1,0,3
PR,75191,4106100,CONSELHEIRO MAIRINCK,0,0,78,1260,0,956,33,34,0,2,0,5
PR,75205,4104253,CAMPO MAGRO,3,4,630,9079,5,5501,525,561,1,23,3,35
PR,75213,4106209,CONTENDA,4,1,291,6403,0,3327,233,367,0,7,0,18
PR,75221,4104659,CARAMBEÍ,2,2,430,9238,3,3192,312,452,0,10,0,29
PR,75230,4106308,CORBÉLIA,5,0,200,7590,4,2774,260,215,1,5,2,25
PR,75248,4106456,CORONEL DOMINGOS SOARES,0,0,83,1864,0,1877,24,85,0,1,0,0
PR,75256,4106407,CORNÉLIO PROCÓPIO,12,5,883,16058,6,7747,541,604,6,18,0,73
PR,75264,4106852,CRUZMALTINA,1,0,62,1227,0,728,34,46,0,2,0,1
PR,75272,4106506,CORONEL VIVIDA,3,1,330,7845,3,5245,258,237,2,7,1,14
PR,75280,4106555,CORUMBATAÍ DO SUL,0,0,87,1295,0,1250,33,83,0,4,1,0
PR,75299,4106605,CRUZEIRO DO OESTE,1,0,274,7335,1,4065,240,209,1,6,1,21
PR,75302,4107520,ESPERANÇA NOVA,1,1,36,1049,0,427,16,33,0,1,0,1
PR,75310,4106704,CRUZEIRO DO SUL,0,0,74,1298,0,1449,41,50,0,0,0,1
PR,75329,4107546,ESPIGÃO ALTO DO IGUAÇU,0,0,32,1937,0,1239,47,71,1,2,0,4
PR,75337,4106803,CRUZ MACHADO,4,5,335,6358,0,3203,198,524,1,5,0,21
PR,75345,4107736,FERNANDES PINHEIRO,0,1,95,2288,0,1731,88,101,0,0,0,5
PR,75353,4106902,CURITIBA,619,290,43236,628721,626,332099,43451,36171,304,1973,268,5676
PR,75361,4108452,FOZ DO JORDÃO,0,0,103,1280,0,1746,41,36,0,1,1,1
PR,75370,4107009,CURIÚVA,1,2,182,4476,0,2615,128,140,1,6,2,6
PR,75388,4108650,GOIOXIM,1,0,131,1785,0,2056,56,51,0,2,0,3
PR,75396,4107108,DIAMANTE DO NORTE,0,0,54,1902,0,1170,71,52,0,1,0,5
PR,75400,4107157,DIAMANTE D'OESTE,0,0,65,1266,1,1555,35,30,0,2,0,1
PR,75418,4107207,DOIS VIZINHOS,3,2,766,15013,7,10056,569,286,1,11,4,29
PR,75426,4108957,GUAMIRANGA,1,1,114,3420,0,1596,92,145,0,0,0,5
PR,75434,4107306,DOUTOR CAMARGO,1,1,83,2659,3,1152,55,78,0,1,0,5
PR,75442,4110078,IMBAÚ,2,0,164,3387,0,2890,134,113,0,4,0,4
PR,75450,4107405,ENÉAS MARQUES,0,0,130,2121,2,1988,80,89,0,1,1,6
PR,75469,4114351,MANFRINÓPOLIS,1,0,58,970,0,1383,35,42,0,0,0,0
PR,75477,4107504,ENGENHEIRO BELTRÃO,0,0,162,4654,1,2494,119,194,0,1,1,6
PR,75485,4115457,MARQUINHO,0,0,62,1473,0,1337,33,65,0,0,0,0
PR,75493,4107603,FAXINAL,3,3,200,6470,2,2331,144,229,0,4,0,14
PR,75507,4118857,PEROBAL,1,1,95,2812,1,1283,55,102,0,1,0,8
PR,75515,4107702,FÊNIX,2,0,70,1433,0,1286,51,75,0,0,0,4
PR,75523,4119954,PONTAL DO PARANÁ,4,1,487,9884,10,6500,325,527,4,20,1,29
PR,75531,4107801,FLORAÍ,0,1,84,2132,0,1183,57,70,1,1,0,4
PR,75540,4120150,PORTO BARREIRO,0,0,55,1342,0,909,25,74,0,1,0,1
PR,75558,4107900,FLORESTA,1,0,153,4014,3,1779,94,150,1,8,0,11
PR,75566,4120333,PRADO FERREIRA,1,0,73,1339,3,1012,27,71,0,0,0,1
PR,75574,4108007,FLORESTÓPOLIS,2,3,203,3439,1,3450,146,143,0,4,1,6
PR,75582,4120655,QUARTO CENTENÁRIO,1,0,44,1690,0,932,28,69,0,0,0,2
PR,75590,4108106,FLÓRIDA,0,0,48,1020,0,789,36,36,0,1,1,2
PR,75604,4121752,RESERVA DO IGUAÇU,2,0,108,1822,1,1936,39,93,1,0,0,4
PR,75612,4108205,FORMOSA DO OESTE,0,4,103,2982,2,1294,77,84,0,6,0,7
PR,75620,4122172,RIO BRANCO DO IVAÍ,0,1,67,1318,0,1092,37,55,0,0,0,1
PR,75639,4108304,FOZ DO IGUAÇU,79,37,3790,97614,65,50383,4690,2886,31,151,28,382
PR,75647,4126355,SERRANÓPOLIS DO IGUAÇU,1,0,60,2701,0,769,55,58,0,0,0,7
PR,75655,4108403,FRANCISCO BELTRÃO,10,8,1869,29992,10,19798,1362,871,2,30,7,74
PR,75663,4126678,TAMARANA,2,2,179,3603,3,2511,86,134,0,11,0,14
PR,75671,4108502,GENERAL CARNEIRO,2,3,118,3335,0,2785,104,140,0,2,1,5
PR,75698,4108601,GOIOERÊ,3,1,314,10278,2,4969,271,309,0,7,1,23
PR,75710,4108809,GUAÍRA,1,2,300,12008,6,4848,376,248,2,13,4,21
PR,75736,4108908,GUAIRAÇÁ,2,2,71,2456,0,1322,57,90,0,4,0,2
PR,75744,4122651,ROSÁRIO DO IVAÍ,0,0,68,2035,0,1406,124,106,0,0,0,4
PR,75752,4109005,GUAPIRAMA,0,1,71,1626,1,1140,54,83,0,2,1,4
PR,75760,4117271,NOVA TEBAS,1,2,204,1851,0,2438,65,114,0,1,0,5
PR,75779,4109104,GUAPOREMA,0,3,46,859,1,510,22,29,0,0,0,3
PR,75787,4126652,SULINA,0,0,70,1264,0,872,38,64,0,4,0,2
PR,75795,4109203,GUARACI,0,1,73,2003,0,1089,48,66,0,0,0,3
PR,75809,4113734,LUIZIANA,0,3,78,2333,1,1896,65,110,0,4,0,10
PR,75817,4109302,GUARANIAÇU,3,0,157,5465,1,2436,111,182,0,5,0,13
PR,75833,4109401,GUARAPUAVA,41,9,3092,56860,29,38125,2594,2356,13,58,14,171
PR,75850,4109500,GUARAQUEÇABA,0,0,108,2717,1,2182,115,90,0,1,0,4
PR,75876,4109609,GUARATUBA,3,5,652,14855,5,6607,510,651,4,33,0,48
PR,75892,4109708,IBAITI,1,4,418,9639,5,5046,288,302,0,3,0,23
PR,75914,4109807,IBIPORÃ,2,6,988,18657,9,7746,623,807,2,33,1,78
PR,75930,4109906,ICARAÍMA,0,0,80,3480,0,1602,57,84,3,1,0,7
PR,75957,4110003,IGUARAÇU,1,0,81,1985,0,967,45,68,0,1,0,9
PR,75973,4110102,IMBITUVA,4,3,472,11802,2,5216,385,614,2,10,0,18
PR,75990,4110201,INÁCIO MARTINS,4,2,166,3172,0,2850,130,219,0,4,1,8
PR,76015,4110300,INAJÁ,0,2,21,869,2,994,33,29,0,1,0,0
PR,76031,4110508,IPIRANGA,4,2,342,6042,0,2128,223,262,2,5,1,10
PR,76058,4110607,IPORÃ,0,1,210,5671,1,2683,182,123,0,3,1,14
PR,76074,4110706,IRATI,16,2,1234,21227,13,10632,919,1282,5,31,4,75
PR,76090,4110805,IRETAMA,2,0,149,2869,2,2459,81,137,0,2,3,6
PR,76112,4110904,ITAGUAJÉ,0,0,55,1395,0,1213,35,48,0,1,2,3
PR,76139,4111001,ITAMBARACÁ,0,0,60,2391,0,1220,57,90,0,0,0,2
PR,76155,4111100,ITAMBÉ,1,0,111,2467,2,1342,75,120,1,1,0,1
PR,76171,4111209,ITAPEJARA D'OESTE,1,1,171,3931,1,2878,124,137,1,3,2,1
PR,76198,4111308,ITAÚNA DO SUL,0,1,62,829,0,1076,43,32,0,0,0,3
PR,76210,4111407,IVAÍ,1,2,191,5550,1,2445,186,229,1,0,0,8
PR,76236,4111506,IVAIPORÃ,4,6,540,10742,3,6516,380,528,1,13,3,40
PR,76252,4111605,IVATUBA,0,0,94,1397,0,673,72,46,0,0,0,1
PR,76279,4111704,JABOTI,1,0,127,2108,0,1146,45,70,0,0,1,7
PR,76295,4111803,JACAREZINHO,6,5,558,11043,4,9267,422,405,2,19,4,30
PR,76317,4111902,JAGUAPITÃ,0,1,230,5042,4,2280,120,178,0,5,1,12
PR,76333,4112009,JAGUARIAÍVA,7,4,398,12904,2,5219,399,406,0,13,1,21
PR,76350,4112108,JANDAIA DO SUL,4,0,354,8694,3,2994,287,372,0,14,0,29
PR,76376,4112207,JANIÓPOLIS,0,0,59,1901,0,1571,59,73,0,0,1,4
PR,76392,4112306,JAPIRA,2,1,61,1576,0,1159,51,78,0,2,0,2
PR,76414,4112405,JAPURÁ,0,1,139,3976,4,1476,105,148,0,0,0,12
PR,76430,4112504,JARDIM ALEGRE,1,2,162,3850,0,2847,84,149,0,8,3,14
PR,76457,4112603,JARDIM OLINDA,0,0,30,429,0,626,15,12,0,0,0,1
PR,76473,4112702,JATAIZINHO,1,1,177,4190,0,2336,152,175,1,7,1,11
PR,76490,4112801,JOAQUIM TÁVORA,1,1,186,4212,1,2112,145,130,1,5,1,13
PR,76511,4112900,JUNDIAÍ DO SUL,0,1,28,965,2,1035,29,55,2,0,0,3
PR,76538,4113007,JUSSARA,0,0,131,2419,1,1434,61,119,0,0,1,8
PR,76554,4113106,KALORÉ,2,0,63,1967,0,1119,27,77,0,0,0,1
PR,76570,4113205,LAPA,19,3,772,16244,8,9069,689,1070,3,27,4,52
PR,76597,4113304,LARANJEIRAS DO SUL,1,3,446,8871,1,7835,375,318,1,7,0,18
PR,76619,4113403,LEÓPOLIS,1,0,57,1465,0,1147,15,79,0,2,1,12
PR,76635,4113502,LOANDA,3,2,218,7922,3,3646,224,218,0,8,1,17
PR,76651,4113601,LOBATO,1,0,72,1572,1,1193,68,47,0,0,3,3
PR,76678,4113700,LONDRINA,143,66,11533,195008,157,72432,8534,9466,54,532,50,1352
PR,76694,4113809,LUPIONÓPOLIS,0,1,63,1465,0,1479,44,45,0,2,0,5
PR,76716,4113908,MALLET,2,0,256,5337,0,2100,151,377,1,8,0,4
PR,76732,4114005,MAMBORÊ,0,0,145,5730,1,2104,92,151,0,2,1,14
PR,76759,4114104,MANDAGUAÇU,6,1,428,8997,2,4608,311,331,1,11,1,12
PR,76775,4114203,MANDAGUARI,7,4,583,13488,6,5397,482,552,2,9,5,41
PR,76791,4114302,MANDIRITUBA,4,5,435,8758,1,5138,330,461,0,8,0,18
PR,76813,4114500,MANOEL RIBAS,0,1,216,5884,0,2244,101,172,1,2,0,8
PR,76830,4114609,MARECHAL CÂNDIDO RONDON,11,2,696,23987,8,6627,781,398,9,16,3,58
PR,76856,4114708,MARIA HELENA,1,1,51,2011,2,1506,36,82,3,0,0,5
PR,76872,4114807,MARIALVA,6,4,667,15602,4,5730,508,558,1,13,4,39
PR,76899,4115101,MARILUZ,4,2,127,2917,1,2480,83,92,2,1,3,9
PR,76910,4115200,MARINGÁ,88,54,8540,146584,102,62164,7637,5715,41,281,45,891
PR,76937,4115309,MARIÓPOLIS,1,0,77,2733,1,1324,55,91,0,0,0,7
PR,76953,4115408,MARMELEIRO,3,3,276,5002,1,3580,196,138,1,5,2,18
PR,76970,4115507,MARUMBI,0,0,92,1706,0,1262,57,81,0,0,0,4
PR,76996,4115606,MATELÂNDIA,6,0,155,8141,4,2214,202,156,1,2,0,19
PR,77011,4115804,MEDIANEIRA,4,6,602,19850,3,7595,697,431,7,21,3,52
PR,77038,4115903,MIRADOR,1,0,46,633,0,834,30,17,0,0,0,1
PR,77054,4116000,MIRASELVA,1,0,23,862,0,600,21,21,0,0,0,2
PR,77070,4116109,MOREIRA SALES,0,0,103,4197,1,2584,84,110,0,1,2,12
PR,77097,4116208,MORRETES,7,1,249,6155,1,3892,238,262,2,14,1,13
PR,77119,4116307,MUNHOZ DE MELLO,0,0,71,1627,0,999,28,40,0,2,0,2
PR,77135,4116406,NOSSA SENHORA DAS GRAÇAS,0,0,82,1064,0,1189,33,60,0,1,0,2
PR,77151,4116505,NOVA ALIANÇA DO IVAÍ,0,0,35,657,0,470,13,33,0,0,0,2
PR,77178,4116604,NOVA AMÉRICA DA COLINA,0,1,67,1534,0,1060,33,39,0,3,0,2
PR,77194,4116802,NOVA CANTU,0,1,82,2148,0,2298,47,110,0,3,0,3
PR,77216,4116901,NOVA ESPERANÇA,5,2,402,9358,2,4503,278,362,0,9,2,25
PR,77232,4117008,NOVA FÁTIMA,0,1,113,2490,0,1738,70,94,0,4,1,5
PR,77259,4117107,NOVA LONDRINA,2,3,185,4022,0,2629,148,128,0,2,0,5
PR,77275,4117305,ORTIGUEIRA,4,5,292,6612,3,6754,279,266,2,7,0,15
PR,77291,4117404,OURIZONA,0,0,51,1159,0,997,36,37,1,1,0,6
PR,77313,4117503,PAIÇANDU,5,7,839,12703,4,7842,585,662,1,15,7,42
PR,77330,4117602,PALMAS,4,5,462,11262,8,10127,410,392,2,23,0,20
PR,77356,4117701,PALMEIRA,23,4,556,14241,6,4871,555,746,5,17,7,39
PR,77372,4117800,PALMITAL,2,0,176,4127,4,3670,118,175,0,4,0,8
PR,77399,4117909,PALOTINA,4,0,452,14434,3,4166,446,284,2,13,2,38
PR,77410,4118006,PARAÍSO DO NORTE,0,0,162,4044,1,2752,120,118,0,1,0,9
PR,77437,4118105,PARANACITY,2,0,139,2705,2,2494,81,79,0,5,0,2
PR,77453,4118204,PARANAGUÁ,35,9,2571,50905,23,25382,2350,1722,10,97,18,119
PR,77470,4118303,PARANAPOEMA,1,0,44,716,0,893,26,25,0,0,0,1
PR,77496,4118402,PARANAVAÍ,13,6,1280,31593,19,12811,1034,1039,4,41,2,105
PR,77518,4118501,PATO BRANCO,12,10,1504,31466,10,15294,1482,1033,5,40,6,122
PR,77534,4118600,PAULA FREITAS,0,1,101,2410,2,1022,65,107,1,0,0,5
PR,77550,4118709,PAULO FRONTIN,2,1,164,2942,0,1175,88,169,0,6,2,7
PR,77577,4118808,PEABIRU,6,1,209,4395,0,2655,151,162,1,4,0,10
PR,77593,4119004,PÉROLA D'OESTE,0,0,119,2734,0,1381,51,57,0,0,0,12
PR,77615,4119103,PIÊN,1,2,189,6672,0,1701,183,305,0,4,0,7
PR,77631,4119202,PINHALÃO,1,0,95,2663,0,1607,80,123,0,1,0,4
PR,77658,4119301,PINHÃO,4,5,455,7295,3,8609,306,380,1,4,0,13
PR,77674,4119400,PIRAÍ DO SUL,2,2,388,8665,6,4109,325,521,4,5,5,16
PR,77690,4119509,PIRAQUARA,31,15,1942,29174,10,19477,1889,1659,7,95,7,103
PR,77712,4119608,PITANGA,5,1,663,10166,6,7699,454,493,8,10,1,16
PR,77739,4119707,PLANALTINA DO PARANÁ,1,0,64,1305,1,1258,37,59,0,2,0,1
PR,77755,4119806,PLANALTO,3,0,173,4285,0,3434,135,115,0,3,0,7
PR,77771,4119905,PONTA GROSSA,107,34,8620,117846,70,56136,6377,8287,27,265,33,528
PR,77798,4120002,PORECATU,2,0,199,3483,0,3163,129,152,1,4,0,8
PR,77810,4120101,PORTO AMAZONAS,0,0,111,1769,2,828,82,101,0,1,0,3
PR,77836,4120200,PORTO RICO,0,0,43,1565,0,670,24,39,0,0,1,1
PR,77852,4120309,PORTO VITÓRIA,0,0,83,1483,0,851,40,80,0,0,0,6
PR,77879,4120408,PRESIDENTE CASTELO BRANCO,0,1,107,1396,3,1336,43,47,0,2,0,10
PR,77895,4120507,PRIMEIRO DE MAIO,6,1,118,4377,1,1747,71,91,0,2,0,10
PR,77917,4120606,PRUDENTÓPOLIS,5,10,638,21823,5,6277,773,991,3,11,2,45
PR,77933,4120705,QUATIGUÁ,1,0,92,3274,0,1467,70,118,1,3,0,4
PR,77950,4120804,QUATRO BARRAS,9,1,393,8918,6,3676,446,409,2,18,1,39
PR,77976,4121000,QUERÊNCIA DO NORTE,0,3,131,2984,1,2867,75,78,0,4,0,3
PR,77992,4121109,QUINTA DO SOL,0,0,64,1783,0,1391,50,63,0,0,0,4
PR,78018,4121208,QUITANDINHA,5,1,234,7780,0,2805,180,327,0,4,0,11
PR,78034,4121307,RANCHO ALEGRE,1,0,31,1523,1,817,40,72,0,2,0,5
PR,78050,4121406,REALEZA,3,2,245,6803,2,3909,181,139,0,11,2,12
PR,78077,4121505,REBOUÇAS,5,0,271,5527,1,3168,174,337,1,5,2,13
PR,78093,4121604,RENASCENÇA,0,0,114,2299,0,1689,49,45,0,0,0,4
PR,78115,4121703,RESERVA,3,2,287,8541,2,5136,267,320,2,2,2,12
PR,78131,4121802,RIBEIRÃO CLARO,1,2,195,4118,0,2497,111,148,0,6,0,13
PR,78158,4121901,RIBEIRÃO DO PINHAL,1,0,173,3290,0,3345,149,162,1,2,0,10
PR,78174,4122008,RIO AZUL,2,2,234,6545,2,1864,169,388,0,5,0,10
PR,78190,4122107,RIO BOM,0,0,75,1284,0,862,55,55,0,0,1,5
PR,78212,4122206,RIO BRANCO DO SUL,6,7,642,10808,5,8899,344,446,0,8,3,38
PR,78239,4122305,RIO NEGRO,10,1,560,13188,6,3719,476,518,3,29,3,35
PR,78255,4122404,ROLÂNDIA,16,7,1002,25073,7,8718,893,898,3,29,7,96
PR,78271,4122503,RONCADOR,3,1,172,3384,2,2964,91,183,0,2,1,10
PR,78298,4122602,RONDON,0,0,139,3439,2,1706,70,70,1,0,1,5
PR,78310,4122701,SABÁUDIA,0,1,141,3712,0,1184,91,135,0,3,0,14
PR,78336,4122800,SALGADO FILHO,0,0,76,1640,0,1108,47,87,0,1,0,5
PR,78352,4122909,SALTO DO ITARARÉ,0,0,59,1784,0,1438,48,113,0,1,1,13
PR,78379,4123006,SALTO DO LONTRA,2,1,201,3931,0,4257,186,151,1,2,0,3
PR,78395,4123105,SANTA AMÉLIA,2,0,33,1357,0,898,18,27,0,1,0,3
PR,78417,4123204,SANTA CECÍLIA DO PAVÃO,0,0,49,1326,0,1010,22,80,1,3,0,0
PR,78433,4123303,SANTA CRUZ DE MONTE CASTELO,1,0,86,3135,0,1880,58,79,0,2,0,9
PR,78450,4123402,SANTA FÉ,1,1,160,4337,0,2272,94,96,1,0,0,11
PR,78476,4123600,SANTA INÊS,0,0,54,628,1,693,14,19,0,0,0,0
PR,78492,4123709,SANTA ISABEL DO IVAÍ,0,0,68,3436,0,1617,89,106,0,0,0,4
PR,78514,4123808,SANTA IZABEL DO OESTE,1,1,141,3874,1,2663,80,100,0,2,1,17
PR,78530,4123907,SANTA MARIANA,4,0,181,3542,0,2909,106,142,3,7,1,13
PR,78557,4124004,SANTANA DO ITARARÉ,1,0,119,1886,0,1348,41,70,1,0,0,4
PR,78573,4124400,SANTO ANTÔNIO DO SUDOESTE,1,1,198,6705,3,5104,218,144,0,5,0,9
PR,78590,4124103,SANTO ANTÔNIO DA PLATINA,11,5,694,14659,5,7056,420,527,1,20,2,40
PR,78611,4124202,SANTO ANTÔNIO DO CAIUÁ,2,0,22,824,0,968,14,44,0,0,0,2
PR,78638,4124301,SANTO ANTÔNIO DO PARAÍSO,2,0,34,878,0,739,28,23,0,1,0,1
PR,78654,4124509,SANTO INÁCIO,1,0,87,1910,1,1506,83,53,0,0,0,1
PR,78670,4124608,SÃO CARLOS DO IVAÍ,2,0,71,2620,1,1251,48,40,0,0,0,4
PR,78697,4124707,SÃO JERÔNIMO DA SERRA,1,4,124,2667,0,3015,72,137,0,4,1,9
PR,78719,4124806,SÃO JOÃO,1,1,163,4441,1,2430,124,119,0,0,1,8
PR,78735,4124905,SÃO JOÃO DO CAIUÁ,0,0,86,1592,0,1868,30,59,0,2,1,0
PR,78751,4125001,SÃO JOÃO DO IVAÍ,0,0,235,3458,0,2814,81,192,1,3,1,5
PR,78778,4125100,SÃO JOÃO DO TRIUNFO,2,3,263,4653,1,3409,342,332,1,7,0,4
PR,78794,4125308,SÃO JORGE DO IVAÍ,0,1,70,2746,0,1012,41,53,0,2,0,1
PR,78816,4125209,SÃO JORGE D'OESTE,0,0,124,3815,0,2408,73,121,0,3,1,10
PR,78832,4125407,SÃO JOSÉ DA BOA VISTA,3,1,100,2269,0,1076,78,105,1,2,0,7
PR,78859,4125506,SÃO JOSÉ DOS PINHAIS,92,35,6687,105608,54,48980,6222,5163,31,274,36,526
PR,78875,4125605,SÃO MATEUS DO SUL,14,6,854,14766,9,8875,699,991,5,19,7,34
PR,78891,4125704,SÃO MIGUEL DO IGUAÇU,1,0,305,11029,3,5302,290,224,0,5,0,35
PR,78913,4125803,SÃO PEDRO DO IVAÍ,0,0,111,3103,1,1842,73,133,1,6,0,8
PR,78930,4125902,SÃO PEDRO DO PARANÁ,1,1,33,1419,0,565,31,32,0,1,0,1
PR,78956,4126009,SÃO SEBASTIÃO DA AMOREIRA,1,0,129,2390,1,2169,71,137,0,3,0,3
PR,78972,4126108,SÃO TOMÉ,0,0,91,2231,0,1112,75,75,0,1,1,6
PR,78999,4126207,SAPOPEMA,0,1,117,2059,1,1706,77,84,0,0,0,6
PR,79014,4126306,SENGÉS,1,1,237,6582,0,2996,149,265,1,4,1,18
PR,79030,4126405,SERTANEJA,0,0,80,2313,0,1247,57,90,0,2,0,5
PR,79057,4126504,SERTANÓPOLIS,1,1,175,7245,2,2336,165,220,1,5,0,17
PR,79073,4126603,SIQUEIRA CAMPOS,2,1,469,6602,3,4336,296,324,0,3,1,21
PR,79090,4126702,TAMBOARA,0,0,58,1948,2,975,46,67,0,2,1,1
PR,79111,4126801,TAPEJARA,0,0,190,5373,0,2791,139,128,0,6,0,8
PR,79138,4127007,TEIXEIRA SOARES,1,1,205,3739,1,1904,125,184,0,2,2,10
PR,79154,4127106,TELÊMACO BORBA,7,6,1331,23280,12,12276,1063,1052,9,28,5,129
PR,79170,4127205,TERRA BOA,3,4,266,6562,2,2697,199,206,1,8,1,10
PR,79197,4127304,TERRA RICA,2,0,230,5510,0,2665,111,174,0,1,0,14
PR,79219,4127403,TERRA ROXA,2,2,190,7167,2,2796,160,125,0,4,3,22
PR,79235,4127502,TIBAGI,7,1,303,5748,2,4063,254,305,1,7,1,12
PR,79251,4127601,TIJUCAS DO SUL,2,4,338,5747,0,3601,221,301,2,3,0,12
PR,79278,4127700,TOLEDO,25,13,2492,56579,29,22331,2267,1532,9,84,11,196
PR,79294,4127809,TOMAZINA,0,1,122,2952,1,1776,95,135,0,1,2,14
PR,79316,4127908,TUNEIRAS DO OESTE,0,1,120,3229,0,1632,84,79,0,2,0,6
PR,79332,4128005,UBIRATÃ,2,9,324,9663,0,4259,241,250,2,3,0,36
PR,79359,4128104,UMUARAMA,7,6,1629,43812,23,15059,1440,1307,3,61,5,138
PR,79375,4128203,UNIÃO DA VITÓRIA,13,4,969,18160,10,8985,927,803,4,34,11,71
PR,79391,4128302,UNIFLOR,0,0,16,878,0,780,26,36,0,0,0,2
PR,79413,4128401,URAÍ,1,1,172,3836,2,2209,110,150,2,5,0,18
PR,79430,4128500,WENCESLAU BRAZ,1,1,263,6708,4,3166,241,250,1,4,2,22
PR,79456,4128609,VERÊ,0,0,102,3024,0,2365,66,88,0,0,0,8
PR,79472,4128708,VITORINO,1,0,93,3075,0,1488,96,74,0,0,2,10
PR,79499,4128807,XAMBRÊ,0,0,74,2383,0,1427,60,78,0,4,0,12
PR,79510,4100509,ALTÔNIA,2,1,294,7311,3,2893,186,251,0,0,0,17
PR,79537,4102000,ASSIS CHATEAUBRIAND,5,3,443,13775,4,5958,413,398,4,11,3,28
PR,79553,4120903,QUEDAS DO IGUAÇU,1,1,285,10344,1,6197,398,233,0,2,2,12
PR,79570,4105300,CÉU AZUL,1,1,129,5247,1,1389,110,92,2,3,0,10
PR,79596,4108700,GRANDES RIOS,1,0,95,2260,0,1094,54,90,0,0,0,4
PR,79618,4110409,INDIANÓPOLIS,0,2,75,1749,0,943,41,53,1,0,0,5
PR,79634,4115705,MATINHOS,9,5,755,13302,5,8531,610,672,2,41,4,53
PR,79650,4116703,NOVA AURORA,2,1,121,5094,0,2338,143,128,1,2,1,13
PR,79677,4117206,NOVA OLÍMPIA,0,0,54,2360,1,1148,77,57,0,0,0,5
PR,79693,4118907,PÉROLA,2,2,172,4403,0,2124,142,142,0,4,0,4
PR,79715,4123501,SANTA HELENA,1,2,305,10545,0,5239,299,205,0,7,1,25
PR,79731,4126900,TAPIRA,0,2,49,1975,0,1300,39,58,0,1,0,6
PR,79758,4115002,MARILENA,0,1,107,2077,0,2131,70,92,0,3,0,2
PR,79774,4108320,FRANCISCO ALVES,1,0,63,2856,0,1370,81,59,0,4,0,8
PR,79790,4117222,NOVA SANTA ROSA,1,1,72,4936,1,778,97,76,0,1,0,15
PR,79812,4103057,BOA VISTA DA APARECIDA,0,1,126,2910,0,2189,82,115,0,1,0,5
PR,79839,4103354,BRAGANEY,0,2,72,1953,0,1225,63,60,0,0,0,1
PR,79855,4103453,CAFELÂNDIA,5,1,246,7110,4,2768,286,188,1,6,1,23
PR,79871,4127858,TRÊS BARRAS DO PARANÁ,2,1,117,4329,1,2519,101,106,0,3,1,7
PR,79898,4128559,VERA CRUZ DO OESTE,0,0,86,3257,0,1648,67,85,0,1,0,5
PR,79910,4120358,PRANCHITA,0,0,83,2486,0,1174,52,58,0,1,0,6
PR,79936,4127957,TUPÃSSI,0,0,62,3640,1,1154,78,80,0,6,3,5
PR,79952,4117255,NOVA PRATA DO IGUAÇU,0,0,142,3665,0,3075,102,98,0,0,0,7
PR,79979,4112751,JESUÍTAS,1,0,115,3597,1,1856,116,112,0,0,0,12
PR,79995,4125357,SÃO JORGE DO PATROCÍNIO,0,1,73,2502,0,1355,39,63,0,1,1,5
PR,84514,4104451,CANTAGALO,2,1,162,3142,1,3054,115,119,0,1,0,3
PR,84530,4127965,TURVO,4,3,260,4324,2,4246,146,257,0,3,0,8
PR,84557,4100459,ALTAMIRA DO PARANÁ,0,0,93,1260,0,1129,22,58,0,5,0,1
PR,84573,4107751,FIGUEIRA,0,1,85,2071,0,2255,67,85,0,1,0,6
PR,84590,4113759,LUNARDELLI,0,0,64,1746,0,1227,45,89,0,2,1,5
PR,84611,4126256,SARANDI,22,8,1891,29305,14,17759,1505,1455,2,46,6,130
PR,84638,4112959,JURANDA,0,0,78,3295,0,1412,82,90,0,0,0,5
PR,84654,4107256,DOURADINA,3,2,111,3589,0,1545,110,92,1,2,1,9
PR,84670,4124053,SANTA TEREZINHA DE ITAIPU,5,3,283,10393,1,3722,259,218,1,8,2,20
PR,84697,4116059,MISSAL,0,1,167,5368,0,2101,176,127,0,2,1,6
PR,84719,4125456,SÃO JOSÉ DAS PALMEIRAS,0,0,53,1301,0,1211,38,70,0,1,0,2
RJ,58009,3304151,QUISSAMÃ,7,3,393,7550,6,6028,189,273,1,13,0,15
RJ,58017,3300100,ANGRA DOS REIS,30,22,2479,62802,34,31859,2048,1461,13,71,26,164
RJ,58025,3304128,QUATIS,3,1,198,4272,3,3560,150,183,0,4,0,31
RJ,58033,3300209,ARARUAMA,38,20,1933,53415,25,23451,1605,1483,13,98,11,105
RJ,58041,3300456,BELFORD ROXO,92,93,5874,144676,82,91783,4880,4462,31,350,37,323
RJ,58050,3300308,BARRA DO PIRAÍ,35,12,1451,24526,19,21967,1010,1201,6,69,17,119
RJ,58068,3301157,CARDOSO MOREIRA,2,2,194,6014,0,3073,168,217,3,4,1,11
RJ,58076,3300407,BARRA MANSA,59,21,2878,52367,46,39813,2303,2091,8,126,10,262
RJ,58084,3306156,VARRE-SAI,3,4,119,4219,2,2102,96,173,1,4,0,13
RJ,58092,3300506,BOM JARDIM,2,3,445,9554,4,5896,369,475,1,12,3,34
RJ,58106,3301850,GUAPIMIRIM,9,16,897,19835,17,11616,681,588,9,55,4,45
RJ,58114,3300605,BOM JESUS DO ITABAPOANA,3,2,486,12229,2,8216,366,437,1,20,5,37
RJ,58122,3304144,QUEIMADOS,33,26,2411,45795,26,30676,1926,1577,11,131,22,166
RJ,58130,3300704,CABO FRIO,60,35,3603,83213,47,39944,2613,2018,21,197,31,192
RJ,58149,3302270,JAPERI,35,22,1451,30840,12,22217,970,1024,7,72,11,79
RJ,58157,3300803,CACHOEIRAS DE MACACU,12,12,786,20791,6,11917,582,665,2,35,5,58
RJ,58165,3300951,COMENDADOR LEVY GASPARIAN,3,1,191,2713,0,3289,137,172,0,6,0,27
RJ,58173,3300902,CAMBUCI,4,5,138,4932,1,4249,112,168,0,2,1,8
RJ,58181,3300159,APERIBÉ,2,1,152,4917,2,2646,105,127,2,5,3,10
RJ,58190,3301009,CAMPOS DOS GOYTACAZES,139,103,7900,160859,63,91105,4913,6170,42,340,44,486
RJ,58203,3304524,RIO DAS OSTRAS,32,19,2501,48383,37,25447,1897,1136,12,117,18,166
RJ,58211,3301108,CANTAGALO,2,3,263,6198,5,4618,200,283,2,9,1,27
RJ,58220,3300225,AREAL,0,1,252,4555,4,2663,133,197,0,9,3,26
RJ,58238,3301207,CARMO,3,3,322,5468,1,4920,211,306,0,11,0,15
RJ,58246,3303955,PINHEIRAL,10,3,429,6497,3,6639,330,277,2,15,3,26
RJ,58254,3301306,CASIMIRO DE ABREU,9,7,607,17595,7,7582,466,416,1,24,1,43
RJ,58262,3301876,IGUABA GRANDE,11,7,606,15517,4,6773,455,399,8,41,4,48
RJ,58270,3301405,CONCEIÇÃO DE MACABU,3,4,364,5959,1,6013,205,289,1,9,2,14
RJ,58289,3304755,SÃO FRANCISCO DE ITABAPOANA,10,7,513,18882,5,8000,334,530,1,10,0,28
RJ,58297,3301504,CORDEIRO,3,0,437,7210,1,5304,237,248,1,12,3,35
RJ,58300,3300936,CARAPEBUS,1,3,251,6124,1,3896,159,141,0,8,2,3
RJ,58319,3301603,DUAS BARRAS,1,1,197,3919,0,3249,134,271,2,6,2,28
RJ,58327,3304110,PORTO REAL,7,6,409,8172,8,5071,294,273,2,11,1,24
RJ,58335,3301702,DUQUE DE CAXIAS,259,133,12012,274289,212,183125,10367,9479,52,741,90,687
RJ,58343,3305133,SÃO JOSÉ DE UBÁ,2,0,92,3697,2,1881,66,102,0,4,0,11
RJ,58351,3301801,ENGENHEIRO PAULO DE FRONTIN,10,4,257,4502,4,3652,171,185,1,4,5,18
RJ,58360,3305752,TANGUÁ,6,5,500,11510,6,7530,296,444,1,14,4,26
RJ,58378,3301900,ITABORAÍ,56,41,3373,71796,36,49680,2729,2742,17,133,24,190
RJ,58386,3302452,MACUCO,1,0,140,2946,1,2504,70,140,1,0,0,8
RJ,58394,3302007,ITAGUAÍ,38,18,2146,44965,21,24715,1725,1451,6,94,14,134
RJ,58408,3300233,ARMAÇÃO DOS BÚZIOS,5,9,730,17294,6,8225,614,376,4,23,4,46
RJ,58416,3302106,ITAOCARA,4,1,307,9761,1,4313,196,321,0,8,0,17
RJ,58424,3305554,SEROPÉDICA,29,16,1183,26529,11,15730,829,818,6,51,5,52
RJ,58432,3302205,ITAPERUNA,15,21,1062,35918,21,17011,892,1159,3,55,5,110
RJ,58440,3302254,ITATIAIA,7,2,545,11270,7,7164,505,483,4,20,5,52
RJ,58459,3302304,LAJE DO MURIAÉ,6,3,108,2210,1,2843,41,127,2,5,2,6
RJ,58467,3302858,MESQUITA,49,27,2444,58774,46,36083,2051,1738,13,124,8,140
RJ,58475,3302403,MACAÉ,55,39,4480,71870,59,55742,2948,2243,18,242,15,315
RJ,58491,3302502,MAGÉ,86,53,3869,85481,27,51814,2849,2958,18,191,18,216
RJ,58513,3302601,MANGARATIBA,11,7,682,20418,3,10613,599,521,4,26,4,52
RJ,58530,3302700,MARICÁ,42,34,3567,69193,42,59972,3120,2383,12,260,19,230
RJ,58556,3302809,MENDES,3,0,280,5529,3,4966,241,241,2,13,4,31
RJ,58572,3302908,MIGUEL PEREIRA,4,1,462,10499,4,6675,371,382,5,18,6,35
RJ,58599,3303005,MIRACEMA,3,8,318,7380,0,7909,253,367,3,7,2,23
RJ,58610,3303104,NATIVIDADE,5,1,258,4648,1,3856,194,226,4,11,1,12
RJ,58637,3303203,NILÓPOLIS,39,23,2341,54213,57,35389,1936,1652,19,176,27,142
RJ,58653,3303302,NITERÓI,123,103,8218,139309,200,154098,7859,6877,104,483,61,1280
RJ,58670,3303401,NOVA FRIBURGO,41,58,3982,63538,44,39479,2963,2813,22,131,28,317
RJ,58696,3303500,NOVA IGUAÇU,181,128,11239,267454,149,151528,9582,8070,61,652,86,750
RJ,58718,3303609,PARACAMBI,18,6,708,13601,9,9799,499,431,2,30,1,59
RJ,58734,3303708,PARAÍBA DO SUL,8,5,741,13407,6,9988,488,627,2,42,4,79
RJ,58750,3303807,PARATY,13,4,671,15758,9,8622,499,376,4,31,4,34
RJ,58777,3303906,PETRÓPOLIS,109,65,6711,95783,75,57572,4978,5028,31,310,34,719
RJ,58793,3304003,PIRAÍ,11,3,453,8680,3,7529,353,416,2,23,2,35
RJ,58815,3304102,PORCIÚNCULA,2,2,207,4476,4,4729,146,262,1,2,2,21
RJ,58831,3304201,RESENDE,25,26,2206,43226,31,22536,1781,2087,12,104,14,229
RJ,58858,3304300,RIO BONITO,17,10,876,21566,15,10836,634,771,4,27,3,50
RJ,58874,3304409,RIO CLARO,4,2,304,5372,1,5215,239,277,1,4,0,19
RJ,58890,3304508,RIO DAS FLORES,4,0,122,2476,0,3781,84,133,2,3,1,16
RJ,58912,3304607,SANTA MARIA MADALENA,1,4,178,3277,3,2847,105,190,0,7,0,11
RJ,58939,3304706,SANTO ANTÔNIO DE PÁDUA,14,9,461,14849,9,8371,327,587,5,12,5,40
RJ,58955,3304805,SÃO FIDÉLIS,5,5,473,14248,3,7229,374,417,0,16,2,31
RJ,58971,3304904,SÃO GONÇALO,206,136,12679,247529,180,190984,10184,9204,66,631,99,754
RJ,58998,3305000,SÃO JOÃO DA BARRA,17,7,1148,19786,4,10656,518,788,0,28,4,46
RJ,59013,3305109,SÃO JOÃO DE MERITI,107,80,6156,147563,82,96017,5210,5202,37,367,61,379
RJ,59030,3305208,SÃO PEDRO DA ALDEIA,24,16,1449,38306,9,14421,1042,855,4,77,7,88
RJ,59056,3305307,SÃO SEBASTIÃO DO ALTO,0,4,74,3248,1,2181,48,157,1,1,0,6
RJ,59072,3305406,SAPUCAIA,3,7,206,6814,2,4495,178,277,0,7,2,32
RJ,59099,3305505,SAQUAREMA,16,25,1572,44175,23,20288,1280,1059,16,84,12,97
RJ,59110,3305604,SILVA JARDIM,8,2,353,8932,5,4450,209,290,0,7,3,20
RJ,59137,3305703,SUMIDOURO,1,3,191,7366,1,3345,175,252,0,6,2,18
RJ,59153,3305802,TERESÓPOLIS,40,20,3114,61584,37,28112,2470,2306,7,101,14,260
RJ,59170,3305901,TRAJANO DE MORAES,1,1,175,3561,0,3122,76,165,2,4,0,3
RJ,59196,3306008,TRÊS RIOS,18,9,1503,21385,17,20997,1004,1255,8,69,8,150
RJ,59218,3306107,VALENÇA,22,10,1157,16207,13,20463,778,1088,2,43,8,92
RJ,59234,3306206,VASSOURAS,7,6,601,11112,3,9316,452,551,4,38,5,45
RJ,59250,3306305,VOLTA REDONDA,72,41,4746,82586,105,69383,4069,3139,44,226,22,525
RJ,59277,3300258,ARRAIAL DO CABO,9,6,771,15959,4,8652,574,387,2,37,2,32
RJ,59293,3302056,ITALVA,3,0,159,5937,3,2457,113,151,0,5,1,18
RJ,59315,3303856,PATY DO ALFERES,7,6,460,11511,0,5718,291,411,2,18,5,31
RJ,59331,3305158,SÃO JOSÉ DO VALE DO RIO PRETO,2,3,347,9219,1,2314,244,252,1,9,2,46
RJ,60011,3304557,RIO DE JANEIRO,1545,1128,90700,1662354,1903,1524517,88676,82424,945,6435,893,10354
RN,16004,2414159,TENENTE LAURENTINO CRUZ,0,0,133,1260,0,2896,66,17,1,0,0,1
RN,16012,2400109,ACARI,1,2,212,2438,0,4256,129,72,0,5,0,5
RN,16020,2413359,SERRA DO MEL,0,0,345,4006,2,6263,248,45,0,2,2,6
RN,16039,2400208,ASSÚ,4,5,889,9376,14,24169,628,224,4,9,3,14
RN,16047,2401859,CAIÇARA DO NORTE,0,1,112,1470,1,2536,75,19,0,1,1,0
RN,16055,2400307,AFONSO BEZERRA,1,0,202,2322,0,5434,115,45,0,1,0,5
RN,16063,2412559,SÃO MIGUEL DO GOSTOSO,1,2,229,2645,0,4631,76,37,1,2,0,15
RN,16071,2400406,ÁGUA NOVA,0,0,60,408,0,1870,42,19,0,1,0,1
RN,16080,2404853,ITAJÁ,0,1,108,1693,0,3859,75,37,1,0,0,1
RN,16098,2400505,ALEXANDRIA,0,2,158,1673,1,7130,89,35,1,3,0,2
RN,16101,2401651,BODÓ,0,0,57,602,0,2094,29,20,0,3,0,0
RN,16110,2400604,ALMINO AFONSO,2,0,66,759,3,3274,45,13,0,2,0,5
RN,16128,2414456,TRIUNFO POTIGUAR,0,1,98,1115,0,2190,31,18,0,0,0,0
RN,16136,2400703,ALTO DO RODRIGUES,1,1,239,1811,0,6898,171,55,0,1,0,4
RN,16144,2403756,FERNANDO PEDROZA,0,0,41,871,0,1763,20,16,0,5,0,1
RN,16152,2400802,ANGICOS,1,1,195,2434,0,5255,102,58,1,1,1,8
RN,16160,2407252,MAJOR SALES,0,1,56,438,0,1944,31,14,1,1,0,0
RN,16179,2400901,ANTÔNIO MARTINS,0,0,84,796,3,3807,34,26,0,0,0,1
RN,16187,2414753,VENHA-VER,0,3,51,531,2,2222,42,18,0,0,3,1
RN,16195,2401008,APODI,3,1,699,5839,3,17301,613,179,2,12,3,8
RN,16209,2413557,SERRINHA DOS PINTOS,1,3,60,651,0,2625,29,19,0,2,0,0
RN,16217,2401107,AREIA BRANCA,5,5,477,5319,1,10235,410,67,1,14,3,5
RN,16225,2411056,TIBAU,1,3,199,2514,1,3855,95,36,0,3,1,2
RN,16233,2401206,AREZ,1,0,194,2899,0,5474,96,40,1,2,1,6
RN,16241,2409332,SANTA MARIA,1,1,122,1314,0,2502,32,24,1,1,0,3
RN,16250,2401305,CAMPO GRANDE,1,5,154,2022,2,4590,90,33,0,1,0,0
RN,16268,2408953,RIO DO FOGO,1,2,206,3468,0,4901,114,47,0,5,1,4
RN,16276,2401404,BAÍA FORMOSA,4,0,126,2045,0,3331,87,55,0,3,0,0
RN,16284,2410256,PORTO DO MANGUE,0,0,124,823,1,2980,71,10,1,0,0,0
RN,16292,2401503,BARCELONA,0,1,80,1433,0,2122,38,32,0,2,1,0
RN,16306,2406155,JUNDIÁ,0,1,120,1282,2,2251,35,32,0,0,0,1
RN,16314,2401602,BENTO FERNANDES,0,1,110,927,1,2902,22,26,0,0,0,0
RN,16330,2401701,BOM JESUS,1,0,196,2466,2,4354,84,56,0,1,0,2
RN,16357,2401800,BREJINHO,0,2,194,2424,0,4750,77,79,0,0,0,3
RN,16373,2401909,CAIÇARA DO RIO DO VENTO,0,0,99,1023,0,2208,28,22,0,1,0,0
RN,16390,2402006,CAICÓ,12,7,1199,12738,10,21376,551,336,1,21,2,31
RN,16411,2402105,CAMPO REDONDO,0,2,106,1330,1,5150,68,32,0,1,0,2
RN,16438,2402204,CANGUARETAMA,3,1,455,4971,1,13380,256,83,0,3,1,4
RN,16454,2402303,CARAÚBAS,2,3,364,3295,0,11048,249,103,0,6,0,6
RN,16470,2402402,CARNAÚBA DOS DANTAS,2,1,362,2061,0,2382,90,24,0,3,1,7
RN,16497,2402501,CARNAUBAIS,1,2,185,1637,2,4791,110,27,0,1,1,3
RN,16519,2402600,CEARÁ-MIRIM,7,5,1177,12957,16,31895,659,364,2,8,3,26
RN,16535,2402709,CERRO CORÁ,2,2,209,1660,1,5130,79,51,1,0,0,1
RN,16551,2402808,CORONEL EZEQUIEL,2,2,102,1021,2,2630,41,28,0,0,1,3
RN,16578,2402907,CORONEL JOÃO PESSOA,0,0,60,568,0,2430,66,31,0,0,0,3
RN,16594,2403004,CRUZETA,0,5,180,1479,0,3654,50,30,0,0,0,0
RN,16616,2403103,CURRAIS NOVOS,6,2,791,8808,6,14921,380,222,4,17,1,17
RN,16632,2403202,DOUTOR SEVERIANO,4,1,128,758,0,4046,82,24,0,1,1,0
RN,16659,2403301,ENCANTO,0,1,51,759,1,3137,66,12,1,0,0,1
RN,16675,2403400,EQUADOR,1,1,122,1097,0,2470,48,22,0,1,0,1
RN,16691,2403509,ESPÍRITO SANTO,0,2,112,2483,5,3306,90,33,2,0,1,1
RN,16713,2403608,EXTREMOZ,6,4,938,13692,15,15787,606,254,2,12,1,16
RN,16730,2403707,FELIPE GUERRA,0,1,109,1091,0,4477,82,13,0,0,0,1
RN,16756,2403806,FLORÂNIA,2,0,193,1722,2,4517,71,76,1,1,0,3
RN,16772,2403905,FRANCISCO DANTAS,0,0,61,486,1,1754,30,14,0,2,0,2
RN,16799,2404101,GALINHOS,0,0,78,1089,0,1041,30,10,1,3,0,1
RN,16810,2404200,GOIANINHA,3,6,431,6322,1,10212,205,143,1,4,1,6
RN,16837,2404309,GOVERNADOR DIX-SEPT ROSADO,2,1,220,2133,1,6889,153,45,1,2,2,1
RN,16853,2404408,GROSSOS,1,1,241,2484,0,4909,107,36,0,2,0,2
RN,16870,2404507,GUAMARÉ,2,2,451,3479,1,7385,156,74,1,2,2,4
RN,16896,2404606,IELMO MARINHO,0,0,324,2811,2,6124,92,64,0,1,0,1
RN,16918,2404705,IPANGUAÇU,3,0,172,2301,1,7437,130,28,0,0,1,7
RN,16934,2404804,IPUEIRA,0,0,44,441,0,1276,16,13,0,0,0,0
RN,16950,2404903,ITAÚ,0,0,102,976,2,2930,67,24,0,0,0,0
RN,16977,2405009,JAÇANÃ,0,1,115,1293,6,3488,45,42,0,1,0,1
RN,16993,2405108,JANDAÍRA,2,0,126,1514,0,3384,51,23,0,0,1,3
RN,17019,2405207,JANDUÍS,0,1,51,778,1,2715,37,9,0,1,0,1
RN,17035,2405306,BOA SAÚDE,1,2,188,2199,3,3665,66,50,2,1,0,0
RN,17051,2405405,JAPI,0,2,76,859,0,3530,32,27,0,0,0,2
RN,17078,2405504,JARDIM DE ANGICOS,0,0,99,587,2,1865,27,18,0,1,1,1
RN,17094,2405603,JARDIM DE PIRANHAS,2,0,198,1680,3,7115,143,32,0,1,0,4
RN,17116,2405702,JARDIM DO SERIDÓ,1,0,318,2599,1,5010,137,68,1,5,0,5
RN,17132,2405801,JOÃO CÂMARA,4,2,621,6155,3,14852,263,111,1,4,1,12
RN,17159,2405900,JOÃO DIAS,0,3,44,494,1,1689,28,9,0,2,0,0
RN,17175,2406007,JOSÉ DA PENHA,0,1,55,627,0,3329,32,29,2,1,2,1
RN,17191,2406106,JUCURUTU,1,6,310,3261,0,8585,156,59,0,1,2,4
RN,17213,2407609,MESSIAS TARGINO,0,0,75,1099,0,2586,56,16,0,1,0,0
RN,17230,2406205,LAGOA D'ANTA,1,0,82,1160,0,3586,54,20,2,2,0,1
RN,17256,2406304,LAGOA DE PEDRAS,1,0,160,1589,3,4148,82,48,1,0,0,2
RN,17272,2406403,LAGOA DE VELHOS,1,1,82,834,1,1665,35,16,0,1,0,0
RN,17299,2406502,LAGOA NOVA,1,2,249,2666,4,6509,119,60,0,1,0,2
RN,17310,2406601,LAGOA SALGADA,1,4,139,2255,3,4669,82,47,2,2,0,3
RN,17337,2406700,LAJES,2,2,189,1935,0,5008,109,48,0,8,0,2
RN,17353,2406809,LAJES PINTADAS,1,1,76,1331,2,2695,43,22,0,0,0,1
RN,17370,2406908,LUCRÉCIA,0,1,41,567,0,2252,50,14,0,1,0,0
RN,17396,2407005,LUÍS GOMES,1,2,52,807,0,4426,45,14,0,0,1,0
RN,17418,2407104,MACAÍBA,14,3,1277,14839,5,25616,587,371,3,22,2,19
RN,17434,2407203,MACAU,3,2,431,3551,6,12556,329,79,1,6,0,7
RN,17450,2407302,MARCELINO VIEIRA,0,0,68,942,0,4576,58,15,0,0,0,2
RN,17477,2407401,MARTINS,0,0,110,1436,1,4300,81,38,0,3,0,2
RN,17493,2407500,MAXARANGUAPE,0,1,231,2810,0,4958,72,65,0,6,0,5
RN,17515,2404002,FRUTUOSO GOMES,0,1,57,608,0,2677,51,20,0,2,0,0
RN,17531,2407708,MONTANHAS,0,3,180,1797,0,5215,60,43,0,3,1,1
RN,17558,2407807,MONTE ALEGRE,1,1,369,5043,3,7772,108,93,1,6,1,1
RN,17574,2407906,MONTE DAS GAMELEIRAS,0,0,66,875,1,1480,29,11,0,1,0,1
RN,17590,2408003,MOSSORÓ,29,20,4986,54321,46,85507,4004,1022,12,111,18,88
RN,17612,2408102,NATAL,131,76,13267,192739,226,213790,9578,5253,69,510,57,681
RN,17639,2408201,NÍSIA FLORESTA,5,0,493,7562,3,10173,245,137,0,8,0,3
RN,17655,2408300,NOVA CRUZ,1,4,484,7238,2,13168,244,112,3,4,1,11
RN,17671,2408409,OLHO D'ÁGUA DO BORGES,0,0,83,851,0,2605,48,19,0,3,0,2
RN,17698,2408508,OURO BRANCO,0,1,103,975,1,2406,55,24,1,2,0,0
RN,17710,2408607,PARANÁ,1,0,32,461,0,2700,30,17,0,1,0,0
RN,17736,2408706,PARAÚ,2,2,103,963,0,2319,37,9,0,1,0,3
RN,17752,2408805,PARAZINHO,0,1,81,1337,0,2871,41,20,0,0,0,1
RN,17779,2408904,PARELHAS,4,0,821,5159,2,7308,250,83,3,7,2,6
RN,17795,2403251,PARNAMIRIM,44,10,3739,59345,50,49084,2720,1240,7,134,14,156
RN,17817,2409100,PASSA E FICA,0,1,212,2928,3,4469,102,54,1,7,1,4
RN,17833,2409209,PASSAGEM,2,0,112,1377,0,2090,27,27,0,5,0,0
RN,17850,2409308,PATU,0,0,185,2113,0,5488,125,40,0,4,0,7
RN,17876,2409407,PAU DOS FERROS,2,1,271,4466,1,11673,315,106,3,5,2,10
RN,17892,2409506,PEDRA GRANDE,1,0,100,832,1,2292,28,21,0,0,0,1
RN,17914,2409605,PEDRA PRETA,0,0,58,833,0,1692,30,18,0,0,0,3
RN,17930,2409704,PEDRO AVELINO,0,3,96,1312,0,3214,71,33,0,2,0,3
RN,17957,2409803,PEDRO VELHO,2,0,183,2551,1,6346,104,55,0,2,1,4
RN,17973,2409902,PENDÊNCIAS,2,0,154,1752,2,6152,127,47,0,5,1,2
RN,17990,2410009,PILÕES,1,0,27,406,0,2330,31,16,0,0,0,1
RN,18015,2410108,POÇO BRANCO,1,1,195,1756,1,7013,109,47,0,5,2,3
RN,18031,2410207,PORTALEGRE,0,1,113,1768,0,3291,59,46,0,3,0,9
RN,18058,2410306,SERRA CAIADA,0,0,131,2083,2,4688,57,36,0,0,2,0
RN,18074,2410405,PUREZA,1,1,131,1690,1,4754,66,31,0,0,0,1
RN,18090,2410504,RAFAEL FERNANDES,0,0,53,744,1,3032,69,9,1,0,0,1
RN,18112,2410702,RIACHO DA CRUZ,0,1,29,499,0,1712,22,15,0,0,0,0
RN,18139,2410801,RIACHO DE SANTANA,0,1,59,470,0,2436,36,17,0,1,0,0
RN,18155,2410900,RIACHUELO,0,0,93,1781,0,3609,45,33,0,3,0,2
RN,18171,2411007,RODOLFO FERNANDES,0,1,81,1095,0,2488,50,13,0,1,0,2
RN,18198,2411106,RUY BARBOSA,0,0,55,1503,1,1637,38,17,0,0,0,1
RN,18210,2411908,SÃO FRANCISCO DO OESTE,0,0,78,710,1,2283,51,21,0,0,1,1
RN,18236,2411205,SANTA CRUZ,0,4,482,6826,8,13899,326,148,1,13,0,15
RN,18252,2411429,SANTANA DO SERIDÓ,0,1,139,645,0,1264,39,20,2,1,0,0
RN,18279,2411403,SANTANA DO MATOS,3,1,203,1849,2,6393,61,57,0,2,2,2
RN,18295,2411502,SANTO ANTÔNIO,2,3,291,4051,1,9964,169,89,1,2,0,6
RN,18317,2411601,SÃO BENTO DO NORTE,0,1,114,889,0,2152,42,22,0,1,0,3
RN,18333,2411700,SÃO BENTO DO TRAIRÍ,0,0,82,879,0,2312,31,32,0,0,0,3
RN,18350,2411809,SÃO FERNANDO,1,1,84,874,1,2021,52,23,0,0,0,1
RN,18376,2412005,SÃO GONÇALO DO AMARANTE,17,8,1984,24704,22,33449,1091,615,6,43,11,54
RN,18392,2412104,SÃO JOÃO DO SABUGI,0,0,100,1130,0,2979,54,48,1,2,1,4
RN,18414,2412203,SÃO JOSÉ DE MIPIBU,5,5,757,10291,3,15658,401,204,3,16,0,17
RN,18430,2412302,SÃO JOSÉ DO CAMPESTRE,2,2,151,2474,0,5388,75,38,2,3,0,1
RN,18457,2412401,SÃO JOSÉ DO SERIDÓ,0,2,159,949,0,2481,49,36,0,1,0,3
RN,18473,2412500,SÃO MIGUEL,1,3,314,3195,1,10398,238,88,1,6,2,6
RN,18490,2412609,SÃO PAULO DO POTENGI,1,3,305,5020,3,5861,126,72,0,5,1,4
RN,18511,2412708,SÃO PEDRO,0,0,142,1510,0,3375,40,32,2,1,0,4
RN,18538,2412807,SÃO RAFAEL,0,0,151,1628,0,3929,94,31,0,1,1,1
RN,18554,2412906,SÃO TOMÉ,0,1,127,3127,1,3817,52,39,0,5,1,0
RN,18570,2413003,SÃO VICENTE,1,0,128,1190,2,2882,57,21,0,2,0,1
RN,18597,2413102,SENADOR ELÓI DE SOUZA,0,1,85,1253,2,3126,37,20,0,1,1,0
RN,18619,2413201,SENADOR GEORGINO AVELINO,0,0,79,1018,1,1717,37,13,1,3,0,1
RN,18635,2413300,SERRA DE SÃO BENTO,2,0,109,1546,1,3082,47,18,1,0,1,0
RN,18651,2413409,SERRA NEGRA DO NORTE,0,1,102,1988,1,2691,58,28,1,0,0,2
RN,18678,2413508,SERRINHA,0,1,158,1625,0,3563,46,45,0,0,1,2
RN,18694,2413607,SEVERIANO MELO,1,1,109,1182,1,4033,66,38,0,1,1,1
RN,18716,2413706,SÍTIO NOVO,0,0,88,865,0,3015,39,25,0,1,0,1
RN,18732,2413805,TABOLEIRO GRANDE,0,0,61,518,1,1547,31,10,0,0,0,3
RN,18759,2413904,TAIPU,0,2,218,1829,0,6177,105,61,0,1,0,1
RN,18775,2414001,TANGARÁ,1,0,221,3172,0,5529,141,68,0,5,1,3
RN,18791,2414100,TENENTE ANANIAS,0,1,103,2132,0,4324,61,23,0,2,1,1
RN,18813,2414209,TIBAU DO SUL,1,2,208,4010,1,6133,126,61,0,9,0,13
RN,18830,2414308,TIMBAÚBA DOS BATISTAS,2,0,54,718,1,1457,23,20,0,1,1,0
RN,18856,2414407,TOUROS,3,2,548,8127,5,13200,256,149,0,6,4,4
RN,18872,2414506,UMARIZAL,0,2,132,1466,1,5267,93,24,1,1,0,6
RN,18899,2414605,UPANEMA,1,1,195,3690,2,5509,154,80,1,3,0,3
RN,18910,2414704,VÁRZEA,0,0,103,1594,0,2759,48,26,0,0,0,1
RN,18937,2410603,RAFAEL GODEIRO,0,0,26,1268,1,1594,35,8,1,3,0,1
RN,18953,2414803,VERA CRUZ,1,1,244,2811,3,5595,77,77,0,3,1,7
RN,18970,2414902,VIÇOSA,0,1,23,357,0,1080,20,6,0,0,0,1
RN,18996,2415008,VILA FLOR,0,0,53,704,0,1758,25,8,0,0,0,0
RN,30031,2401453,BARAÚNA,2,0,530,5833,3,10688,259,68,2,2,1,6
RO,00019,1100106,GUAJARÁ-MIRIM,3,3,387,12523,2,7825,367,296,2,18,6,17
RO,00035,1100205,PORTO VELHO,165,65,10270,169992,91,90889,7770,6087,23,479,65,442
RO,00051,1100122,JI-PARANÁ,18,7,1582,52832,9,16702,1541,1229,4,41,3,128
RO,00078,1100023,ARIQUEMES,17,8,1188,41652,11,9939,1075,590,5,33,0,74
RO,00094,1100049,CACOAL,10,6,1369,37751,7,12099,1188,1255,2,30,2,95
RO,00116,1100189,PIMENTA BUENO,6,2,465,15080,0,4520,334,350,0,8,0,25
RO,00132,1100304,VILHENA,17,8,1195,39614,13,10327,1146,806,1,37,4,87
RO,00159,1100114,JARU,9,4,719,22967,5,6201,602,395,4,17,3,38
RO,00175,1100155,OURO PRETO DO OESTE,8,5,546,14956,2,5142,362,282,0,17,1,31
RO,00191,1100254,PRESIDENTE MÉDICI,1,0,287,8293,2,2807,199,215,0,2,0,17
RO,00213,1100080,COSTA MARQUES,1,1,92,4413,0,2216,94,83,1,1,0,3
RO,00230,1100064,COLORADO DO OESTE,11,2,221,7050,0,2228,145,175,2,10,0,20
RO,00256,1100098,ESPIGÃO DO OESTE,9,2,369,13446,0,3530,241,383,0,7,1,35
RO,00272,1100056,CEREJEIRAS,3,0,185,7945,1,1805,156,121,0,3,2,14
RO,00299,1100288,ROLIM DE MOURA,6,6,799,21501,9,7001,583,557,1,23,2,36
RO,00310,1100015,ALTA FLORESTA D'OESTE,5,4,254,9816,3,3533,170,208,0,5,1,12
RO,00337,1100346,ALVORADA DO OESTE,7,2,229,5358,3,2658,82,129,1,5,0,7
RO,00353,1100296,SANTA LUZIA D'OESTE,0,1,124,3293,1,1580,78,87,0,5,0,6
RO,00370,1100148,NOVA BRASILÂNDIA D'OESTE,5,3,231,7601,0,2620,132,210,0,7,0,11
RO,00396,1100130,MACHADINHO D'OESTE,6,2,374,12914,0,4362,234,295,3,7,1,16
RO,00418,1100320,SÃO MIGUEL DO GUAPORÉ,3,5,328,8939,0,3704,217,220,1,5,1,13
RO,00434,1100338,NOVA MAMORÉ,2,0,177,11731,1,2781,162,122,1,7,0,6
RO,00450,1100031,CABIXI,0,1,82,2646,0,1046,38,49,0,3,0,5
RO,00477,1100809,CANDEIAS DO JAMARI,8,2,396,9310,3,4864,288,298,0,11,0,16
RO,00493,1101104,ITAPUÃ DO OESTE,5,1,217,3460,0,1485,74,89,0,0,0,5
RO,00515,1100502,NOVO HORIZONTE DO OESTE,1,1,133,3639,0,1737,76,117,0,1,1,9
RO,00531,1100908,CASTANHEIRAS,0,0,55,1616,0,879,45,56,0,0,0,3
RO,00558,1101807,VALE DO PARAÍSO,2,0,74,2755,0,1356,60,68,0,6,0,2
RO,00566,1101708,URUPÁ,3,1,154,4765,0,2027,84,100,0,7,0,1
RO,00574,1101302,MIRANTE DA SERRA,0,0,131,4003,1,2125,99,122,0,2,0,12
RO,00582,1101500,SERINGUEIRAS,0,1,144,5117,0,2248,78,126,0,3,0,15
RO,00590,1101609,THEOBROMA,2,0,150,3966,3,1638,51,91,0,3,1,6
RO,00604,1101203,MINISTRO ANDREAZZA,0,1,89,3093,0,1471,60,91,0,0,0,7
RO,00612,1101005,GOVERNADOR JORGE TEIXEIRA,1,0,128,3949,0,1339,85,121,1,1,0,8
RO,00620,1100601,CACAULÂNDIA,2,0,61,2278,0,599,44,41,1,2,0,5
RO,00639,1100403,ALTO PARAÍSO,2,4,127,7110,1,1746,107,108,0,3,0,18
RO,00647,1100262,RIO CRESPO,2,1,31,1981,0,539,21,47,1,1,0,5
RO,00655,1100072,CORUMBIARA,3,1,92,2944,0,1317,59,72,0,4,1,2
RO,00663,1101401,MONTE NEGRO,1,0,166,5613,0,1662,92,138,0,2,0,10
RO,00671,1100700,CAMPO NOVO DE RONDÔNIA,0,0,144,4218,0,1270,93,93,0,2,0,5
RO,00680,1100940,CUJUBIM,3,0,135,6631,0,1481,95,99,0,2,0,7
RO,00698,1101757,VALE DO ANARI,1,0,149,3524,0,1270,52,83,1,1,0,4
RO,00701,1101450,PARECIS,0,0,73,1765,0,942,46,76,0,0,0,0
RO,00710,1101484,SÃO FELIPE D'OESTE,1,0,102,2293,1,1007,41,56,1,3,0,4
RO,00728,1101476,PRIMAVERA DE RONDÔNIA,2,0,52,1746,1,540,42,51,0,1,0,1
RO,00736,1100379,ALTO ALEGRE DOS PARECIS,1,2,115,4627,1,1931,87,117,1,2,0,4
RO,00744,1101435,NOVA UNIÃO,0,2,80,2424,0,1634,56,68,1,1,0,8
RO,00752,1101559,TEIXEIRÓPOLIS,1,1,52,1938,0,1035,29,45,0,1,0,3
RO,00779,1100452,BURITIS,1,3,390,13793,2,2889,201,182,0,7,1,9
RO,00787,1101468,PIMENTEIRAS DO OESTE,0,0,40,1185,1,485,12,12,0,1,0,0
RO,00795,1101492,SÃO FRANCISCO DO GUAPORÉ,1,1,248,7180,0,2210,135,150,1,4,0,7
RO,00809,1100924,CHUPINGUAIA,1,1,79,3752,0,1426,59,68,1,2,1,4
RR,03000,1400233,CAROEBE,2,2,108,4989,0,1201,89,72,0,6,0,4
RR,03018,1400100,BOA VISTA,127,26,6075,143225,53,37547,5077,2530,29,216,34,255
RR,03026,1400282,IRACEMA,0,1,173,4384,2,1295,65,54,2,2,1,4
RR,03034,1400209,CARACARAÍ,4,1,283,8598,0,2987,174,108,0,6,0,9
RR,03042,1400027,AMAJARI,2,2,138,4635,0,1426,64,69,0,1,1,5
RR,03050,1400050,ALTO ALEGRE,8,0,227,7951,0,2657,138,116,0,6,0,3
RR,03069,1400175,CANTÁ,5,0,275,10037,0,3667,168,192,0,3,0,14
RR,03077,1400159,BONFIM,2,2,126,6564,0,3037,87,58,0,8,2,6
RR,03085,1400472,RORAINÓPOLIS,5,3,408,13503,3,4189,314,135,0,14,3,17
RR,03093,1400308,MUCAJAÍ,4,2,228,9218,1,2022,142,109,0,4,0,4
RR,03107,1400704,UIRAMUTÃ,0,0,48,2327,0,5375,23,19,0,0,0,3
RR,03115,1400407,NORMANDIA,1,0,151,4440,1,3558,57,33,1,2,0,3
RR,03123,1400456,PACARAIMA,6,2,120,4619,0,3065,86,37,1,3,0,2
RR,03131,1400506,SÃO JOÃO DA BALIZA,1,0,108,3319,0,1154,74,61,0,6,0,6
RR,03158,1400605,SÃO LUIZ,1,1,111,3513,0,1240,65,46,1,3,0,2
RS,84735,4301552,ÁUREA,2,1,64,1851,0,650,47,73,0,1,0,3
RS,84743,4321634,TRÊS ARROIOS,0,0,51,1447,0,455,37,54,0,0,1,9
RS,84751,4313359,NOVA ROMA DO SUL,2,0,66,2076,0,392,55,55,0,0,0,4
RS,84760,4315156,PROGRESSO,1,1,107,2404,0,1336,90,89,0,4,0,7
RS,84778,4314555,PIRAPÓ,0,0,49,741,0,772,13,42,0,1,0,0
RS,84786,4310850,JABOTICABA,1,1,54,1437,0,1052,47,23,0,1,0,7
RS,84794,4318440,SÃO JORGE,0,1,64,1667,0,253,41,56,0,0,0,3
RS,84808,4300554,ALTO ALEGRE,0,2,63,881,0,488,38,30,1,0,0,0
RS,84816,4313060,NOVA HARTZ,1,1,467,7069,0,3780,290,233,2,7,2,25
RS,84824,4306452,DOIS LAJEADOS,0,0,76,1893,1,372,44,68,1,1,0,9
RS,84832,4318051,SÃO DOMINGOS DO SUL,0,0,54,1398,0,512,37,42,0,0,0,14
RS,84840,4322152,TUNAS,0,0,48,1260,0,1245,42,35,0,1,0,4
RS,84859,4318424,SÃO JOÃO DA URTIGA,0,0,59,2334,0,810,50,80,0,0,0,6
RS,84867,4309258,GUABIJU,0,0,27,874,0,164,14,30,3,2,1,3
RS,84875,4315354,QUINZE DE NOVEMBRO,1,0,86,2340,0,601,47,101,0,1,0,6
RS,84883,4306734,DOUTOR MAURÍCIO CARDOSO,0,0,61,2112,2,806,42,74,0,2,0,10
RS,84891,4304689,CAPELA DE SANTANA,0,1,262,3410,0,2302,162,121,0,3,1,6
RS,84905,4311122,JAQUIRANA,0,0,61,1602,0,913,38,44,0,0,1,1
RS,84913,4322558,VANINI,1,0,35,1142,0,361,24,41,0,0,0,4
RS,84921,4302451,BOQUEIRÃO DO LEÃO,0,0,123,2659,1,1288,122,87,0,0,0,6
RS,84930,4307864,FAGUNDES VARELA,1,0,45,1573,0,282,31,57,0,1,0,4
RS,84948,4300059,ÁGUA SANTA,0,0,30,1912,0,680,24,67,0,2,0,4
RS,84956,4320651,SILVEIRA MARTINS,0,0,22,1012,0,534,22,69,1,1,0,4
RS,84964,4309951,IBIRAPUITÃ,0,0,57,1642,0,886,32,36,0,0,0,4
RS,84972,4309753,IBARAMA,1,1,65,1722,0,792,85,139,0,2,0,6
RS,84980,4313953,PANTANO GRANDE,0,0,187,2786,0,2970,131,192,1,5,0,10
RS,84999,4310439,IPÊ,3,1,91,3394,2,757,82,104,1,4,1,16
RS,85006,4321956,TRINDADE DO SUL,0,0,104,2426,0,1844,88,50,0,0,0,10
RS,85014,4300109,AGUDO,1,1,269,6409,1,2876,290,320,0,2,0,14
RS,85022,4307054,ERNESTINA,0,0,40,1475,0,762,35,34,0,1,0,4
RS,85030,4300208,AJURICABA,1,0,102,3312,0,1178,83,129,0,4,0,16
RS,85049,4306353,DEZESSEIS DE NOVEMBRO,0,0,44,905,0,897,24,47,0,1,0,1
RS,85057,4300307,ALECRIM,1,0,112,2331,0,1806,82,187,0,1,0,11
RS,85065,4302659,BROCHIER,2,0,175,1890,0,821,103,168,0,6,2,9
RS,85073,4300406,ALEGRETE,4,16,1046,18692,7,17259,803,1339,2,23,4,70
RS,85081,4306973,EREBANGO,0,0,26,1224,1,696,26,37,0,0,2,3
RS,85090,4300505,ALPESTRE,1,0,64,2778,0,1734,69,100,0,0,0,4
RS,85103,4306932,ENTRE-IJUÍS,3,0,157,3327,1,2061,90,140,0,2,0,8
RS,85111,4300604,ALVORADA,42,20,3059,46134,52,42505,3250,2397,27,142,27,233
RS,85120,4313037,NOVA ESPERANÇA DO SUL,0,1,125,1906,1,1128,50,89,0,1,0,2
RS,85138,4300703,ANTA GORDA,0,0,80,3174,0,489,62,115,0,2,0,13
RS,85146,4314159,PAVERAMA,1,1,143,2929,0,1536,98,129,1,1,1,8
RS,85154,4300802,ANTÔNIO PRADO,1,2,193,6982,1,1291,168,202,0,1,0,29
RS,85162,4321436,TERRA DE AREIA,0,1,168,3645,2,1813,156,118,0,1,1,7
RS,85170,4300901,ARATIBA,0,0,173,3024,2,1626,103,94,0,0,0,11
RS,85189,4309555,HARMONIA,0,2,142,2389,0,702,100,118,0,4,0,16
RS,85197,4301008,ARROIO DO MEIO,4,1,552,9567,2,3406,407,403,1,1,2,35
RS,85200,4304101,CAMPOS BORGES,3,0,75,1447,0,803,49,51,1,1,0,3
RS,85219,4301107,ARROIO DOS RATOS,2,1,189,3267,0,3526,193,218,1,3,0,35
RS,85227,4305157,CERRO GRANDE,0,2,50,844,1,868,26,52,0,2,0,4
RS,85235,4301206,ARROIO DO TIGRE,2,1,189,5229,0,2204,155,197,1,2,3,9
RS,85243,4310462,IPIRANGA DO SUL,0,0,21,1430,3,238,20,26,0,0,0,5
RS,85251,4301305,ARROIO GRANDE,2,2,349,4552,2,5343,229,263,0,6,0,21
RS,85260,4311254,LAGOÃO,1,2,159,1698,0,1750,106,86,2,1,0,1
RS,85278,4301404,ARVOREZINHA,1,0,151,4787,0,1508,101,109,1,1,2,11
RS,85286,4307559,ESTAÇÃO,1,0,118,2658,1,966,84,120,0,1,0,9
RS,85294,4301503,AUGUSTO PESTANA,0,0,73,3501,0,1061,71,116,0,6,0,10
RS,85308,4301057,ARROIO DO SAL,3,1,280,4199,6,2161,203,166,0,12,2,14
RS,85316,4301602,BAGÉ,24,8,1814,27977,24,27706,1432,1586,6,81,7,129
RS,85324,4318481,SÃO JOSÉ DO HORTÊNCIO,1,0,81,2400,1,527,60,89,0,0,1,6
RS,85332,4301701,BARÃO DE COTEGIPE,2,0,91,2819,0,1255,50,106,0,4,1,18
RS,85340,4314456,PINHAL,0,0,66,1294,0,660,22,47,1,0,0,2
RS,85359,4301800,BARRACÃO,1,0,52,1804,0,1223,61,51,0,1,1,1
RS,85367,4321667,TRÊS CACHOEIRAS,1,0,172,4933,1,1415,163,70,0,1,0,24
RS,85375,4301909,BARRA DO RIBEIRO,1,1,231,3934,7,2761,177,213,2,8,1,15
RS,85383,4319752,SÃO VENDELINO,1,0,76,1361,0,448,48,61,1,2,0,10
RS,85391,4302006,BARROS CASSAL,1,3,145,3580,1,2083,100,154,0,0,1,11
RS,85405,4315172,PROTÁSIO ALVES,0,0,35,1289,0,198,11,29,0,1,0,7
RS,85413,4302105,BENTO GONÇALVES,13,8,1839,53040,10,14322,1952,1353,9,62,12,239
RS,85421,4315131,POUSO NOVO,0,0,30,780,0,434,20,35,0,0,0,3
RS,85430,4302204,BOA VISTA DO BURICÁ,1,0,142,3227,0,1054,100,179,1,1,0,9
RS,85448,4307831,EUGÊNIO DE CASTRO,0,0,25,1249,0,657,21,37,0,1,0,3
RS,85456,4302303,BOM JESUS,1,0,160,3496,1,2265,89,142,1,4,1,7
RS,85464,4306056,CRISTAL,2,0,162,2643,1,1811,99,95,0,2,0,11
RS,85472,4302402,BOM RETIRO DO SUL,1,4,242,4994,5,2125,204,167,0,8,2,18
RS,85480,4319158,SÃO MIGUEL DAS MISSÕES,0,0,88,2354,1,1961,52,43,3,1,0,1
RS,85499,4302501,BOSSOROCA,1,0,89,1705,0,1735,33,59,0,1,0,3
RS,85502,4309050,GLORINHA,0,1,121,3394,3,1270,142,154,1,8,1,7
RS,85510,4302600,BRAGA,1,0,48,965,0,1053,18,34,0,0,0,1
RS,85529,4320263,SEGREDO,0,0,94,2685,0,1428,85,158,0,3,0,9
RS,85537,4302709,BUTIÁ,3,1,347,4678,2,5197,205,226,0,5,0,16
RS,85545,4300455,ALEGRIA,0,1,38,1421,0,987,25,80,0,1,0,4
RS,85553,4302808,CAÇAPAVA DO SUL,3,6,791,7090,5,9154,368,555,0,8,3,55
RS,85561,4316436,SALDANHA MARINHO,0,1,31,1475,0,525,24,45,0,1,0,2
RS,85570,4302907,CACEQUI,2,1,153,3040,0,2699,98,91,0,5,2,11
RS,85588,4318465,SÃO JOSÉ DO HERVAL,0,0,39,799,0,657,31,28,0,0,0,4
RS,85596,4303004,CACHOEIRA DO SUL,35,8,1224,25574,19,14722,1171,1456,5,30,8,111
RS,85600,4323507,VISTA ALEGRE,0,1,44,1175,0,797,27,47,0,0,0,2
RS,85618,4303103,CACHOEIRINHA,37,12,3470,41314,35,26214,2415,1538,7,97,9,268
RS,85626,4310751,IVORÁ,0,2,33,743,0,480,10,81,0,1,0,6
RS,85634,4303202,CACIQUE DOBLE,1,0,61,1939,0,985,44,43,0,5,0,6
RS,85642,4323408,VILA MARIA,0,0,55,2187,0,690,41,42,0,1,0,4
RS,85650,4303301,CAIBATÉ,0,0,76,1625,0,1318,38,71,0,0,1,6
RS,85669,4321329,TAQUARUÇU DO SUL,0,0,38,1314,0,902,35,34,0,1,0,4
RS,85677,4303400,CAIÇARA,0,0,63,2260,0,1019,39,71,0,5,0,5
RS,85685,4310330,IMBÉ,5,1,667,9628,6,5858,423,379,0,15,6,38
RS,85693,4303509,CAMAQUÃ,4,2,1141,22631,10,11484,898,984,5,23,7,87
RS,85707,4320230,SEDE NOVA,0,0,49,1128,0,756,26,74,0,0,0,5
RS,85715,4303608,CAMBARÁ DO SUL,0,0,93,2706,0,946,58,89,0,0,1,17
RS,85723,4322251,TUPANDI,0,0,98,2814,0,501,99,104,1,4,1,18
RS,85731,4303707,CAMPINA DAS MISSÕES,0,0,134,2439,0,1271,85,116,0,3,1,9
RS,85740,4315750,RIOZINHO,0,0,128,2117,1,1077,101,111,1,0,0,8
RS,85758,4303806,CAMPINAS DO SUL,0,0,53,2990,1,727,43,58,0,1,1,8
RS,85766,4315453,RELVADO,0,0,42,1172,0,366,20,53,0,0,0,5
RS,85774,4303905,CAMPO BOM,12,4,1202,26666,14,10699,1169,822,4,43,7,119
RS,85782,4310363,IMIGRANTE,0,0,108,1427,0,495,68,86,0,3,0,11
RS,85790,4304002,CAMPO NOVO,2,1,50,1608,0,1294,31,23,0,0,0,5
RS,85804,4305454,CIDREIRA,6,0,260,3983,4,3654,168,243,0,7,0,18
RS,85812,4304200,CANDELÁRIA,5,2,383,10631,2,4967,486,468,0,16,0,27
RS,85820,4312351,MONTAURI,0,0,29,935,0,187,15,62,0,1,0,3
RS,85839,4304309,CÂNDIDO GODÓI,1,0,108,3416,0,997,78,138,0,1,0,11
RS,85847,4323705,VISTA GAÚCHA,1,0,57,1215,0,726,29,61,0,3,0,2
RS,85855,4304408,CANELA,12,2,803,16598,5,6541,683,575,2,31,5,81
RS,85863,4323606,VISTA ALEGRE DO PRATA,0,0,77,978,0,191,25,62,0,1,0,4
RS,85871,4304507,CANGUÇU,18,1,1118,20038,7,9550,707,1025,2,12,3,55
RS,85880,4304952,CASEIROS,0,0,54,1587,1,682,42,41,0,0,0,4
RS,85898,4304606,CANOAS,89,31,7134,95134,84,70775,6870,4280,46,325,41,715
RS,85901,4310553,ITACURUBI,0,0,66,1021,0,913,18,29,0,0,0,3
RS,85910,4304705,CARAZINHO,7,4,957,21875,6,10704,691,773,3,20,7,64
RS,85928,4306957,ENTRE RIOS DO SUL,0,0,36,1108,0,817,27,23,0,0,0,3
RS,85936,4304804,CARLOS BARBOSA,6,3,697,13991,7,3754,634,634,1,25,3,73
RS,85944,4305173,CERRO GRANDE DO SUL,2,1,152,3315,0,1783,103,125,0,4,1,8
RS,85952,4304903,CASCA,0,3,143,4564,1,1135,107,153,1,7,1,16
RS,85960,4303558,CAMARGO,0,0,44,1480,1,567,25,32,0,1,0,12
RS,85979,4305009,CATUÍPE,2,0,166,3737,1,1998,78,128,2,2,0,13
RS,85987,4314027,PARAÍSO DO SUL,0,0,113,2854,0,1082,94,137,0,1,0,9
RS,85995,4305108,CAXIAS DO SUL,119,59,9857,166880,101,71514,8846,7161,61,347,42,1181
RS,86010,4305207,CERRO LARGO,4,0,288,4282,2,3152,186,162,0,7,0,17
RS,86029,4308052,FAXINALZINHO,0,0,31,1167,0,612,12,25,0,0,0,2
RS,86037,4305306,CHAPADA,0,0,171,4041,2,1682,160,201,0,2,1,11
RS,86045,4300638,AMARAL FERRADOR,1,0,91,1945,0,1283,57,55,0,2,0,5
RS,86053,4305405,CHIAPETTA,0,1,49,1812,0,932,40,34,0,1,0,7
RS,86061,4323309,VILA FLORES,2,2,61,2205,0,456,58,102,0,0,0,2
RS,86070,4305504,CIRÍACO,1,0,37,1833,0,888,43,68,0,0,0,4
RS,86088,4305132,CERRO BRANCO,0,1,71,1712,0,783,61,75,2,1,0,3
RS,86096,4305603,COLORADO,0,1,42,1774,0,485,24,43,0,1,0,4
RS,86100,4300661,ANDRÉ DA ROCHA,0,1,16,804,0,225,5,52,0,2,0,2
RS,86118,4305702,CONDOR,0,0,123,3249,0,1194,66,78,0,2,0,8
RS,86126,4314753,POÇO DAS ANTAS,1,0,83,1124,0,343,32,67,1,1,0,1
RS,86134,4305801,CONSTANTINA,1,0,137,3876,0,2065,104,137,0,3,0,10
RS,86142,4321857,TRÊS PALMEIRAS,0,1,63,1571,0,1455,52,29,0,2,0,3
RS,86150,4305900,CORONEL BICACO,0,1,75,2266,0,1871,65,42,2,0,0,4
RS,86169,4312757,NOVA ALVORADA,1,1,41,1760,0,383,42,39,0,1,0,10
RS,86177,4306007,CRISSIUMAL,3,1,278,5005,0,2462,162,203,2,4,2,14
RS,86185,4312450,MORRO REDONDO,1,3,157,2263,0,1268,77,188,0,4,0,10
RS,86193,4306106,CRUZ ALTA,7,4,807,18631,9,12759,706,829,3,18,9,44
RS,86207,4316956,SANTA MARIA DO HERVAL,2,1,207,2912,0,994,116,240,1,2,0,15
RS,86215,4306205,CRUZEIRO DO SUL,1,1,216,4725,4,2014,176,168,4,2,2,21
RS,86223,4301651,BARÃO,5,0,152,3026,3,839,91,135,0,1,1,15
RS,86231,4306304,DAVID CANABARRO,0,0,84,2196,1,877,59,84,1,0,0,10
RS,86240,4306767,ELDORADO DO SUL,7,1,633,9559,5,8259,535,490,2,17,1,51
RS,86258,4306403,DOIS IRMÃOS,9,2,672,13314,3,5131,592,437,3,22,2,122
RS,86274,4306502,DOM FELICIANO,2,1,156,4394,2,2750,202,245,0,5,2,23
RS,86282,4300570,ALTO FELIZ,2,1,76,1623,0,428,49,142,0,0,1,7
RS,86290,4306601,DOM PEDRITO,15,6,544,10399,5,8466,328,528,1,10,3,30
RS,86304,4300646,AMETISTA DO SUL,0,0,71,3234,1,1628,59,47,0,1,0,8
RS,86312,4306700,DONA FRANCISCA,3,0,42,1410,0,826,40,58,0,0,2,3
RS,86320,4300851,ARAMBARÉ,0,0,79,1479,0,983,52,68,0,2,1,5
RS,86339,4306809,ENCANTADO,3,0,390,9244,5,3213,261,331,1,6,0,38
RS,86347,4301750,BARÃO DO TRIUNFO,2,0,93,2447,0,792,88,156,1,0,0,15
RS,86355,4306908,ENCRUZILHADA DO SUL,8,2,448,6113,0,6245,236,319,1,5,1,24
RS,86363,4301859,BARRA DO GUARITA,0,0,38,978,0,903,24,17,0,1,0,1
RS,86371,4307005,ERECHIM,8,11,1898,41650,13,15782,1574,1275,7,50,1,203
RS,86380,4301925,BARRA DO RIO AZUL,1,1,53,866,0,486,26,75,0,0,0,1
RS,86398,4307104,HERVAL,0,2,125,1278,0,2175,74,88,0,3,0,9
RS,86401,4301958,BARRA FUNDA,1,0,68,1447,0,684,37,43,0,1,0,3
RS,86410,4307203,ERVAL GRANDE,0,1,76,1794,0,1471,45,60,0,0,1,3
RS,86428,4302154,BOA VISTA DAS MISSÕES,0,0,29,899,1,671,15,19,0,0,0,0
RS,86436,4307302,ERVAL SECO,2,1,67,2237,0,1889,59,72,1,2,0,6
RS,86444,4302378,BOM PROGRESSO,0,0,26,1043,0,923,29,32,0,1,1,0
RS,86452,4307401,ESMERALDA,0,0,51,1218,2,796,23,36,0,0,0,0
RS,86460,4303673,CAMPESTRE DA SERRA,0,1,41,1817,0,326,39,44,0,2,0,2
RS,86479,4307500,ESPUMOSO,3,3,254,6182,3,3099,154,147,1,0,1,17
RS,86487,4304358,CANDIOTA,1,0,142,2146,1,3461,116,115,0,6,0,3
RS,86495,4307609,ESTÂNCIA VELHA,8,4,887,19720,13,6862,901,618,6,24,5,96
RS,86509,4304697,CAPITÃO,0,1,114,1538,1,545,43,49,0,2,0,2
RS,86517,4307708,ESTEIO,21,3,1751,22979,22,20429,1694,1007,6,71,3,159
RS,86525,4304853,CARLOS GOMES,1,0,32,664,0,394,27,23,0,0,0,0
RS,86533,4307807,ESTRELA,6,5,759,13505,2,4364,503,420,1,22,2,70
RS,86541,4305116,CENTENÁRIO,0,0,75,1337,0,738,34,63,1,0,0,2
RS,86550,4307906,FARROUPILHA,19,7,1368,32140,14,9327,1224,1017,4,42,6,191
RS,86568,4305371,CHARRUA,0,0,13,1099,1,846,8,34,0,0,0,4
RS,86576,4308003,FAXINAL DO SOTURNO,3,0,118,2664,0,1350,82,109,0,1,0,12
RS,86584,4305587,COLINAS,0,0,82,1241,1,437,45,100,0,0,0,8
RS,86592,4308102,FELIZ,1,3,351,5953,2,2117,273,281,1,6,0,22
RS,86606,4305850,COQUEIROS DO SUL,0,1,64,1328,0,471,40,106,0,0,0,2
RS,86614,4308201,FLORES DA CUNHA,7,1,574,16241,3,2606,597,384,3,16,6,53
RS,86622,4305871,CORONEL BARROS,0,0,58,1519,0,542,61,53,0,0,0,3
RS,86630,4308300,FONTOURA XAVIER,3,0,188,2951,1,2686,91,131,1,0,0,10
RS,86649,4305975,COXILHA,0,1,57,1481,0,679,34,56,0,0,0,2
RS,86657,4308409,FORMIGUEIRO,0,0,116,2131,1,1777,49,143,0,1,0,4
RS,86665,4306320,DERRUBADAS,0,0,74,1231,1,670,40,55,0,0,0,1
RS,86673,4308508,FREDERICO WESTPHALEN,4,2,500,12652,3,5474,386,345,0,10,1,44
RS,86681,4306429,DOIS IRMÃOS DAS MISSÕES,0,0,23,851,0,684,14,31,0,0,0,1
RS,86690,4308607,GARIBALDI,4,1,577,16066,5,4072,526,543,4,16,4,84
RS,86703,4306924,ENGENHO VELHO,0,0,6,467,0,412,10,22,0,0,0,5
RS,86711,4308706,GAURAMA,0,1,99,3040,0,995,70,86,0,1,0,12
RS,86720,4308656,GARRUCHOS,0,0,65,698,0,980,27,31,0,0,0,1
RS,86738,4308805,GENERAL CÂMARA,0,1,171,2199,1,1947,150,118,0,1,0,10
RS,86746,4308854,GENTIL,0,0,19,994,0,304,16,41,0,0,0,4
RS,86754,4319802,SÃO VICENTE DO SUL,1,0,143,2504,0,2089,93,157,0,6,1,6
RS,86762,4309126,GRAMADO DOS LOUREIROS,0,0,32,870,0,1097,23,15,0,0,0,6
RS,86770,4308904,GETÚLIO VARGAS,4,2,275,7004,2,2171,202,258,2,10,0,18
RS,86789,4309159,GRAMADO XAVIER,1,1,56,1358,0,836,50,72,0,0,0,3
RS,86797,4309001,GIRUÁ,1,2,216,6733,0,2787,142,225,0,3,0,19
RS,86800,4309654,HULHA NEGRA,0,0,86,1504,2,1920,78,53,0,2,0,6
RS,86819,4309100,GRAMADO,2,2,737,19052,5,5170,659,521,2,30,8,77
RS,86827,4310413,INHACORÁ,0,0,42,860,0,621,11,36,0,0,0,2
RS,86835,4309209,GRAVATAÍ,73,32,5495,78624,61,47237,4627,3797,28,195,28,426
RS,86843,4310579,ITAPUCA,0,0,22,979,0,337,27,21,0,0,0,3
RS,86851,4309308,GUAÍBA,25,10,2273,26139,24,23122,1702,1402,11,77,13,140
RS,86860,4311429,LAJEADO DO BUGRE,0,0,24,757,1,737,12,11,0,0,0,2
RS,86878,4309407,GUAPORÉ,4,6,361,11578,7,2640,374,390,1,7,0,32
RS,86886,4311270,LAGOA DOS TRÊS CANTOS,0,0,43,1084,0,248,33,46,0,1,0,1
RS,86894,4309506,GUARANI DAS MISSÕES,0,0,96,2860,2,1509,73,173,1,3,0,9
RS,86908,4311627,LINDOLFO COLLOR,2,0,127,2260,0,1209,102,98,3,2,0,9
RS,86916,4309605,HORIZONTINA,0,5,306,8454,1,2610,224,266,0,5,0,30
RS,86924,4311643,LINHA NOVA,0,0,35,781,0,315,25,55,1,0,0,3
RS,86932,4305355,CHARQUEADAS,7,5,700,8220,7,8802,559,478,3,29,1,49
RS,86940,4311759,MANOEL VIANA,6,1,79,2109,0,1816,45,127,1,4,1,6
RS,86959,4309704,HUMAITÁ,0,0,74,2055,1,1078,51,59,0,0,1,5
RS,86967,4311775,MAQUINÉ,0,1,105,2369,1,1965,98,85,0,2,0,6
RS,86975,4309803,IBIAÇÁ,1,0,112,2250,0,747,63,82,0,1,0,7
RS,86983,4311791,MARATÁ,0,0,72,1431,0,381,55,90,0,2,0,6
RS,86991,4309902,IBIRAIARAS,0,0,142,3256,1,841,48,91,0,0,0,13
RS,87009,4311981,MARIANA PIMENTEL,1,0,92,1633,0,837,41,96,1,4,0,6
RS,87017,4310009,IBIRUBÁ,4,1,342,9582,4,2919,263,313,1,10,0,33
RS,87025,4312138,MATO CASTELHANO,0,0,35,1779,0,544,54,56,0,0,1,2
RS,87033,4310108,IGREJINHA,4,1,615,14678,7,5531,622,331,1,12,1,54
RS,87041,4312153,MATO LEITÃO,1,0,114,2153,0,835,97,153,0,4,0,7
RS,87050,4310207,IJUÍ,6,2,1283,29614,9,16869,1038,984,11,19,4,104
RS,87068,4312252,MINAS DO LEÃO,5,1,169,2272,0,2037,77,191,1,5,0,7
RS,87076,4310306,ILÓPOLIS,0,0,71,2242,0,474,40,53,1,0,0,6
RS,87084,4312385,MONTE BELO DO SUL,0,0,40,2061,0,280,40,61,1,0,0,15
RS,87092,4310405,INDEPENDÊNCIA,0,0,95,2886,2,1251,69,153,1,0,0,13
RS,87106,4312427,MORMAÇO,1,1,51,1417,0,664,35,35,1,1,0,2
RS,87114,4310504,IRAÍ,5,1,64,2357,1,1856,72,53,0,2,2,6
RS,87122,4312443,MORRINHOS DO SUL,0,1,89,1783,1,590,85,66,0,1,0,10
RS,87130,4310603,ITAQUI,5,2,393,9938,1,6910,346,407,0,16,0,39
RS,87149,4312476,MORRO REUTER,0,0,157,3383,1,762,124,111,0,4,1,17
RS,87157,4310702,ITATIBA DO SUL,0,0,32,1129,1,1381,39,41,0,0,0,3
RS,87165,4312625,MULITERNO,2,0,43,941,0,685,21,32,0,0,0,4
RS,87173,4310801,IVOTI,5,6,583,9655,4,3225,471,328,2,9,1,104
RS,87181,4312674,NICOLAU VERGUEIRO,0,0,27,1275,0,489,9,45,0,0,0,1
RS,87190,4310900,JACUTINGA,0,0,68,1626,2,612,48,69,0,1,0,7
RS,87203,4312955,NOVA BOA VISTA,0,0,73,1196,0,341,33,89,0,1,0,3
RS,87211,4311007,JAGUARÃO,15,2,553,6248,4,6546,406,363,2,18,0,22
RS,87220,4313086,NOVA PÁDUA,1,0,35,1756,0,149,42,22,0,3,1,9
RS,87238,4311106,JAGUARI,1,0,194,3988,2,2149,87,210,1,4,3,7
RS,87246,4313375,NOVA SANTA RITA,14,2,504,8098,3,5942,493,242,2,28,4,30
RS,87254,4311205,JÚLIO DE CASTILHOS,6,0,321,5655,0,4862,172,308,1,2,0,14
RS,87262,4313490,NOVO BARREIRO,0,0,46,1653,0,1260,47,47,2,1,0,5
RS,87270,4311304,LAGOA VERMELHA,4,5,368,9550,3,4808,280,315,0,6,2,32
RS,87289,4313425,NOVO MACHADO,0,0,46,1730,0,610,38,49,0,0,0,5
RS,87297,4311403,LAJEADO,16,5,1916,32135,21,13299,1393,1056,6,30,9,172
RS,87300,4313441,NOVO TIRADENTES,0,0,47,845,0,605,34,34,0,2,0,7
RS,87319,4311502,LAVRAS DO SUL,2,1,122,1702,1,1999,50,131,0,2,0,9
RS,87327,4314035,PARECI NOVO,4,0,90,2036,0,497,72,88,0,2,0,13
RS,87335,4311601,LIBERATO SALZANO,0,1,55,1709,1,1370,53,69,0,0,0,3
RS,87343,4314076,PASSO DO SOBRADO,0,0,92,2689,1,1361,93,92,0,2,0,9
RS,87351,4311700,MACHADINHO,0,1,96,2417,0,1237,51,67,0,0,0,10
RS,87360,4314423,PICADA CAFÉ,1,1,141,2608,1,685,106,175,1,4,0,21
RS,87378,4311809,MARAU,8,7,633,18196,5,5613,565,693,4,14,0,62
RS,87386,4314472,PINHAL GRANDE,1,0,81,1453,0,1043,29,103,0,0,0,7
RS,87394,4311908,MARCELINO RAMOS,0,1,79,1885,0,1050,44,73,2,0,1,2
RS,87408,4314498,PINHEIRINHO DO VALE,1,0,108,1685,0,1152,42,57,0,2,0,3
RS,87416,4312005,MARIANO MORO,0,1,55,986,0,610,32,39,0,0,0,6
RS,87424,4314779,PONTÃO,0,0,80,1553,0,1088,38,35,0,1,0,3
RS,87432,4312104,MATA,0,0,72,1724,0,1019,36,102,1,1,0,6
RS,87440,4314787,PONTE PRETA,0,1,45,1140,0,322,25,33,1,0,0,1
RS,87459,4312203,MAXIMILIANO DE ALMEIDA,0,0,76,2090,0,769,38,44,0,0,0,3
RS,87467,4315057,PORTO MAUÁ,0,1,21,1215,0,477,19,58,0,0,0,1
RS,87475,4312302,MIRAGUAÍ,1,0,85,1642,0,1647,72,70,0,0,0,8
RS,87483,4315073,PORTO VERA CRUZ,0,0,43,772,0,534,23,23,5,0,0,0
RS,87491,4312401,MONTENEGRO,7,8,1360,20096,16,11576,1042,977,5,45,4,160
RS,87505,4315149,PRESIDENTE LUCENA,2,0,79,1681,2,365,35,94,0,1,0,6
RS,87513,4312500,MOSTARDAS,2,3,145,3945,0,2159,103,182,2,2,0,16
RS,87521,4315321,QUEVEDOS,0,0,43,826,0,745,16,54,0,0,0,2
RS,87530,4312609,MUÇUM,0,1,94,2246,0,631,57,97,0,3,0,9
RS,87548,4315552,RIO DOS ÍNDIOS,0,1,54,1004,0,1020,22,34,1,0,0,2
RS,87556,4312658,NÃO-ME-TOQUE,0,0,205,8068,0,2279,197,216,1,0,0,22
RS,87564,4316428,SAGRADA FAMÍLIA,0,2,53,884,1,770,22,23,0,0,0,2
RS,87572,4312708,NONOAI,1,0,155,4025,2,2892,83,85,1,1,1,11
RS,87580,4316477,SALVADOR DAS MISSÕES,0,0,65,1501,0,597,37,49,1,3,1,8
RS,87599,4312807,NOVA ARAÇÁ,0,1,70,2582,0,542,72,59,0,1,0,7
RS,87602,4316758,SANTA CLARA DO SUL,1,2,175,3316,0,920,104,153,0,1,0,13
RS,87610,4312906,NOVA BASSANO,1,1,84,5000,0,691,104,110,0,2,1,16
RS,87629,4317251,SANTA TEREZA,0,0,40,1010,0,287,35,32,0,0,0,4
RS,87637,4313003,NOVA BRÉSCIA,2,0,68,1740,1,377,43,52,0,0,1,15
RS,87645,4317558,SANTO ANTÔNIO DO PALMA,0,0,60,1040,0,488,38,60,0,2,0,2
RS,87653,4313102,NOVA PALMA,0,1,112,2440,1,1258,67,160,0,3,0,7
RS,87661,4317756,SANTO ANTÔNIO DO PLANALTO,0,0,41,1398,0,341,27,50,0,0,0,2
RS,87670,4313201,NOVA PETRÓPOLIS,7,4,512,10409,6,2759,485,563,0,14,5,72
RS,87688,4317954,SANTO EXPEDITO DO SUL,0,0,43,1148,0,511,31,22,0,2,0,5
RS,87696,4313300,NOVA PRATA,3,1,436,11508,5,2606,419,360,1,14,3,46
RS,87700,4318432,SÃO JOÃO DO POLÊSINE,1,0,54,1283,0,583,44,40,0,0,0,7
RS,87718,4313409,NOVO HAMBURGO,40,17,3962,84471,51,36361,4011,2617,25,156,19,539
RS,87726,4318622,SÃO JOSÉ DOS AUSENTES,0,0,31,1726,0,676,21,54,0,1,0,4
RS,87734,4313508,OSÓRIO,7,3,1131,13961,7,11064,779,683,3,18,3,71
RS,87742,4318499,SÃO JOSÉ DO INHACORÁ,0,0,50,1264,2,421,52,83,0,0,1,7
RS,87750,4313607,PAIM FILHO,0,0,37,1656,0,1145,42,42,0,2,0,5
RS,87769,4318457,SÃO JOSÉ DAS MISSÕES,1,0,22,922,1,876,18,28,0,0,0,1
RS,87777,4313706,PALMEIRA DAS MISSÕES,1,2,380,10744,5,7100,286,292,2,4,1,26
RS,87785,4319125,SÃO MARTINHO DA SERRA,0,0,47,1460,0,699,36,95,0,1,0,4
RS,87793,4313805,PALMITINHO,2,0,132,2464,0,1896,79,158,1,0,0,6
RS,87807,4319356,SÃO PEDRO DA SERRA,2,1,96,1958,0,486,68,71,0,1,0,10
RS,87815,4313904,PANAMBI,5,3,723,18575,1,5411,536,480,0,12,1,62
RS,87823,4319372,SÃO PEDRO DO BUTIÁ,2,0,69,1356,0,604,49,50,0,1,0,1
RS,87831,4314001,PARAÍ,0,1,140,3875,1,785,85,138,0,2,0,13
RS,87840,4319711,SÃO VALENTIM DO SUL,1,1,59,1310,1,318,34,33,0,0,0,4
RS,87858,4314100,PASSO FUNDO,33,11,3372,65469,37,40293,3428,2776,22,106,5,273
RS,87866,4319737,SÃO VALÉRIO DO SUL,0,2,19,829,0,1007,6,11,0,0,0,0
RS,87874,4314209,PEDRO OSÓRIO,6,2,148,1841,0,2661,111,96,2,5,2,4
RS,87882,4320354,SENTINELA DO SUL,2,0,145,1701,3,1155,62,82,0,5,0,14
RS,87890,4314308,PEJUÇARA,0,1,51,1627,0,703,34,46,0,1,1,3
RS,87904,4320453,SÉRIO,0,0,67,974,0,471,26,90,1,1,0,2
RS,87912,4314407,PELOTAS,85,42,7244,77399,88,86617,6035,5418,53,345,28,552
RS,87920,4320552,SERTÃO SANTANA,0,0,142,2838,0,936,103,136,2,3,0,7
RS,87939,4314506,PINHEIRO MACHADO,2,0,286,2278,1,3527,117,205,3,4,0,12
RS,87947,4320677,SINIMBU,0,0,163,3212,1,1685,165,279,0,1,0,13
RS,87955,4314605,PIRATINI,4,0,402,4271,2,5226,178,230,1,7,0,8
RS,87963,4321477,TIRADENTES DO SUL,0,0,62,1849,2,1501,56,60,0,0,2,5
RS,87971,4314704,PLANALTO,1,1,83,3603,0,1998,90,107,0,2,0,7
RS,87980,4321626,TRAVESSEIRO,0,0,83,964,1,529,34,61,0,0,2,2
RS,87998,4314803,PORTÃO,15,7,719,11690,3,6252,585,426,1,26,3,50
RS,88005,4321832,TRÊS FORQUILHAS,1,0,68,1512,0,881,54,43,0,1,0,2
RS,88013,4314902,PORTO ALEGRE,293,153,23061,325139,524,377252,24187,20069,275,1611,199,4014
RS,88021,4322186,TUPANCI DO SUL,2,0,29,749,0,281,18,17,0,0,0,1
RS,88030,4315008,PORTO LUCENA,1,0,74,1698,0,1053,36,79,0,2,1,3
RS,88048,4322350,UNIÃO DA SERRA,0,0,19,915,0,228,28,47,0,1,0,3
RS,88056,4315107,PORTO XAVIER,2,1,113,3502,1,2501,83,79,0,2,0,12
RS,88064,4322533,VALE DO SOL,2,0,146,3830,3,1847,164,274,0,3,1,10
RS,88072,4315206,PUTINGA,0,0,52,2240,0,401,45,82,0,1,1,6
RS,88080,4322541,VALE REAL,2,2,148,2574,0,1005,91,170,1,0,1,12
RS,88099,4315305,QUARAÍ,6,3,375,6412,2,5421,223,283,4,10,2,13
RS,88102,4323457,VILA NOVA DO SUL,2,0,81,1246,0,1314,44,52,0,1,0,4
RS,88110,4315404,REDENTORA,1,1,62,1976,1,2952,33,64,0,0,2,3
RS,88129,4323754,VITÓRIA DAS MISSÕES,0,0,56,1406,0,1121,43,28,0,1,0,3
RS,88137,4315503,RESTINGA SÊCA,3,1,157,5487,0,3300,132,262,0,4,1,16
RS,88145,4323804,XANGRI-LÁ,5,2,355,7703,2,2886,263,204,2,6,1,25
RS,88153,4315602,RIO GRANDE,35,23,3552,35752,53,58014,3190,2204,26,173,27,235
RS,88161,4302253,BOA VISTA DO SUL,0,0,56,1549,1,353,26,66,2,1,0,5
RS,88170,4315701,RIO PARDO,2,5,582,8970,8,10011,447,560,3,11,3,32
RS,88188,4306379,DILERMANDO DE AGUIAR,0,1,69,1352,2,874,28,88,1,1,0,7
RS,88196,4315800,ROCA SALES,5,0,149,4049,1,1534,115,211,0,2,1,12
RS,88200,4304671,CAPIVARI DO SUL,0,0,74,1867,2,835,43,73,1,1,0,6
RS,88218,4315909,RODEIO BONITO,0,0,108,2504,0,1567,78,54,0,0,0,12
RS,88226,4313011,NOVA CANDELÁRIA,0,1,46,1595,2,469,47,64,0,5,0,4
RS,88234,4316006,ROLANTE,2,2,413,8678,5,3536,277,388,0,2,0,30
RS,88242,4308250,FLORIANO PEIXOTO,0,0,34,861,0,459,21,38,1,0,0,3
RS,88250,4316105,RONDA ALTA,0,1,143,3099,0,2594,105,73,0,1,0,11
RS,88269,4305447,CHUVISCA,1,0,86,2562,0,678,136,114,0,0,1,9
RS,88277,4316204,RONDINHA,0,0,65,2236,0,1254,44,70,0,0,0,12
RS,88285,4307450,ESPERANÇA DO SUL,3,0,41,1309,0,1174,47,59,0,0,0,1
RS,88293,4316303,ROQUE GONZALES,1,1,105,2355,1,1677,40,106,0,1,0,8
RS,88307,4306759,DOUTOR RICARDO,0,1,43,1179,0,317,16,51,0,2,0,3
RS,88315,4316402,ROSÁRIO DO SUL,7,1,494,10531,7,9877,391,474,5,10,4,34
RS,88323,4309571,HERVEIRAS,0,1,40,1088,0,776,50,56,0,0,0,4
RS,88331,4316501,SALVADOR DO SUL,3,1,158,3247,0,841,130,205,2,4,0,16
RS,88340,4304713,CARAÁ,2,1,151,2612,0,1746,80,222,0,2,2,9
RS,88358,4316600,SANANDUVA,1,0,173,7537,0,2539,193,129,0,2,0,23
RS,88366,4308078,FAZENDA VILANOVA,1,1,103,1731,0,997,59,71,1,0,0,7
RS,88374,4316709,SANTA BÁRBARA DO SUL,1,0,110,3540,2,1527,67,87,0,4,2,14
RS,88382,4310538,ITAARA,1,0,89,1952,0,1337,51,100,0,2,2,6
RS,88390,4316808,SANTA CRUZ DO SUL,26,10,2534,48362,36,24913,2704,2488,13,57,7,308
RS,88404,4307815,ESTRELA VELHA,0,0,67,1422,0,683,28,103,0,0,0,6
RS,88412,4316907,SANTA MARIA,57,38,4369,75209,73,63618,4031,3898,28,174,26,482
RS,88420,4302055,BENJAMIN CONSTANT DO SUL,0,0,11,685,0,873,17,23,0,0,0,3
RS,88439,4317004,SANTANA DA BOA VISTA,1,0,148,2251,1,1937,68,128,0,8,0,11
RS,88447,4311718,MAÇAMBARÁ,2,1,60,1479,0,1079,37,134,0,0,0,3
RS,88455,4317103,SANT'ANA DO LIVRAMENTO,16,19,1439,20197,9,23842,1103,1933,5,45,4,76
RS,88463,4306551,DOM PEDRO DE ALCÂNTARA,0,0,77,1375,0,610,59,59,0,0,1,3
RS,88471,4317202,SANTA ROSA,13,11,1306,30928,8,11635,1043,1102,3,34,0,97
RS,88480,4322376,UNISTALDA,1,0,36,1134,0,750,11,43,0,0,0,6
RS,88498,4317301,SANTA VITÓRIA DO PALMAR,4,3,529,6326,1,7875,327,504,3,20,2,22
RS,88501,4322327,TURUÇU,1,0,52,1865,0,669,44,67,0,0,1,7
RS,88510,4317400,SANTIAGO,3,3,798,16327,3,9291,548,789,3,18,2,47
RS,88528,4306072,CRISTAL DO SUL,0,0,44,1104,0,929,22,36,0,3,0,2
RS,88536,4317509,SANTO ÂNGELO,9,5,1301,24005,7,16042,957,901,6,27,4,111
RS,88544,4312617,MUITOS CAPÕES,0,0,27,1569,0,468,14,57,0,1,0,3
RS,88552,4317608,SANTO ANTÔNIO DA PATRULHA,6,5,745,14504,4,8329,613,746,2,9,2,71
RS,88560,4313334,NOVA RAMADA,0,0,47,1096,1,448,27,58,0,0,0,1
RS,88579,4317707,SANTO ANTÔNIO DAS MISSÕES,0,1,172,2674,1,3074,71,116,0,1,0,14
RS,88587,4311130,JARI,0,0,100,1122,0,822,21,65,0,0,0,1
RS,88595,4317806,SANTO AUGUSTO,0,3,195,4965,5,3371,120,215,0,4,1,9
RS,88609,4322343,UBIRETAMA,0,0,40,1095,0,369,26,58,0,2,0,4
RS,88617,4317905,SANTO CRISTO,3,0,312,6238,1,3424,219,328,0,8,0,38
RS,88625,4301875,BARRA DO QUARAÍ,1,2,82,1113,0,1095,58,24,0,2,0,0
RS,88633,4318002,SÃO BORJA,6,3,759,15939,6,15418,592,572,3,18,2,45
RS,88641,4305124,CERRITO,3,2,139,1678,1,1781,70,112,0,4,0,9
RS,88650,4318101,SÃO FRANCISCO DE ASSIS,2,2,223,5392,3,4351,193,224,0,6,2,5
RS,88668,4322525,VALE VERDE,0,0,73,1408,1,805,45,74,1,1,0,7
RS,88676,4318200,SÃO FRANCISCO DE PAULA,1,1,334,6635,0,4562,204,279,2,13,0,31
RS,88684,4313391,NOVO CABRAIS,0,0,80,1828,0,928,66,59,0,2,0,4
RS,88692,4318309,SÃO GABRIEL,9,2,867,15396,1,13067,560,793,3,12,2,48
RS,88706,4320578,SETE DE SETEMBRO,0,2,42,813,0,497,22,50,0,0,0,1
RS,88714,4318408,SÃO JERÔNIMO,5,0,387,5447,2,5154,331,386,0,5,1,30
RS,88722,4320859,TABAÍ,1,0,80,1720,0,1283,46,55,0,5,0,4
RS,88730,4318507,SÃO JOSÉ DO NORTE,11,0,569,7011,5,6408,373,670,2,17,1,43
RS,88749,4323358,VILA LÂNGARO,0,0,39,1354,1,347,27,28,0,0,0,6
RS,88757,4318606,SÃO JOSÉ DO OURO,3,1,94,3317,1,1066,63,111,0,1,2,7
RS,88765,4320321,SENADOR SALGADO FILHO,0,0,33,1630,0,525,23,43,0,1,0,2
RS,88773,4318705,SÃO LEOPOLDO,41,19,3842,63155,66,45762,3790,2258,25,158,19,388
RS,88781,4322855,VESPASIANO CORRÊA,0,1,35,1659,2,203,31,67,1,0,0,4
RS,88790,4318804,SÃO LOURENÇO DO SUL,11,2,712,15492,4,8855,553,664,1,18,6,76
RS,88803,4312377,MONTE ALEGRE DOS CAMPOS,0,0,40,1639,0,699,33,69,0,0,0,3
RS,88811,4318903,SÃO LUIZ GONZAGA,3,1,494,10241,1,7578,324,401,0,5,2,21
RS,88820,4312054,MARQUES DE SOUZA,0,1,78,1895,0,682,52,70,0,0,0,6
RS,88838,4319000,SÃO MARCOS,3,1,419,10092,2,2265,301,361,1,6,4,46
RS,88846,4305439,CHUÍ,2,2,110,1180,1,1681,74,99,0,3,0,12
RS,88854,4319109,SÃO MARTINHO,2,0,102,2702,0,988,58,82,0,3,1,8
RS,88862,4300877,ARARICÁ,1,2,133,3382,0,1410,111,75,1,1,1,4
RS,88870,4319208,SÃO NICOLAU,0,0,50,1347,0,1705,34,60,0,3,0,4
RS,88889,4314068,PASSA SETE,1,0,59,1882,0,812,67,97,0,0,1,2
RS,88897,4319307,SÃO PAULO DAS MISSÕES,1,1,130,2432,1,1446,61,99,0,4,0,11
RS,88900,4321493,TOROPI,0,0,46,1347,1,623,25,86,0,0,0,2
RS,88919,4319406,SÃO PEDRO DO SUL,2,0,308,5223,0,3355,199,304,2,1,0,19
RS,88927,4301636,BALNEÁRIO PINHAL,7,1,176,3723,3,3021,147,215,0,4,1,16
RS,88935,4319505,SÃO SEBASTIÃO DO CAÍ,1,0,413,8474,7,3933,298,453,0,10,3,31
RS,88943,4311734,MAMPITUBA,1,0,77,1406,0,932,39,117,0,2,0,1
RS,88951,4319604,SÃO SEPÉ,3,1,340,5883,4,5763,188,381,2,9,0,77
RS,88978,4319703,SÃO VALENTIM,0,0,38,1668,1,676,31,40,0,0,0,5
RS,88986,4300034,ACEGUÁ,0,0,64,1787,0,929,49,94,0,0,0,5
RS,88994,4319901,SAPIRANGA,9,0,1261,30509,6,14701,1272,664,9,39,7,123
RS,89001,4300471,ALMIRANTE TAMANDARÉ DO SUL,0,0,42,1084,0,409,40,57,0,2,0,2
RS,89010,4320008,SAPUCAIA DO SUL,23,13,2634,34384,35,31819,2488,1578,6,102,14,212
RS,89028,4301073,ARROIO DO PADRE,0,0,52,1976,2,257,31,74,0,0,0,2
RS,89036,4320107,SARANDI,2,1,315,9283,1,3943,265,223,1,5,0,22
RS,89044,4302220,BOA VISTA DO CADEADO,0,0,23,1179,0,351,20,35,0,0,0,2
RS,89052,4320206,SEBERI,2,0,149,4597,2,2481,134,155,0,3,0,7
RS,89060,4302238,BOA VISTA DO INCRA,0,0,46,1200,0,506,32,25,0,0,0,3
RS,89079,4320305,SELBACH,0,0,77,2616,0,732,69,66,1,0,0,5
RS,89087,4302584,BOZANO,0,2,41,1564,0,496,19,51,0,0,1,2
RS,89095,4320404,SERAFINA CORRÊA,0,1,246,7636,3,2022,226,196,0,7,1,21
RS,89109,4304614,CANUDOS DO VALE,0,0,38,864,0,566,53,103,0,1,0,0
RS,89117,4320503,SERTÃO,1,0,108,2791,1,1105,64,73,0,2,0,9
RS,89125,4304622,CAPÃO BONITO DO SUL,0,0,30,937,0,633,20,44,0,1,0,1
RS,89133,4320602,SEVERIANO DE ALMEIDA,3,0,79,1775,0,769,64,92,1,1,0,7
RS,89141,4304655,CAPÃO DO CIPÓ,0,0,65,1107,0,1005,28,42,0,1,0,5
RS,89150,4304630,CAPÃO DA CANOA,11,9,1128,21157,16,9502,1023,512,5,28,1,81
RS,89168,4305835,COQUEIRO BAIXO,1,0,53,803,0,165,11,28,0,2,0,2
RS,89176,4320701,SOBRADINHO,3,1,266,5113,1,2391,212,221,0,4,0,17
RS,89184,4305934,CORONEL PILAR,0,0,30,993,0,219,21,39,0,1,0,1
RS,89192,4320800,SOLEDADE,2,3,370,9715,2,6171,316,315,3,3,2,29
RS,89206,4306130,CRUZALTENSE,2,1,36,1161,0,323,28,42,0,0,0,2
RS,89214,4320909,TAPEJARA,2,1,412,10789,1,2582,270,266,1,2,0,37
RS,89222,4308433,FORQUETINHA,1,0,35,1543,0,484,37,50,0,0,0,3
RS,89230,4321006,TAPERA,0,1,136,3995,0,1984,154,81,0,2,0,9
RS,89247,4316733,SANTA CECÍLIA DO SUL,0,0,36,1182,0,290,29,40,0,0,0,3
RS,89249,4310652,ITATI,0,0,54,1676,0,914,64,57,0,2,0,4
RS,89257,4321105,TAPES,7,0,204,4484,3,3630,164,158,0,4,0,18
RS,89265,4310876,JACUIZINHO,0,0,53,862,0,684,22,39,0,1,0,2
RS,89273,4321204,TAQUARA,7,7,695,20632,11,8613,806,556,4,29,2,106
RS,89281,4311239,LAGOA BONITA DO SUL,0,0,54,1028,0,610,45,47,0,2,0,1
RS,89290,4321303,TAQUARI,7,2,495,8542,1,5281,296,283,0,7,1,23
RS,89303,4312179,MATO QUEIMADO,3,0,41,761,0,446,9,50,2,1,1,0
RS,89311,4321402,TENENTE PORTELA,0,0,209,4251,1,3571,107,246,0,1,1,14
RS,89320,4313466,NOVO XINGU,1,1,41,684,0,497,31,24,0,1,0,1
RS,89338,4321501,TORRES,14,7,910,14294,8,7838,736,510,6,41,2,80
RS,89346,4314134,PAULO BENTO,0,0,39,1310,1,433,15,101,0,0,0,5
RS,89354,4321600,TRAMANDAÍ,7,3,878,14578,11,9978,692,735,4,27,4,74
RS,89362,4314464,PINHAL DA SERRA,1,0,34,1132,0,717,9,31,0,0,0,1
RS,89370,4321709,TRÊS COROAS,6,2,399,9276,3,3575,419,315,0,10,2,46
RS,89389,4315313,QUATRO IRMÃOS,1,0,33,907,0,374,7,49,0,1,1,3
RS,89397,4321808,TRÊS DE MAIO,3,1,384,10293,4,3746,280,372,2,7,2,54
RS,89400,4315958,ROLADOR,0,0,35,972,2,786,25,41,0,1,0,5
RS,89419,4321907,TRÊS PASSOS,4,2,401,8260,1,5231,374,318,4,4,2,23
RS,89435,4322004,TRIUNFO,4,6,537,9513,7,5411,406,355,3,8,3,41
RS,89443,4316972,SANTA MARGARIDA DO SUL,0,0,53,1149,0,824,28,86,0,0,1,4
RS,89451,4322103,TUCUNDUVA,1,0,88,2754,0,942,61,76,1,0,0,3
RS,89460,4318614,SÃO JOSÉ DO SUL,2,0,58,1148,0,305,47,141,0,3,0,7
RS,89478,4322202,TUPANCIRETÃ,3,0,243,6549,3,4616,204,229,0,4,1,13
RS,89486,4319364,SÃO PEDRO DAS MISSÕES,0,1,23,622,1,579,15,7,0,0,0,4
RS,89494,4322301,TUPARENDI,3,0,130,4244,0,1140,101,178,0,3,0,12
RS,89508,4321469,TIO HUGO,1,0,79,1381,0,679,29,46,0,0,0,4
RS,89516,4322400,URUGUAIANA,21,4,1396,35208,18,18875,1354,1679,7,47,11,91
RS,89524,4323770,WESTFALIA,1,1,111,1594,0,402,66,90,0,1,0,4
RS,89532,4322509,VACARIA,6,8,830,24190,5,8729,669,891,6,14,3,48
RS,89540,4314548,PINTO BANDEIRA,0,0,42,1664,0,212,45,42,2,1,0,2
RS,89559,4322608,VENÂNCIO AIRES,12,8,1148,26076,5,11182,1098,1405,6,28,3,100
RS,89567,4314175,PEDRAS ALTAS,0,0,46,567,1,778,11,32,0,0,0,2
RS,89575,4322707,VERA CRUZ,1,3,437,9537,4,5035,385,563,1,8,1,40
RS,89591,4322806,VERANÓPOLIS,3,0,424,11559,4,2264,343,389,0,6,1,52
RS,89613,4322905,VIADUTOS,0,0,73,2347,0,748,36,74,0,1,0,6
RS,89630,4323002,VIAMÃO,47,26,3470,51080,53,53863,3797,3408,25,189,35,306
RS,89656,4323101,VICENTE DUTRA,0,0,31,1831,0,971,35,49,0,2,0,4
RS,89672,4313656,PALMARES DO SUL,4,0,181,4306,2,2816,123,204,1,4,1,23
RS,89699,4323200,VICTOR GRAEFF,0,0,43,1490,0,443,41,58,0,0,0,0
RS,89710,4321352,TAVARES,0,0,106,1768,1,1295,37,85,0,2,0,3
RS,89737,4304663,CAPÃO DO LEÃO,11,3,548,5977,8,6346,425,382,3,17,5,24
RS,89753,4316451,SALTO DO JACUÍ,0,0,188,3107,0,2544,106,110,0,2,0,7
RS,89770,4305959,COTIPORÃ,0,1,66,2104,0,444,88,104,0,1,0,5
RS,98213,4321451,TEUTÔNIA,2,4,951,12830,2,5397,546,631,2,19,2,69
RS,98230,4302352,BOM PRINCÍPIO,2,1,259,6818,2,1396,214,261,0,3,0,21
RS,98256,4314050,PAROBÉ,4,5,856,19437,12,9300,910,447,2,28,6,69
RS,98272,4308458,FORTALEZA DOS VALOS,2,3,82,1943,0,939,46,51,0,0,0,8
RS,98299,4311155,JÓIA,0,0,88,2410,0,2313,39,66,0,1,0,6
SC,80004,4211058,MONTE CARLO,1,4,144,2860,0,2053,101,63,1,1,0,5
SC,80012,4200101,ABELARDO LUZ,1,1,193,5619,1,3207,160,136,1,9,2,16
SC,80020,4207650,IPORÃ DO OESTE,2,0,230,4358,4,1331,170,212,0,2,0,17
SC,80039,4200200,AGROLÂNDIA,4,2,124,5357,0,1091,98,86,0,4,0,11
SC,80047,4209854,LINDÓIA DO SUL,1,0,108,1949,0,773,51,88,0,4,0,5
SC,80055,4200309,AGRONÔMICA,0,0,70,3193,0,522,74,58,0,5,0,3
SC,80063,4201257,APIÚNA,4,0,140,4944,0,1329,177,123,1,7,0,38
SC,80071,4200408,ÁGUA DOCE,0,2,69,3112,0,940,82,100,0,1,0,2
SC,80080,4205159,DOUTOR PEDRINHO,0,1,84,1905,1,366,65,57,1,2,0,1
SC,80098,4200507,ÁGUAS DE CHAPECÓ,1,0,65,1986,0,1542,60,93,0,2,0,1
SC,80101,4209151,JOSÉ BOITEUX,4,0,77,2222,1,1183,77,49,1,1,0,8
SC,80110,4200606,ÁGUAS MORNAS,5,0,192,3818,2,1108,134,118,1,4,1,16
SC,80128,4219358,VITOR MEIRELES,0,0,96,2504,0,819,95,73,0,1,0,1
SC,80136,4200705,ALFREDO WAGNER,2,0,159,5242,2,1202,107,117,0,0,0,4
SC,80144,4218855,UNIÃO DO OESTE,1,0,50,1276,0,621,33,42,0,0,0,3
SC,80152,4200804,ANCHIETA,1,0,112,2330,2,1403,88,98,0,2,0,5
SC,80160,4218954,URUPEMA,2,0,76,1241,0,554,30,67,0,0,0,1
SC,80179,4200903,ANGELINA,0,0,169,2605,0,1227,90,116,1,3,0,16
SC,80187,4207759,IRACEMINHA,0,0,87,2230,0,706,50,75,0,2,0,10
SC,80195,4201000,ANITA GARIBALDI,2,0,181,2878,1,2098,117,68,0,3,0,8
SC,80209,4218251,TIMBÓ GRANDE,0,1,134,2395,0,1621,68,53,0,0,0,7
SC,80217,4201109,ANITÁPOLIS,1,1,82,1806,0,715,52,70,0,4,0,8
SC,80225,4200051,ABDON BATISTA,2,0,55,1421,0,650,20,39,0,4,0,1
SC,80233,4201208,ANTÔNIO CARLOS,2,0,207,6045,0,1194,197,224,0,4,1,33
SC,80241,4215653,SANTA ROSA DO SUL,0,1,185,4328,1,1404,140,79,0,6,0,16
SC,80250,4201307,ARAQUARI,13,3,519,14615,7,5469,571,314,2,20,5,43
SC,80268,4204152,CELSO RAMOS,2,1,48,1274,0,760,87,31,0,1,4,0
SC,80276,4201406,ARARANGUÁ,9,8,1268,28755,15,10473,1263,739,3,46,4,118
SC,80284,4217550,SERRA ALTA,1,0,47,1628,0,631,40,57,0,1,0,6
SC,80292,4201505,ARMAZÉM,2,0,151,4379,2,1236,105,110,1,2,3,8
SC,80306,4204251,COCAL DO SUL,4,0,355,8114,3,2205,405,247,1,5,0,33
SC,80314,4201604,ARROIO TRINTA,1,0,71,1903,0,432,60,81,0,5,0,6
SC,80322,4211454,NOVA ITABERABA,0,0,84,1831,0,1286,48,92,0,3,1,6
SC,80330,4201703,ASCURRA,0,2,102,4130,2,740,148,64,1,5,1,23
SC,80349,4215679,SANTA TEREZINHA,0,1,144,3923,0,1037,87,71,2,1,0,4
SC,80357,4201802,ATALANTA,2,0,55,2014,0,340,47,33,1,3,0,3
SC,80365,4210852,MIRIM DOCE,0,0,37,1407,0,405,33,18,0,0,0,3
SC,80373,4201901,AURORA,1,0,108,3878,0,619,104,68,0,1,0,13
SC,80381,4204178,CERRO NEGRO,0,0,48,1211,0,1240,42,38,0,2,0,1
SC,80390,4202008,BALNEÁRIO CAMBORIÚ,24,15,2397,59601,38,17694,2547,1154,8,82,6,423
SC,80403,4212254,PASSO DE TORRES,2,1,218,4487,2,1980,174,120,1,10,0,15
SC,80411,4202107,BARRA VELHA,12,8,566,16003,4,4892,452,273,3,16,0,66
SC,80420,4202859,BRAÇO DO TROMBUDO,3,1,50,2206,1,415,63,41,0,1,0,6
SC,80438,4202206,BENEDITO NOVO,0,1,151,5394,2,886,179,127,1,4,0,18
SC,80446,4217758,SUL BRASIL,1,0,53,1137,0,786,41,50,0,0,0,3
SC,80454,4202305,BIGUAÇU,14,9,1580,27718,20,12501,1409,786,5,68,4,123
SC,80462,4219150,VARGEM,2,1,49,1194,0,777,16,43,1,0,0,4
SC,80470,4202404,BLUMENAU,96,60,6936,145080,95,43960,8687,4087,47,309,33,1403
SC,80489,4201273,ARABUTÃ,0,0,115,2228,0,798,59,70,0,3,0,11
SC,80497,4202602,BOM RETIRO,1,2,135,3493,0,1324,104,105,0,1,0,7
SC,80500,4200556,ÁGUAS FRIAS,0,0,52,1302,1,699,57,85,0,1,0,8
SC,80519,4202701,BOTUVERÁ,0,3,68,3117,3,691,85,64,1,5,1,8
SC,80527,4206652,GUATAMBÚ,3,0,106,2561,0,2228,86,133,0,3,0,13
SC,80535,4202800,BRAÇO DO NORTE,4,6,562,15991,4,3229,589,380,0,23,6,41
SC,80543,4213153,PLANALTO ALEGRE,0,1,51,1208,1,1017,40,66,0,0,0,8
SC,80551,4202909,BRUSQUE,33,12,2298,61228,33,14981,2239,998,14,73,12,277
SC,80560,4215075,RIQUEZA,1,0,78,2000,1,1075,66,80,0,1,0,4
SC,80578,4203006,CAÇADOR,22,2,1341,23758,11,12361,1055,720,2,22,3,98
SC,80586,4209458,LAJEADO GRANDE,0,0,33,893,0,362,15,32,0,0,0,3
SC,80594,4203105,CAIBI,0,0,77,3145,2,940,68,63,0,1,0,8
SC,80608,4215059,RIO RUFINO,1,0,79,1262,0,586,27,43,0,0,0,0
SC,80616,4203204,CAMBORIÚ,13,9,1353,32572,13,10583,1367,652,2,32,9,91
SC,80624,4212270,PASSOS MAIA,0,0,55,1376,0,1159,25,64,0,1,1,0
SC,80632,4203303,CAMPO ALEGRE,2,1,166,6398,0,1180,138,162,1,5,1,21
SC,80640,4216255,SÃO JOÃO DO OESTE,2,0,111,3192,7,713,129,195,0,3,0,27
SC,80659,4203402,CAMPO BELO DO SUL,0,0,88,2657,0,1722,38,99,0,0,0,2
SC,80667,4203154,CALMON,0,0,51,906,1,1318,43,30,0,3,0,3
SC,80675,4203501,CAMPO ERÊ,1,1,150,2932,0,2575,92,58,0,1,0,8
SC,80683,4202057,BALNEÁRIO BARRA DO SUL,1,3,191,5884,5,2151,185,126,1,6,1,17
SC,80691,4203600,CAMPOS NOVOS,3,3,431,13738,2,5321,380,322,4,7,1,52
SC,80705,4212239,PARAÍSO,0,0,70,1570,1,1057,60,90,0,2,0,3
SC,80713,4203709,CANELINHA,0,2,163,5930,0,1597,154,110,0,4,0,5
SC,80721,4215554,SANTA HELENA,0,0,80,1129,0,559,34,38,0,3,0,4
SC,80730,4203808,CANOINHAS,10,8,1119,22012,7,7871,712,737,2,22,4,48
SC,80748,4202156,BELMONTE,0,0,47,1285,0,568,29,43,0,2,0,4
SC,80756,4203907,CAPINZAL,2,0,352,8630,0,3900,357,225,0,2,4,45
SC,80764,4211652,NOVO HORIZONTE,0,0,34,1334,0,663,32,42,1,1,0,9
SC,80772,4204004,CATANDUVAS,0,1,186,4408,0,1862,122,130,2,4,1,10
SC,80780,4217154,SÃO MIGUEL DA BOA VISTA,1,0,60,729,0,525,43,56,0,0,1,1
SC,80799,4204103,CAXAMBU DO SUL,0,0,45,1931,0,1501,66,68,0,3,0,5
SC,80802,4201653,ARVOREDO,0,0,67,1271,0,699,55,105,0,0,0,6
SC,80810,4204202,CHAPECÓ,34,15,3586,80783,41,39204,3803,2673,15,138,11,393
SC,80829,4207684,IPUAÇU,0,1,89,1777,0,2442,40,61,1,1,0,4
SC,80837,4204301,CONCÓRDIA,6,4,1412,32573,9,11047,1336,989,4,27,7,106
SC,80845,4211850,OURO VERDE,0,0,35,1124,0,461,20,27,0,0,0,1
SC,80853,4204400,CORONEL FREITAS,1,1,116,4177,0,2070,93,96,0,1,0,21
SC,80861,4207858,IRATI,0,0,33,910,0,635,16,31,0,1,0,1
SC,80870,4204509,CORUPÁ,3,3,298,7582,1,1709,205,164,0,9,0,36
SC,80888,4205431,FORMOSA DO SUL,0,0,77,1147,0,795,24,33,0,0,3,1
SC,80896,4204608,CRICIÚMA,35,30,3529,79745,61,27729,4333,2612,17,117,11,362
SC,80900,4210050,MACIEIRA,0,0,44,1107,1,646,24,45,0,2,0,0
SC,80918,4204707,CUNHA PORÃ,0,1,115,6072,4,945,161,125,1,3,0,18
SC,80926,4213351,PONTE ALTA DO NORTE,0,0,47,1144,1,682,18,22,0,1,1,0
SC,80934,4204806,CURITIBANOS,4,5,627,14572,6,6653,504,428,1,19,6,42
SC,80942,4216057,SÃO CRISTÓVÃO DO SUL,0,0,66,1609,1,870,47,39,0,1,0,0
SC,80950,4204905,DESCANSO,1,0,196,3808,2,1625,162,156,1,1,0,20
SC,80969,4219176,VARGEM BONITA,0,0,122,1944,0,1049,64,27,0,1,0,4
SC,80977,4205001,DIONÍSIO CERQUEIRA,3,2,152,5130,5,3222,197,105,1,5,0,7
SC,80985,4202453,BOMBINHAS,1,4,416,9935,3,3478,444,123,3,19,0,106
SC,80993,4205100,DONA EMMA,1,1,89,1949,1,526,105,80,0,0,0,11
SC,81000,4215455,SANGÃO,0,1,145,5629,0,1237,110,66,0,2,0,7
SC,81019,4205209,ERVAL VELHO,5,0,58,2223,1,705,36,88,0,2,0,0
SC,81027,4203956,CAPIVARI DE BAIXO,7,0,471,9234,5,4091,407,204,1,7,2,26
SC,81035,4205308,FAXINAL DOS GUEDES,0,1,166,3690,1,2898,144,143,0,4,1,10
SC,81043,4204350,CORDILHEIRA ALTA,0,2,87,2330,0,950,54,73,0,0,0,3
SC,81051,4205407,FLORIANÓPOLIS,185,86,12129,158954,265,133443,12075,6341,132,912,70,2240
SC,81060,4205456,FORQUILHINHA,5,3,424,12705,3,4187,475,283,1,15,2,29
SC,81078,4205506,FRAIBURGO,4,2,557,13478,3,5350,440,370,2,12,3,34
SC,81086,4211256,MORRO GRANDE,0,0,59,1774,0,388,44,38,0,1,0,4
SC,81094,4205605,GALVÃO,0,0,40,1408,1,718,29,33,0,1,0,2
SC,81108,4204459,CORONEL MARTINS,1,0,34,940,1,576,20,53,0,1,0,5
SC,81116,4206009,GOVERNADOR CELSO RAMOS,1,2,395,10068,3,2564,310,180,0,16,1,26
SC,81124,4216354,SÃO JOÃO DO ITAPERIÚ,3,1,62,2792,0,574,45,43,0,0,0,5
SC,81132,4205704,GAROPABA,1,5,691,11018,9,6126,482,200,3,17,1,92
SC,81140,4208955,JARDINÓPOLIS,0,0,59,882,0,443,36,26,0,0,0,4
SC,81159,4205803,GARUVA,5,0,199,6926,0,2085,237,140,2,7,2,13
SC,81167,4205191,ERMO,0,0,55,1748,0,433,46,36,0,0,0,4
SC,81175,4205902,GASPAR,8,9,1137,28827,8,8375,1298,630,5,54,4,154
SC,81183,4217253,SÃO PEDRO DE ALCÂNTARA,0,0,113,2785,0,903,99,97,0,4,0,11
SC,81191,4206108,GRÃO-PARÁ,2,0,145,3689,0,747,86,88,1,3,0,10
SC,81205,4215695,SANTIAGO DO SUL,2,1,23,659,0,482,11,44,1,1,2,3
SC,81213,4206207,GRAVATAL,0,0,236,5778,3,1483,162,154,0,2,0,28
SC,81221,4202131,BELA VISTA DO TOLDO,1,0,90,2949,1,1012,60,117,3,0,0,8
SC,81230,4206306,GUABIRUBA,3,2,397,10921,5,2416,370,202,1,18,1,38
SC,81248,4203253,CAPÃO ALTO,3,0,86,1598,1,673,45,93,0,0,0,2
SC,81256,4206405,GUARACIABA,1,3,189,4697,1,2180,199,223,2,3,2,9
SC,81264,4211892,PAINEL,1,0,75,1231,0,678,26,59,0,0,0,2
SC,81272,4206504,GUARAMIRIM,9,4,706,19367,5,5229,729,418,1,28,3,73
SC,81280,4202438,BOCAINA DO SUL,0,0,48,1706,0,778,19,76,0,1,0,0
SC,81299,4206603,GUARUJÁ DO SUL,0,0,91,1938,0,937,87,63,0,4,0,7
SC,81302,4200754,ALTO BELA VISTA,3,0,47,897,0,372,46,73,0,2,0,3
SC,81310,4206702,HERVAL D'OESTE,4,2,341,8620,5,3533,283,276,0,8,0,26
SC,81329,4205555,FREI ROGÉRIO,1,0,54,1282,0,456,29,32,0,1,0,5
SC,81337,4206801,IBICARÉ,0,0,48,1831,0,492,44,38,1,3,0,3
SC,81345,4218350,TREVISO,1,0,125,2015,2,824,87,110,0,1,0,5
SC,81353,4206900,IBIRAMA,3,4,363,8560,4,2108,397,211,2,11,1,51
SC,81361,4207577,IOMERÊ,1,0,86,1795,0,442,42,54,1,4,0,8
SC,81370,4207007,IÇARA,10,6,866,24515,8,7254,1050,586,1,19,4,70
SC,81388,4202537,BOM JESUS,0,0,54,1171,0,838,36,28,0,2,0,2
SC,81396,4207106,ILHOTA,4,2,209,7287,2,1773,230,157,2,7,0,25
SC,81400,4206751,IBIAM,0,1,35,1098,0,423,20,44,0,0,0,6
SC,81418,4207205,IMARUÍ,1,2,202,4200,1,2996,174,98,1,4,1,9
SC,81426,4205175,ENTRE RIOS,0,0,35,1040,0,1393,21,28,0,1,1,1
SC,81434,4207304,IMBITUBA,10,6,1077,17603,11,10648,958,451,5,35,4,75
SC,81442,4211876,PAIAL,0,0,34,829,0,679,24,55,0,2,0,8
SC,81450,4207403,IMBUIA,1,0,123,3419,0,707,61,93,3,0,0,1
SC,81469,4202578,BOM JESUS DO OESTE,1,0,54,1070,0,416,17,28,1,0,1,5
SC,81477,4207502,INDAIAL,12,7,1212,29041,5,7033,1414,619,7,45,12,189
SC,81485,4215752,SÃO BERNARDINO,2,0,77,1091,0,843,32,30,0,0,0,4
SC,81493,4207601,IPIRA,0,0,96,2011,1,987,69,59,0,0,0,11
SC,81507,4215687,SANTA TEREZINHA DO PROGRESSO,0,0,77,918,0,855,28,41,0,1,0,0
SC,81515,4207700,IPUMIRIM,2,0,161,2603,0,1598,131,114,1,4,0,10
SC,81523,4215356,SALTINHO,0,0,74,1188,0,1195,63,51,0,5,0,1
SC,81531,4207809,IRANI,0,0,255,3882,0,1806,129,132,0,2,0,5
SC,81540,4209177,JUPIÁ,1,0,61,1105,1,629,29,36,0,0,0,0
SC,81558,4207908,IRINEÓPOLIS,1,0,194,4607,2,1540,143,119,0,3,1,8
SC,81566,4212056,PALMEIRA,0,0,67,1731,0,718,54,59,0,0,1,1
SC,81574,4208005,ITÁ,0,0,193,2666,1,1588,198,126,0,7,0,19
SC,81582,4202081,BANDEIRANTE,2,0,59,1325,0,866,60,78,0,1,0,5
SC,81590,4208104,ITAIÓPOLIS,2,2,253,10200,1,2249,244,206,0,10,2,9
SC,81604,4205357,FLOR DO SERTÃO,1,0,84,815,0,474,31,30,0,0,1,3
SC,81612,4208203,ITAJAÍ,47,33,4356,98583,56,33204,4651,2080,20,193,24,535
SC,81620,4204756,CUNHATAÍ,1,0,42,1140,0,339,41,46,0,0,0,2
SC,81639,4208302,ITAPEMA,6,6,1166,34048,7,8758,1249,385,10,29,2,126
SC,81647,4214151,PRINCESA,0,0,63,1430,0,524,61,64,0,0,1,3
SC,81655,4208401,ITAPIRANGA,0,0,307,6821,3,1941,295,306,2,6,2,23
SC,81663,4208450,ITAPOÁ,3,2,443,10514,6,4072,368,278,2,22,2,52
SC,81671,4208500,ITUPORANGA,2,3,358,12866,1,2473,342,288,0,6,3,26
SC,81680,4217956,TIGRINHOS,4,0,46,960,0,578,17,51,0,0,0,4
SC,81698,4208609,JABORÁ,0,0,100,2325,1,703,46,85,0,1,0,7
SC,81701,4204194,CHAPADÃO DO LAGEADO,1,0,84,1666,0,466,39,76,0,0,0,1
SC,81710,4208708,JACINTO MACHADO,2,2,184,5619,4,1304,172,112,0,4,1,17
SC,81728,4201950,BALNEÁRIO ARROIO DO SILVA,2,4,252,6027,4,3146,222,173,2,13,0,14
SC,81736,4208807,JAGUARUNA,3,2,359,9193,4,2949,277,160,0,7,2,41
SC,81744,4202073,BALNEÁRIO GAIVOTA,2,1,341,6116,1,2788,216,136,2,6,0,21
SC,81752,4208906,JARAGUÁ DO SUL,29,32,3196,78938,40,20528,3450,1628,23,164,13,587
SC,81760,4202099,BARRA BONITA,0,0,40,844,0,520,39,72,0,1,0,4
SC,81779,4209003,JOAÇABA,6,3,497,12319,3,3863,440,342,2,16,2,55
SC,81787,4202875,BRUNÓPOLIS,0,0,32,1469,0,774,24,26,0,0,0,3
SC,81795,4209102,JOINVILLE,170,72,10874,246309,147,72919,13253,5809,51,527,48,2690
SC,81809,4210035,LUZERNA,0,1,125,3164,1,675,91,92,0,3,1,19
SC,81817,4209201,LACERDÓPOLIS,0,0,39,1280,0,312,20,34,0,2,0,3
SC,81825,4219853,ZORTÉA,0,0,55,1631,0,871,57,28,0,3,0,2
SC,81833,4209300,LAGES,29,20,2894,62339,18,25809,2332,1707,14,88,11,161
SC,81850,4209409,LAGUNA,10,9,830,15914,8,9505,842,492,2,30,1,55
SC,81876,4209508,LAURENTINO,1,0,137,3919,1,896,128,60,1,5,1,14
SC,81892,4209607,LAURO MÜLLER,2,0,293,6226,3,2607,240,250,0,2,0,19
SC,81914,4209706,LEBON RÉGIS,0,2,203,3245,0,2899,144,90,0,5,3,9
SC,81930,4209805,LEOBERTO LEAL,0,0,88,1968,0,542,42,78,0,3,0,5
SC,81957,4209904,LONTRAS,3,0,170,5686,0,1307,189,85,2,5,1,22
SC,81973,4210001,LUIZ ALVES,1,0,183,6909,1,1270,207,127,0,3,0,30
SC,81990,4210100,MAFRA,9,11,1073,24036,3,6418,866,698,7,29,7,66
SC,82015,4210209,MAJOR GERCINO,0,0,79,1770,1,566,44,44,1,6,0,5
SC,82031,4210308,MAJOR VIEIRA,1,0,136,3173,0,1185,113,129,0,2,4,5
SC,82058,4210506,MARAVILHA,10,2,574,11639,1,3684,473,269,2,15,1,39
SC,82066,4210555,MAREMA,0,1,27,1225,0,494,37,42,0,0,0,1
SC,82074,4210605,MASSARANDUBA,4,1,247,8736,0,1434,262,243,1,6,2,29
SC,82090,4210704,MATOS COSTA,1,0,47,911,0,785,42,37,0,0,0,0
SC,82112,4210803,MELEIRO,3,1,105,3938,1,792,98,76,0,1,0,11
SC,82139,4210902,MODELO,0,0,122,1865,0,788,95,88,1,1,0,4
SC,82155,4211009,MONDAÍ,0,1,215,3721,0,1910,210,155,0,6,0,15
SC,82171,4211108,MONTE CASTELO,2,1,167,3503,1,1677,99,79,1,2,0,5
SC,82198,4211207,MORRO DA FUMAÇA,3,3,260,8875,0,1799,286,144,0,2,1,17
SC,82210,4211306,NAVEGANTES,9,4,1769,32775,15,12780,1578,680,6,54,2,150
SC,82236,4211405,NOVA ERECHIM,1,0,71,2054,1,1006,90,84,0,2,1,11
SC,82252,4211504,NOVA TRENTO,5,3,238,6982,0,1588,215,153,0,9,1,10
SC,82279,4211603,NOVA VENEZA,1,1,186,7814,0,1807,231,177,0,2,2,17
SC,82295,4211702,ORLEANS,2,4,260,12012,4,2357,359,275,2,7,1,40
SC,82317,4211801,OURO,2,2,130,3286,0,981,98,84,0,4,0,8
SC,82333,4211900,PALHOÇA,39,20,4464,74587,67,33189,4644,1950,26,181,12,450
SC,82350,4212007,PALMA SOLA,0,1,142,2327,2,1704,92,81,0,2,1,2
SC,82376,4212106,PALMITOS,2,1,215,7084,2,2100,159,254,1,9,3,20
SC,82392,4212205,PAPANDUVA,1,1,261,7387,5,3459,211,214,0,7,0,14
SC,82414,4212304,PAULO LOPES,0,2,154,4047,1,1618,99,91,0,5,1,12
SC,82430,4212403,PEDRAS GRANDES,0,0,83,2483,0,596,99,52,0,3,0,4
SC,82457,4212502,PENHA,6,4,704,13945,6,4288,578,280,2,13,3,49
SC,82473,4212601,PERITIBA,0,0,84,1837,0,465,34,55,0,1,0,9
SC,82490,4212700,PETROLÂNDIA,0,2,63,3708,0,786,93,84,0,2,0,9
SC,82511,4212809,BALNEÁRIO PIÇARRAS,5,5,501,12090,7,3927,401,202,2,19,0,49
SC,82538,4212908,PINHALZINHO,2,1,467,7827,5,3748,343,294,4,10,1,38
SC,82554,4213005,PINHEIRO PRETO,0,0,57,1567,0,619,58,55,1,3,0,10
SC,82570,4213104,PIRATUBA,0,0,117,2914,0,1048,115,102,0,0,0,8
SC,82597,4213203,POMERODE,10,9,610,15879,4,3408,699,427,5,23,4,129
SC,82619,4213302,PONTE ALTA,0,0,37,1945,1,1109,51,38,0,1,2,4
SC,82635,4213401,PONTE SERRADA,1,0,119,3481,1,2392,93,87,1,1,1,7
SC,82651,4213500,PORTO BELO,0,1,420,10933,4,3028,469,121,1,14,1,37
SC,82678,4213609,PORTO UNIÃO,5,3,590,12554,4,4850,587,386,4,23,5,40
SC,82694,4213708,POUSO REDONDO,2,3,176,7576,1,1671,204,139,2,2,2,13
SC,82716,4213807,PRAIA GRANDE,1,0,175,3388,2,1530,156,103,0,2,0,20
SC,82732,4213906,PRESIDENTE CASTELLO BRANCO,0,0,21,1116,0,244,28,38,0,0,0,1
SC,82759,4214003,PRESIDENTE GETÚLIO,4,1,247,8864,1,1866,295,162,0,4,0,20
SC,82775,4214102,PRESIDENTE NEREU,0,0,41,1329,0,368,35,26,0,2,0,3
SC,82791,4214201,QUILOMBO,0,0,181,3764,0,2340,96,93,0,4,1,9
SC,82813,4214300,RANCHO QUEIMADO,0,0,75,2237,0,601,107,51,1,0,0,6
SC,82830,4214409,RIO DAS ANTAS,1,0,78,3066,0,1059,78,92,0,4,0,6
SC,82856,4214508,RIO DO CAMPO,0,1,134,3461,0,805,94,61,1,4,0,17
SC,82872,4214607,RIO DO OESTE,0,2,168,3613,0,951,130,129,0,6,0,20
SC,82899,4214706,RIO DOS CEDROS,5,1,150,5703,0,1225,196,156,0,4,4,14
SC,82910,4214805,RIO DO SUL,9,5,1195,29363,7,7559,1316,615,3,44,6,185
SC,82937,4214904,RIO FORTUNA,1,0,70,3141,1,436,95,122,0,0,0,23
SC,82953,4215000,RIO NEGRINHO,8,2,694,17568,7,4753,538,464,1,16,6,74
SC,82970,4215109,RODEIO,4,1,229,5909,3,1299,194,178,2,7,0,19
SC,82996,4215208,ROMELÂNDIA,2,1,84,1958,0,1106,70,79,0,1,0,8
SC,83011,4215307,SALETE,3,0,178,3849,2,944,112,81,0,3,0,12
SC,83038,4215406,SALTO VELOSO,2,0,88,1905,0,665,51,42,1,5,1,10
SC,83054,4215505,SANTA CECÍLIA,3,0,142,5603,1,2779,156,124,0,6,0,7
SC,83070,4215604,SANTA ROSA DE LIMA,1,0,64,1150,0,378,32,80,0,1,0,6
SC,83097,4215703,SANTO AMARO DA IMPERATRIZ,9,2,573,11127,8,4073,503,359,2,15,4,58
SC,83119,4215802,SÃO BENTO DO SUL,9,7,1599,36609,16,8730,1581,1024,6,62,3,170
SC,83135,4215901,SÃO BONIFÁCIO,3,0,33,1859,0,354,65,68,0,5,0,2
SC,83151,4216008,SÃO CARLOS,3,0,170,4295,1,1933,166,187,1,1,0,10
SC,83178,4216107,SÃO DOMINGOS,1,0,116,3697,1,1906,77,73,0,2,3,3
SC,83194,4216206,SÃO FRANCISCO DO SUL,11,5,955,20476,11,8196,889,413,5,33,4,83
SC,83216,4216305,SÃO JOÃO BATISTA,3,0,441,13834,8,3167,554,153,3,11,0,40
SC,83232,4216404,SÃO JOÃO DO SUL,1,1,204,4379,1,1195,133,144,1,1,0,4
SC,83259,4216503,SÃO JOAQUIM,4,1,454,9202,5,3849,302,426,2,10,3,28
SC,83275,4216602,SÃO JOSÉ,68,45,5779,89505,79,46951,5780,2730,27,284,26,758
SC,83291,4216701,SÃO JOSÉ DO CEDRO,2,1,177,6472,1,1908,218,220,2,4,0,5
SC,83313,4216800,SÃO JOSÉ DO CERRITO,0,1,157,3318,0,2665,109,114,0,1,0,5
SC,83330,4216909,SÃO LOURENÇO DO OESTE,2,2,364,9554,2,4243,377,302,1,7,4,16
SC,83356,4217006,SÃO LUDGERO,1,2,211,6355,0,1368,243,125,0,5,0,26
SC,83372,4217105,SÃO MARTINHO,0,0,101,2185,0,406,60,49,0,2,0,5
SC,83399,4217204,SÃO MIGUEL DO OESTE,3,4,829,16088,8,6383,819,648,3,16,4,91
SC,83410,4217303,SAUDADES,1,1,162,4119,2,1751,224,228,1,1,3,14
SC,83437,4217402,SCHROEDER,0,0,346,8713,2,2212,331,147,0,13,1,27
SC,83453,4217501,SEARA,4,0,379,6368,1,3680,277,326,0,9,2,34
SC,83470,4217600,SIDERÓPOLIS,4,1,245,5856,5,2275,268,282,1,5,1,17
SC,83496,4217709,SOMBRIO,4,4,602,12474,8,4082,519,207,0,5,0,33
SC,83518,4217808,TAIÓ,4,1,255,9300,1,1589,215,161,0,8,0,18
SC,83534,4217907,TANGARÁ,3,0,123,3817,1,1099,104,114,1,0,0,13
SC,83550,4218004,TIJUCAS,11,8,784,19722,8,6064,781,347,2,34,2,127
SC,83577,4218202,TIMBÓ,8,12,895,21690,9,4416,953,490,5,33,5,157
SC,83593,4218301,TRÊS BARRAS,1,0,305,6899,2,3332,223,377,3,5,0,7
SC,83615,4218400,TREZE DE MAIO,0,0,124,4455,1,747,125,62,0,2,1,6
SC,83631,4218509,TREZE TÍLIAS,1,1,139,4067,0,877,142,87,0,2,0,15
SC,83658,4218608,TROMBUDO CENTRAL,2,0,79,3467,0,790,121,44,0,2,0,10
SC,83674,4218707,TUBARÃO,11,14,1884,45432,23,13559,1985,1010,11,97,11,257
SC,83682,4218756,TUNÁPOLIS,2,0,97,2528,4,607,98,135,0,5,1,17
SC,83690,4218806,TURVO,3,1,172,6974,5,1284,168,113,2,6,0,24
SC,83712,4218905,URUBICI,2,0,173,4822,2,1327,160,116,2,4,0,7
SC,83739,4219002,URUSSANGA,2,2,390,9183,2,2321,316,334,0,5,2,40
SC,83755,4219101,VARGEÃO,1,0,75,1349,1,818,44,64,0,1,0,5
SC,83771,4219200,VIDAL RAMOS,0,2,82,3358,1,827,72,90,1,3,0,8
SC,83798,4219309,VIDEIRA,5,8,755,21226,6,6682,674,507,2,36,7,80
SC,83810,4219408,WITMARSUM,1,0,94,2103,0,540,67,73,0,0,0,5
SC,83836,4219507,XANXERÊ,8,2,847,17483,4,8667,723,435,2,15,4,71
SC,83852,4219606,XAVANTINA,1,0,61,1711,1,930,55,49,0,3,1,14
SC,83879,4219705,XAXIM,3,1,420,12369,1,4937,361,345,3,7,1,17
SC,83895,4202503,BOM JARDIM DA SERRA,0,0,82,1820,0,977,29,44,1,0,0,4
SC,83909,4220000,BALNEÁRIO RINCÃO,3,2,201,6580,3,3019,200,185,1,8,0,13
SC,83917,4210407,MARACAJÁ,0,1,187,3585,1,1296,129,116,1,7,0,10
SC,83925,4212650,PESCARIA BRAVA,3,0,240,4361,1,2189,180,132,0,9,0,21
SC,83933,4218103,TIMBÉ DO SUL,0,1,107,2716,1,844,65,57,0,0,0,5
SC,83950,4204558,CORREIA PINTO,2,0,203,5636,2,3446,179,179,1,4,0,10
SC,83976,4211751,OTACÍLIO COSTA,1,2,289,6918,0,2729,217,177,0,8,1,20
SE,31003,2806404,SANTANA DO SÃO FRANCISCO,0,0,72,1329,1,3316,37,68,0,0,0,1
SE,31011,2800100,AMPARO DE SÃO FRANCISCO,2,0,52,719,0,1618,23,46,0,1,0,2
SE,31038,2800209,AQUIDABÃ,0,4,354,3403,0,9505,166,223,0,6,1,7
SE,31054,2800308,ARACAJU,175,60,12086,125252,156,181481,7431,7916,50,443,54,567
SE,31070,2800407,ARAUÁ,1,2,147,1602,0,5591,58,143,0,2,2,7
SE,31097,2800506,AREIA BRANCA,6,0,344,3289,1,8136,158,200,1,11,0,5
SE,31119,2800605,BARRA DOS COQUEIROS,12,4,759,8676,7,14554,446,487,0,22,2,28
SE,31135,2800704,BREJO GRANDE,1,0,122,1324,0,4448,45,75,0,0,1,1
SE,31151,2800670,BOQUIM,0,1,410,4736,4,11208,197,337,0,3,0,7
SE,31194,2801009,CAMPO DO BRITO,3,1,308,3073,1,8354,152,212,0,5,1,9
SE,31216,2801108,CANHOBA,0,0,81,735,0,2880,31,90,0,2,0,2
SE,31232,2801207,CANINDÉ DE SÃO FRANCISCO,0,3,444,4343,8,12724,229,252,1,4,1,9
SE,31259,2801306,CAPELA,8,5,510,5595,6,12998,215,386,3,4,1,14
SE,31275,2801405,CARIRA,1,3,291,3576,2,8800,189,279,2,6,2,9
SE,31291,2801504,CARMÓPOLIS,2,2,213,2721,2,5835,117,132,0,7,1,4
SE,31313,2801603,CEDRO DE SÃO JOÃO,0,0,83,1353,1,2813,53,67,2,2,1,1
SE,31330,2801702,CRISTINÁPOLIS,1,0,186,2390,3,7942,137,186,0,2,0,2
SE,31356,2804458,NOSSA SENHORA APARECIDA,1,1,125,2047,0,3666,32,93,0,0,0,3
SE,31372,2801900,CUMBE,0,1,109,1268,0,2100,38,99,0,0,0,3
SE,31399,2802007,DIVINA PASTORA,0,0,64,718,0,2569,32,66,0,4,0,0
SE,31410,2802106,ESTÂNCIA,11,7,1033,9428,6,26942,638,734,5,13,1,34
SE,31437,2802205,FEIRA NOVA,0,0,103,1250,1,3759,43,70,1,3,1,2
SE,31453,2802304,FREI PAULO,2,0,263,4012,0,5974,75,240,0,3,0,2
SE,31470,2802502,GENERAL MAYNARD,3,0,80,610,1,1874,28,60,0,4,0,3
SE,31496,2802403,GARARU,1,2,98,1310,0,5934,47,117,0,5,1,5
SE,31518,2802601,GRACCHO CARDOSO,0,0,87,1107,1,3961,59,64,0,3,0,2
SE,31534,2802700,ILHA DAS FLORES,2,1,93,1316,0,4309,40,75,0,1,0,2
SE,31550,2802809,INDIAROBA,0,3,222,1833,3,7874,98,193,0,8,0,1
SE,31577,2802908,ITABAIANA,24,7,2098,22644,20,34172,1049,1243,1,32,6,46
SE,31593,2803005,ITABAIANINHA,3,3,629,9418,3,15014,261,380,0,5,3,8
SE,31615,2803104,ITABI,1,0,79,1056,0,2448,41,77,1,1,0,8
SE,31631,2803203,ITAPORANGA D'AJUDA,3,5,702,5962,1,15076,246,510,1,17,2,20
SE,31658,2803302,JAPARATUBA,3,1,295,2598,2,7993,110,188,2,4,0,2
SE,31674,2803401,JAPOATÃ,0,0,144,2074,0,6453,52,173,2,3,0,1
SE,31690,2803500,LAGARTO,26,13,1772,18660,11,43033,1276,1052,1,27,8,35
SE,31712,2803609,LARANJEIRAS,7,0,401,4917,4,11262,215,322,1,19,0,8
SE,31739,2803708,MACAMBIRA,0,1,113,1486,0,3653,53,96,0,1,0,0
SE,31755,2803807,MALHADA DOS BOIS,0,0,62,761,0,2390,42,38,0,1,2,2
SE,31771,2803906,MALHADOR,2,2,163,2103,0,5681,106,146,0,4,3,4
SE,31798,2804003,MARUIM,3,0,185,2003,0,7489,104,182,1,6,2,5
SE,31810,2804102,MOITA BONITA,2,2,192,2536,1,4488,99,198,0,5,2,1
SE,31836,2804201,MONTE ALEGRE DE SERGIPE,0,0,148,2894,1,6602,105,156,1,1,0,6
SE,31852,2804300,MURIBECA,1,0,147,1610,0,4045,64,98,0,0,1,5
SE,31879,2804409,NEÓPOLIS,0,0,180,2621,1,7966,85,177,0,3,0,2
SE,31895,2804508,NOSSA SENHORA DA GLÓRIA,6,1,710,5935,3,17417,331,441,1,7,1,10
SE,31917,2804607,NOSSA SENHORA DAS DORES,4,5,388,5511,6,10407,178,400,1,4,0,3
SE,31933,2804706,NOSSA SENHORA DE LOURDES,2,0,94,1043,0,3869,50,63,0,0,0,2
SE,31950,2804805,NOSSA SENHORA DO SOCORRO,57,14,3722,36266,22,54778,2011,2022,9,113,14,92
SE,31976,2804904,PACATUBA,2,0,170,1457,0,6976,79,210,0,1,2,3
SE,31992,2805000,PEDRA MOLE,2,2,52,748,0,1780,23,55,0,1,0,4
SE,32018,2805109,PEDRINHAS,0,1,106,1611,1,4206,62,99,0,1,0,5
SE,32034,2805208,PINHÃO,0,1,131,994,0,3166,33,77,0,2,0,1
SE,32050,2805307,PIRAMBU,1,1,167,1513,2,4396,83,146,2,6,2,4
SE,32077,2805406,POÇO REDONDO,4,1,324,4466,0,12006,181,293,1,4,1,6
SE,32093,2805505,POÇO VERDE,3,2,396,3389,3,10749,235,279,1,12,0,12
SE,32115,2805604,PORTO DA FOLHA,4,5,488,4396,1,14534,202,395,0,4,2,7
SE,32131,2805703,PROPRIÁ,6,2,334,5700,1,9437,201,194,0,8,2,4
SE,32158,2805802,RIACHÃO DO DANTAS,1,3,263,2500,0,10985,125,292,1,3,1,3
SE,32174,2805901,RIACHUELO,2,0,119,1487,0,4442,65,101,0,1,0,2
SE,32190,2806008,RIBEIRÓPOLIS,1,2,315,3653,2,7041,137,157,0,3,0,5
SE,32212,2806107,ROSÁRIO DO CATETE,0,2,115,1501,2,4950,70,130,0,2,0,5
SE,32239,2806206,SALGADO,4,1,399,3174,2,10275,156,230,1,7,0,13
SE,32255,2806305,SANTA LUZIA DO ITANHY,0,2,169,1745,2,6727,95,171,0,5,1,3
SE,32298,2806503,SANTA ROSA DE LIMA,0,1,87,988,0,2488,30,81,0,1,0,2
SE,32310,2806602,SANTO AMARO DAS BROTAS,1,3,130,1186,0,5958,92,93,0,3,1,4
SE,32336,2806701,SÃO CRISTÓVÃO,22,5,1554,15555,15,30166,885,912,7,72,7,36
SE,32352,2806800,SÃO DOMINGOS,0,0,106,2066,1,3925,86,71,1,1,1,1
SE,32379,2806909,SÃO FRANCISCO,0,1,60,814,2,2123,20,54,1,1,0,2
SE,32395,2807006,SÃO MIGUEL DO ALEIXO,0,1,67,774,1,2203,35,69,0,0,0,3
SE,32417,2807105,SIMÃO DIAS,16,5,865,7480,9,19464,422,453,1,16,0,8
SE,32433,2807204,SIRIRI,1,1,111,1202,0,3887,49,115,0,0,0,2
SE,32450,2807303,TELHA,0,0,50,924,0,1935,24,37,0,1,1,1
SE,32476,2807402,TOBIAS BARRETO,8,3,834,10541,6,21687,450,629,3,15,3,18
SE,32492,2807501,TOMAR DO GERU,2,2,122,2210,0,5316,93,156,0,0,0,6
SE,32514,2807600,UMBAÚBA,1,3,398,4652,2,9796,180,280,2,4,0,6
SP,61000,3515350,EUCLIDES DA CUNHA PAULISTA,0,1,88,1614,2,2581,53,27,0,0,0,2
SP,61018,3500105,ADAMANTINA,4,6,453,13609,6,3957,410,375,1,12,1,37
SP,61026,3507456,BOREBI,1,1,37,1096,1,593,35,29,0,0,1,2
SP,61034,3500204,ADOLFO,1,0,53,1974,3,865,35,31,0,1,3,6
SP,61042,3553955,TARUMÃ,2,0,191,5406,1,2828,156,181,0,2,0,8
SP,61050,3500303,AGUAÍ,3,3,529,9806,10,5594,449,331,1,17,4,47
SP,61069,3532058,MOTUCA,0,0,66,1244,0,1098,51,34,3,0,0,3
SP,61077,3500402,ÁGUAS DA PRATA,1,0,113,2743,1,1387,97,125,0,9,1,22
SP,61085,3519253,IARAS,0,1,79,1407,3,1335,52,45,0,3,1,3
SP,61093,3500501,ÁGUAS DE LINDÓIA,2,1,291,7494,5,2614,258,158,1,14,1,45
SP,61107,3518859,GUATAPARÁ,3,2,126,2020,3,1705,76,62,0,4,1,6
SP,61115,3500600,ÁGUAS DE SÃO PEDRO,1,0,93,2037,1,904,86,72,0,5,1,15
SP,61123,3513850,DIRCE REIS,0,0,45,694,1,522,19,20,0,0,0,0
SP,61131,3500709,AGUDOS,2,3,547,13759,4,5754,480,390,0,15,1,42
SP,61140,3515194,ESPÍRITO SANTO DO TURVO,0,0,63,1408,0,953,38,40,0,2,0,5
SP,61158,3500808,ALFREDO MARCONDES,1,0,48,1905,1,984,45,37,0,0,0,0
SP,61166,3544251,ROSANA,3,1,196,4241,2,4683,149,95,2,3,3,9
SP,61174,3500907,ALTAIR,0,1,40,1377,0,818,22,15,0,1,0,8
SP,61182,3514957,EMBAÚBA,0,0,40,1170,1,655,27,16,0,0,0,1
SP,61190,3501004,ALTINÓPOLIS,2,3,279,4946,2,3465,188,289,3,4,0,58
SP,61204,3520442,ILHA SOLTEIRA,3,4,413,7282,7,5065,333,266,6,17,3,36
SP,61212,3501103,ALTO ALEGRE,0,0,55,1927,1,728,28,34,0,0,0,3
SP,61220,3501152,ALUMÍNIO,7,0,507,5333,3,4061,386,262,1,23,1,26
SP,61239,3501202,ÁLVARES FLORENCE,0,0,46,1819,0,800,23,45,0,0,0,6
SP,61247,3537156,PEDRINHAS PAULISTA,0,0,62,1451,0,518,39,33,0,0,0,3
SP,61255,3501301,ÁLVARES MACHADO,2,2,339,8267,1,4420,256,268,2,9,5,24
SP,61263,3502754,ARAÇARIGUAMA,6,3,420,7114,4,4437,343,215,3,10,2,27
SP,61271,3501400,ÁLVARO DE CARVALHO,0,1,38,1024,1,762,30,32,0,0,0,3
SP,61280,3506359,BERTIOGA,20,6,1212,20207,22,13965,998,656,1,47,7,60
SP,61298,3501509,ALVINLÂNDIA,0,0,24,1075,2,841,29,24,0,0,0,3
SP,61301,3552551,SUZANÁPOLIS,0,1,42,1124,0,969,27,30,0,0,0,2
SP,61310,3501608,AMERICANA,50,22,4763,86854,59,37768,3959,2331,19,168,14,582
SP,61328,3548054,SANTO ANTÔNIO DO ARACANGUÁ,2,1,127,3256,2,1999,85,106,0,1,0,6
SP,61336,3501707,AMÉRICO BRASILIENSE,4,6,695,9080,11,9640,509,304,0,17,2,45
SP,61344,3510153,CANITAR,1,2,73,1703,0,1210,53,78,0,2,0,6
SP,61352,3501806,AMÉRICO DE CAMPOS,0,0,91,2437,0,1093,58,69,0,1,0,10
SP,61360,3505351,BARRA DO CHAPÉU,1,1,91,1919,0,1210,59,43,0,4,0,3
SP,61379,3501905,AMPARO,10,7,1264,25719,14,10258,1085,850,7,48,6,127
SP,61387,3515129,EMILIANÓPOLIS,0,0,25,1108,0,790,19,25,0,0,0,2
SP,61395,3502002,ANALÂNDIA,1,0,96,2077,0,838,57,54,1,5,0,6
SP,61409,3533254,NOVAIS,0,0,46,1781,1,996,55,37,0,0,0,1
SP,61417,3502101,ANDRADINA,15,5,800,19337,5,9695,689,517,4,32,3,60
SP,61425,3532843,NOVA CANAÃ PAULISTA,1,0,41,816,1,645,46,27,0,2,0,0
SP,61433,3502200,ANGATUBA,2,2,412,6951,2,4612,287,302,0,10,0,19
SP,61441,3545159,SALTINHO,0,1,152,4465,2,865,87,89,1,3,1,7
SP,61450,3502309,ANHEMBI,0,1,68,2283,2,1153,45,62,0,3,2,5
SP,61468,3555356,UBARANA,0,0,77,1824,0,1268,55,50,0,2,0,3
SP,61476,3502408,ANHUMAS,0,1,46,1563,1,842,39,41,1,0,0,5
SP,61484,3509254,CAJATI,9,2,374,10715,4,4395,301,235,2,10,4,34
SP,61492,3502507,APARECIDA,11,4,753,12371,12,6815,595,562,2,30,1,62
SP,61506,3509452,CAMPINA DO MONTE ALEGRE,2,1,74,2213,0,1201,56,92,0,4,0,5
SP,61514,3502606,APARECIDA D'OESTE,0,2,65,1563,0,1156,32,43,0,0,0,1
SP,61522,3503950,ASPÁSIA,0,0,27,820,4,555,22,28,0,0,0,0
SP,61530,3502705,APIAÍ,2,4,385,7059,3,5202,289,229,1,8,0,14
SP,61549,3556354,VARGEM,2,2,196,3066,3,1294,102,99,1,2,1,26
SP,61557,3502804,ARAÇATUBA,33,16,3469,70541,40,28686,2567,2238,8,93,11,286
SP,61565,3540754,POTIM,1,1,353,5554,6,3416,277,223,0,10,4,9
SP,61573,3502903,ARAÇOIABA DA SERRA,7,6,549,12431,11,5366,460,435,1,19,2,41
SP,61581,3500758,ALAMBARI,1,1,82,2568,1,1075,73,68,0,3,0,0
SP,61590,3503000,ARAMINA,3,0,81,1798,0,1376,57,68,0,0,0,5
SP,61603,3522158,ITAOCA,1,0,33,964,0,1144,32,20,0,0,0,3
SP,61611,3503109,ARANDU,0,3,90,2669,0,1229,47,82,2,3,0,0
SP,61620,3554953,TUIUTI,2,1,99,2803,2,1041,62,96,0,1,0,7
SP,61638,3503208,ARARAQUARA,51,40,4143,57432,104,56181,3963,2622,30,165,21,570
SP,61646,3503158,ARAPEÍ,1,0,41,928,0,843,21,35,0,0,2,0
SP,61654,3503307,ARARAS,21,17,2553,47054,30,19003,1918,1933,4,89,14,244
SP,61662,3557303,ESTIVA GERBI,1,1,184,4753,3,1990,136,117,0,8,0,13
SP,61670,3503406,AREALVA,0,1,104,3026,0,1225,84,67,0,4,0,3
SP,61689,3515152,ENGENHEIRO COELHO,6,1,300,7129,3,3287,309,147,2,6,1,42
SP,61697,3503505,AREIAS,1,0,92,1036,2,1401,52,52,0,2,0,2
SP,61700,3543253,RIBEIRÃO GRANDE,2,1,128,2232,2,2203,115,143,1,2,0,3
SP,61719,3503604,AREIÓPOLIS,1,0,216,3337,2,2439,130,66,2,1,1,10
SP,61727,3519071,HORTOLÂNDIA,70,26,4705,66202,58,47873,4171,2077,25,220,11,362
SP,61735,3503703,ARIRANHA,1,1,98,3085,1,1453,66,94,0,1,3,6
SP,61743,3519055,HOLAMBRA,4,0,262,6538,4,2335,265,214,0,9,0,72
SP,61751,3503802,ARTUR NOGUEIRA,12,4,795,18749,7,8832,741,514,3,20,3,66
SP,61760,3514924,ELISIÁRIO,0,1,52,1414,0,548,35,33,0,0,0,2
SP,61778,3503901,ARUJÁ,35,12,2078,28627,36,19322,2080,1354,7,99,11,155
SP,61786,3507159,BOM SUCESSO DE ITARARÉ,0,0,67,1249,0,1057,47,30,0,1,0,0
SP,61794,3504008,ASSIS,12,11,1508,31310,14,15889,1186,1071,8,62,5,115
SP,61808,3540259,PONTALINDA,0,0,45,1222,0,1029,40,32,0,0,0,0
SP,61816,3504107,ATIBAIA,39,20,3427,53602,49,25773,3213,2313,17,137,14,424
SP,61824,3536257,PARISI,0,0,37,1425,2,676,28,32,0,5,0,6
SP,61832,3504206,AURIFLAMA,2,0,153,5621,1,2289,111,99,0,3,0,11
SP,61840,3553856,TAQUARIVAÍ,0,0,84,2142,0,1407,45,98,0,1,0,2
SP,61859,3504305,AVAÍ,1,0,62,1521,0,1296,43,50,0,1,0,3
SP,61867,3528858,MARAPOAMA,0,1,39,1646,0,440,32,38,0,0,2,4
SP,61875,3504404,AVANHANDAVA,0,0,155,2956,2,2166,98,89,0,4,0,6
SP,61883,3549250,SÃO JOÃO DE IRACEMA,0,0,37,600,0,637,17,27,0,1,0,2
SP,61891,3504503,AVARÉ,24,9,1561,28677,16,13487,1231,1054,10,53,12,108
SP,61905,3549953,SÃO LOURENÇO DA SERRA,4,3,323,4372,7,3548,243,204,0,11,1,23
SP,61913,3504602,BADY BASSITT,2,4,401,8284,2,3272,338,232,4,9,2,25
SP,61921,3557154,ZACARIAS,0,0,31,1157,0,621,28,21,0,0,0,2
SP,61930,3504701,BALBINOS,0,0,27,578,0,356,20,14,0,1,0,2
SP,61948,3522653,ITAPIRAPUÃ PAULISTA,0,0,58,1315,0,990,17,23,0,0,0,1
SP,61956,3504800,BÁLSAMO,0,0,149,3816,1,1357,141,96,0,9,3,9
SP,61964,3529658,MESÓPOLIS,1,0,34,818,0,513,13,9,0,0,0,3
SP,61972,3504909,BANANAL,5,0,177,2827,1,2941,122,108,0,4,0,7
SP,61980,3532827,NOVA CAMPINA,2,1,106,3031,2,1915,102,61,1,1,0,3
SP,61999,3505104,BARBOSA,0,0,76,2130,0,1315,29,60,0,1,0,3
SP,62006,3520426,ILHA COMPRIDA,6,2,235,4498,7,3332,201,136,1,4,4,22
SP,62014,3505005,BARÃO DE ANTONINA,1,0,60,1109,0,804,27,32,0,1,0,4
SP,62022,3527256,LOURDES,0,0,28,850,0,438,18,91,1,2,0,2
SP,62030,3505203,BARIRI,9,3,442,11292,8,4064,374,420,0,16,0,34
SP,62049,3554656,TORRE DE PEDRA,1,1,44,1242,2,532,32,24,0,2,1,2
SP,62057,3505302,BARRA BONITA,6,7,693,13626,6,5911,543,473,3,18,1,48
SP,62065,3503356,ARCO-ÍRIS,1,0,24,1144,0,440,21,30,0,0,0,1
SP,62073,3505401,BARRA DO TURVO,0,1,48,2075,0,1858,88,61,0,1,0,1
SP,62081,3507753,BREJO ALEGRE,0,0,52,1027,0,898,23,25,0,1,0,0
SP,62090,3505500,BARRETOS,9,20,1978,37186,21,19752,1466,1476,5,41,8,156
SP,62103,3509957,CANAS,1,0,98,1754,0,1071,58,77,1,1,0,2
SP,62111,3505609,BARRINHA,3,2,693,8897,7,7932,338,249,1,20,3,46
SP,62120,3540853,PRACINHA,1,0,20,629,0,409,12,18,1,0,0,1
SP,62138,3505708,BARUERI,98,62,8543,106619,119,89466,8134,4741,30,394,41,847
SP,62146,3541059,PRATÂNIA,1,0,103,2010,1,1166,64,37,0,1,0,3
SP,62154,3505807,BASTOS,1,3,251,8701,2,2712,235,226,1,7,3,16
SP,62162,3541653,QUADRA,0,1,82,1730,1,888,37,59,0,1,0,3
SP,62170,3505906,BATATAIS,9,4,1159,17582,7,11161,763,1021,4,33,4,129
SP,62189,3546256,SANTA CRUZ DA ESPERANÇA,1,0,42,981,0,590,24,34,0,1,0,8
SP,62197,3506003,BAURU,78,58,6828,112236,112,64967,6000,5107,41,323,40,702
SP,62200,3547650,SANTA SALETE,0,0,30,1045,0,368,22,22,0,0,0,1
SP,62219,3506102,BEBEDOURO,11,4,1523,27408,8,10720,926,793,7,39,5,58
SP,62227,3556958,VITÓRIA BRASIL,0,0,23,813,0,493,10,17,0,1,0,0
SP,62235,3506201,BENTO DE ABREU,0,0,22,925,0,580,11,16,0,0,0,0
SP,62243,3521150,IPIGUÁ,0,0,75,2432,3,915,55,57,1,2,0,9
SP,62251,3506300,BERNARDINO DE CAMPOS,2,2,195,3537,1,1750,78,112,1,3,0,8
SP,62260,3553658,TAQUARAL,0,0,41,1078,0,617,16,20,0,0,0,3
SP,62278,3506409,BILAC,3,0,86,3224,1,1277,74,63,0,2,0,8
SP,62286,3515657,FERNÃO,0,0,25,854,2,335,15,26,0,0,0,0
SP,62294,3506508,BIRIGUI,13,7,1467,43666,16,14393,1413,1017,3,49,4,127
SP,62308,3516853,GAVIÃO PEIXOTO,1,0,106,1395,0,1455,61,37,1,1,3,4
SP,62316,3506607,BIRITIBA MIRIM,10,3,566,9816,4,5695,469,472,1,22,8,45
SP,62324,3525854,JUMIRIM,1,0,50,1218,0,491,43,35,0,3,0,0
SP,62332,3506706,BOA ESPERANÇA DO SUL,1,3,211,3383,0,3125,123,110,0,3,3,9
SP,62340,3532157,NANTES,0,0,27,881,0,672,23,24,0,0,0,2
SP,62359,3506805,BOCAINA,0,2,159,4264,5,1583,134,144,0,4,1,24
SP,62367,3532868,NOVA CASTILHO,0,0,19,659,0,324,24,18,0,1,0,1
SP,62375,3506904,BOFETE,2,0,159,3653,1,2069,99,115,1,9,0,3
SP,62383,3534757,OUROESTE,0,1,140,3551,2,1964,118,63,0,1,1,7
SP,62391,3507001,BOITUVA,19,18,1041,21770,26,10083,956,638,5,45,5,87
SP,62405,3536570,PAULISTÂNIA,0,0,29,896,0,457,11,38,0,2,1,2
SP,62413,3507100,BOM JESUS DOS PERDÕES,8,2,508,8278,19,4112,454,303,0,21,3,43
SP,62421,3543238,RIBEIRÃO DOS ÍNDIOS,0,0,19,721,1,620,16,20,0,0,0,0
SP,62430,3507209,BORÁ,0,1,14,537,0,247,4,19,0,0,0,0
SP,62448,3554755,TRABIJU,0,1,39,574,0,574,31,21,0,1,1,1
SP,62456,3507308,BORACÉIA,0,1,72,1797,2,934,58,48,0,2,2,3
SP,62472,3507407,BORBOREMA,0,2,192,5454,0,2040,156,158,1,0,0,12
SP,62499,3507506,BOTUCATU,42,17,3500,43436,71,27979,2469,2201,10,122,21,285
SP,62510,3507605,BRAGANÇA PAULISTA,37,34,3756,61726,63,26994,3289,2338,10,96,24,452
SP,62553,3507704,BRAÚNA,0,0,49,2250,0,903,39,29,0,2,0,3
SP,62570,3507803,BRODOWSKI,4,1,376,9098,4,3343,321,287,1,17,1,46
SP,62596,3507902,BROTAS,4,1,333,8559,6,3126,279,281,2,23,1,29
SP,62618,3508009,BURI,1,1,192,7013,2,3376,178,121,2,5,1,5
SP,62634,3508108,BURITAMA,1,1,217,6141,3,2889,163,111,0,4,1,13
SP,62650,3508207,BURITIZAL,0,1,59,2163,0,827,56,39,1,1,1,4
SP,62677,3508306,CABRÁLIA PAULISTA,0,0,82,1489,1,991,68,45,0,3,1,1
SP,62693,3508405,CABREÚVA,7,5,969,16272,11,8047,834,428,6,51,4,62
SP,62715,3508504,CAÇAPAVA,41,11,1938,33129,53,16135,1707,1376,8,67,9,222
SP,62731,3508603,CACHOEIRA PAULISTA,4,4,567,10113,9,6209,456,441,2,30,5,52
SP,62758,3508702,CACONDE,2,3,298,5378,2,3481,176,184,0,10,1,56
SP,62774,3508801,CAFELÂNDIA,5,0,237,5398,1,2791,182,180,0,6,0,21
SP,62790,3508900,CAIABU,1,0,44,1377,0,1019,25,69,0,1,0,2
SP,62812,3509007,CAIEIRAS,26,10,1960,25538,28,21382,1875,1190,12,113,10,147
SP,62839,3509106,CAIUÁ,1,0,67,1239,0,1257,30,30,0,1,2,3
SP,62855,3509205,CAJAMAR,29,18,2413,26010,37,20433,1942,1073,7,86,9,159
SP,62871,3509304,CAJOBI,3,1,158,3766,1,1876,92,85,0,1,2,9
SP,62898,3509403,CAJURU,1,2,347,7179,3,5265,292,293,1,13,0,34
SP,62910,3509502,CAMPINAS,279,167,21080,329733,467,241972,20543,13896,163,1406,115,3399
SP,62936,3509601,CAMPO LIMPO PAULISTA,27,14,1847,23507,32,15625,1536,930,10,90,11,126
SP,62952,3509700,CAMPOS DO JORDÃO,16,7,1226,16257,4,8117,792,760,2,50,14,145
SP,62979,3509809,CAMPOS NOVOS PAULISTA,1,1,36,1828,0,896,44,35,0,1,0,1
SP,62995,3509908,CANANÉIA,1,3,187,3998,5,2848,149,127,1,9,1,4
SP,63010,3510005,CÂNDIDO MOTA,3,2,385,11608,1,4340,408,293,0,13,2,30
SP,63037,3510104,CÂNDIDO RODRIGUES,4,0,36,1435,0,526,28,27,1,0,0,6
SP,63053,3510203,CAPÃO BONITO,10,6,776,15272,3,8190,679,488,5,7,3,47
SP,63070,3510302,CAPELA DO ALTO,3,3,290,7373,6,2836,185,190,1,4,0,10
SP,63096,3510401,CAPIVARI,8,5,919,18583,10,7639,723,599,2,35,2,59
SP,63118,3510500,CARAGUATATUBA,36,17,2563,43425,56,27242,2489,1479,18,139,30,202
SP,63134,3510609,CARAPICUÍBA,93,58,7858,88178,139,94231,6928,5068,26,374,43,528
SP,63150,3510708,CARDOSO,0,0,126,3590,0,2603,73,124,0,4,0,6
SP,63177,3510807,CASA BRANCA,4,1,428,8681,5,3836,386,298,2,7,2,43
SP,63193,3510906,CÁSSIA DOS COQUEIROS,0,0,55,1045,0,765,30,42,0,0,1,8
SP,63215,3511003,CASTILHO,2,0,244,5179,8,5417,205,146,1,6,0,16
SP,63231,3511102,CATANDUVA,13,17,1822,42040,18,16022,1478,1204,8,58,4,155
SP,63258,3511201,CATIGUÁ,1,1,62,2825,0,1282,69,73,0,4,0,3
SP,63274,3511300,CEDRAL,1,2,206,4391,2,1580,145,154,0,0,0,16
SP,63290,3511409,CERQUEIRA CÉSAR,2,4,417,6301,0,3052,250,213,3,13,2,24
SP,63312,3511508,CERQUILHO,11,3,796,18458,11,5950,723,541,7,38,4,83
SP,63339,3511607,CESÁRIO LANGE,2,1,225,6790,2,2390,169,167,0,9,1,11
SP,63355,3511706,CHARQUEADA,4,0,244,6708,3,2525,177,166,0,4,4,20
SP,63371,3557204,CHAVANTES,1,0,158,3907,1,2135,159,147,0,2,0,8
SP,63398,3511904,CLEMENTINA,1,0,73,2675,0,1217,73,48,2,1,1,7
SP,63410,3512001,COLINA,1,0,1784,5023,4,3238,165,78,0,1,2,10
SP,63436,3512100,COLÔMBIA,1,1,110,2161,1,1753,71,41,0,1,0,3
SP,63452,3512209,CONCHAL,4,7,306,11709,3,3897,303,200,0,8,2,19
SP,63479,3512308,CONCHAS,1,0,223,5863,1,2184,157,220,2,7,0,9
SP,63495,3512407,CORDEIRÓPOLIS,6,1,491,9796,11,4002,411,246,1,29,0,37
SP,63517,3512506,COROADOS,2,1,58,2118,0,840,44,35,0,1,1,2
SP,63533,3512605,CORONEL MACEDO,0,0,51,1242,0,1534,38,38,0,2,0,0
SP,63550,3512704,CORUMBATAÍ,2,0,57,1735,1,587,67,69,0,0,0,7
SP,63576,3512803,COSMÓPOLIS,9,4,989,18023,17,12237,914,450,4,45,8,119
SP,63592,3512902,COSMORAMA,0,1,101,3341,2,1770,66,64,0,3,1,3
SP,63614,3513009,COTIA,89,37,6247,65331,107,59084,5766,3731,16,325,33,610
SP,63630,3513108,CRAVINHOS,5,2,769,12009,3,5301,517,396,3,16,7,63
SP,63657,3513207,CRISTAIS PAULISTA,1,1,192,3118,2,1798,101,128,1,3,1,16
SP,63673,3513306,CRUZÁLIA,0,0,28,1051,1,446,23,21,1,0,0,1
SP,63690,3513405,CRUZEIRO,14,5,1680,23478,20,13867,1262,1271,6,46,9,149
SP,63711,3513504,CUBATÃO,47,29,2583,30373,31,31652,2073,1364,13,106,5,131
SP,63738,3513603,CUNHA,5,0,294,7621,2,4850,232,283,1,9,0,21
SP,63754,3513702,DESCALVADO,5,4,545,11312,3,4177,477,532,2,20,4,43
SP,63770,3513801,DIADEMA,94,50,9413,89832,187,125594,8356,4784,50,525,39,641
SP,63797,3513900,DIVINOLÂNDIA,0,3,179,4814,2,1763,123,134,1,2,0,21
SP,63819,3514007,DOBRADA,0,3,143,2329,4,2273,122,60,0,1,0,1
SP,63835,3514106,DOIS CÓRREGOS,3,4,339,8674,4,3689,221,240,1,7,2,14
SP,63851,3514205,DOLCINÓPOLIS,0,0,37,736,0,972,31,29,0,1,0,0
SP,63878,3514304,DOURADO,1,3,117,2967,0,1578,135,123,1,1,1,12
SP,63894,3514403,DRACENA,9,5,583,17378,9,5457,478,450,3,9,2,45
SP,63916,3514502,DUARTINA,2,0,213,4219,2,2362,126,177,1,2,1,13
SP,63932,3514601,DUMONT,0,0,268,3615,2,1523,106,76,0,6,0,5
SP,63959,3514700,ECHAPORÃ,1,1,52,2418,0,1108,43,66,1,6,0,4
SP,63975,3514809,ELDORADO,2,0,141,3950,1,3061,85,118,0,4,1,12
SP,63991,3514908,ELIAS FAUSTO,0,2,232,6844,4,2714,251,194,0,6,0,12
SP,64017,3515004,EMBU DAS ARTES,95,47,6171,61194,88,73774,4964,3288,28,254,35,400
SP,64033,3515103,EMBU-GUAÇU,23,15,1601,17338,21,15697,1280,1100,5,94,5,109
SP,64050,3515202,ESTRELA D'OESTE,1,2,102,3592,1,1352,100,122,1,3,0,8
SP,64076,3515301,ESTRELA DO NORTE,0,1,43,881,0,869,26,31,0,0,0,0
SP,64092,3515400,FARTURA,2,1,278,5029,6,3335,234,216,0,4,0,14
SP,64114,3515509,FERNANDÓPOLIS,6,15,1074,22834,5,11144,740,720,5,15,5,82
SP,64130,3515608,FERNANDO PRESTES,1,1,102,2465,2,995,63,77,0,1,1,4
SP,64157,3515707,FERRAZ DE VASCONCELOS,60,19,3810,39648,62,46739,3312,2130,14,210,27,240
SP,64173,3515806,FLORA RICA,0,0,15,543,0,431,10,14,0,1,0,0
SP,64190,3515905,FLOREAL,0,0,58,1105,0,707,42,20,1,3,0,5
SP,64211,3516002,FLÓRIDA PAULISTA,0,0,86,3552,2,1651,83,70,0,0,0,5
SP,64238,3516101,FLORÍNEA,0,1,79,1017,1,843,33,32,0,0,0,0
SP,64254,3516200,FRANCA,57,37,6394,108462,79,54199,5445,4400,28,192,25,1129
SP,64270,3516309,FRANCISCO MORATO,41,30,3442,33873,60,46068,2801,1527,10,158,21,136
SP,64297,3516408,FRANCO DA ROCHA,23,29,2749,31599,55,34732,2476,1645,13,131,15,144
SP,64319,3516507,GABRIEL MONTEIRO,0,0,44,1497,0,483,21,35,0,0,0,2
SP,64335,3516606,GÁLIA,1,1,93,1702,1,1424,48,73,0,3,1,8
SP,64351,3516705,GARÇA,6,5,571,14942,11,6384,530,620,3,17,6,58
SP,64378,3516804,GASTÃO VIDIGAL,1,0,68,987,0,1077,27,40,0,0,0,2
SP,64394,3516903,GENERAL SALGADO,0,0,121,3732,0,1723,66,104,0,2,1,11
SP,64416,3517000,GETULINA,3,0,128,2684,0,1708,55,107,2,2,0,8
SP,64432,3517109,GLICÉRIO,0,3,54,1818,1,969,44,45,0,2,0,6
SP,64459,3517208,GUAIÇARA,1,3,150,3502,2,1835,114,103,1,3,2,6
SP,64475,3517307,GUAIMBÊ,0,1,61,1750,0,1247,62,55,1,0,1,0
SP,64491,3517406,GUAÍRA,4,0,621,12619,3,5830,358,414,1,14,0,60
SP,64513,3517505,GUAPIAÇU,1,3,384,7292,2,3511,236,197,1,11,0,10
SP,64530,3517604,GUAPIARA,5,3,185,4437,6,4821,153,166,1,4,1,7
SP,64556,3517703,GUARÁ,3,0,302,5566,1,4428,192,194,0,6,1,31
SP,64572,3517802,GUARAÇAÍ,2,1,90,2866,1,1314,61,89,0,3,1,9
SP,64599,3517901,GUARACI,1,0,146,3064,1,2620,104,92,0,2,3,17
SP,64610,3518008,GUARANI D'OESTE,0,0,25,625,0,605,21,32,0,0,0,0
SP,64637,3518107,GUARANTÃ,0,2,82,2126,3,1095,51,68,0,2,0,9
SP,64653,3518206,GUARARAPES,1,2,379,11131,3,4633,354,355,2,8,5,28
SP,64670,3518305,GUARAREMA,6,1,496,12347,5,5752,458,354,5,21,1,44
SP,64696,3518404,GUARATINGUETÁ,35,14,2493,41429,37,20859,1965,2063,13,72,12,227
SP,64718,3518503,GUAREÍ,5,1,188,4369,0,1731,92,123,0,4,2,8
SP,64734,3518602,GUARIBA,7,3,854,11439,5,8112,462,427,1,9,4,41
SP,64750,3518701,GUARUJÁ,103,48,6967,89532,106,66023,5078,3791,29,309,28,428
SP,64777,3518800,GUARULHOS,336,172,29230,351178,559,286898,25059,16304,124,1302,178,2129
SP,64793,3518909,GUZOLÂNDIA,0,0,43,1286,0,1121,37,39,0,0,0,6
SP,64815,3519006,HERCULÂNDIA,0,0,73,3281,1,1452,76,58,0,1,0,5
SP,64831,3519105,IACANGA,1,0,147,4188,3,1660,131,93,0,4,0,8
SP,64858,3519204,IACRI,0,0,45,2338,0,892,38,66,0,3,0,7
SP,64874,3519303,IBATÉ,5,3,542,10283,8,6914,479,409,3,16,5,19
SP,64890,3519402,IBIRÁ,5,0,140,4868,3,1828,111,112,0,4,2,8
SP,64912,3519501,IBIRAREMA,0,0,73,2605,1,981,53,58,0,7,1,4
SP,64939,3519600,IBITINGA,9,8,810,19795,11,8698,660,579,2,22,1,65
SP,64955,3519709,IBIÚNA,13,16,1497,28049,16,12381,1087,1272,2,61,9,95
SP,64971,3519808,ICÉM,2,0,124,2435,0,1843,83,57,0,4,0,8
SP,64998,3519907,IEPÊ,0,0,99,2823,2,1494,79,71,0,2,0,6
SP,65013,3520004,IGARAÇU DO TIETÊ,8,6,329,7652,3,4316,255,289,3,14,5,17
SP,65030,3520103,IGARAPAVA,3,3,426,7253,3,5687,325,380,2,6,1,49
SP,65056,3520202,IGARATÁ,1,2,229,4241,1,2078,173,201,0,1,1,17
SP,65072,3520301,IGUAPE,5,4,344,8806,7,6014,267,246,2,12,5,24
SP,65099,3520400,ILHABELA,14,3,782,12001,14,8385,757,363,6,33,5,63
SP,65110,3520509,INDAIATUBA,77,40,5980,89515,76,43398,5202,3170,15,227,33,740
SP,65137,3520608,INDIANA,0,1,59,2042,1,939,38,52,0,2,0,8
SP,65153,3520707,INDIAPORÃ,1,1,59,1219,4,997,34,40,0,0,0,5
SP,65170,3520806,INÚBIA PAULISTA,0,2,32,1750,0,551,30,44,0,1,0,2
SP,65196,3520905,IPAUSSU,2,0,228,4762,3,2163,185,192,1,7,0,12
SP,65218,3521002,IPERÓ,7,0,515,7950,9,5940,446,287,4,28,1,19
SP,65234,3521101,IPEÚNA,1,0,81,2967,0,1047,93,64,0,6,1,8
SP,65250,3521200,IPORANGA,2,1,43,957,0,1298,52,30,0,0,0,3
SP,65277,3521309,IPUÃ,2,0,236,4115,3,3636,203,146,0,2,0,23
SP,65293,3521408,IRACEMÁPOLIS,5,1,357,9319,8,3687,322,264,2,9,2,31
SP,65315,3521507,IRAPUÃ,0,0,40,2885,0,990,61,32,0,0,0,0
SP,65331,3521606,IRAPURU,0,0,59,1984,1,1088,57,61,0,1,0,2
SP,65358,3521705,ITABERÁ,0,6,244,5931,1,3744,159,145,1,5,0,6
SP,65374,3521804,ITAÍ,0,1,348,6532,5,4939,208,188,1,4,2,16
SP,65390,3521903,ITAJOBI,0,5,176,6929,0,2044,164,134,0,3,1,11
SP,65412,3522000,ITAJU,2,0,55,1406,0,774,40,51,0,0,0,1
SP,65439,3522109,ITANHAÉM,40,19,1674,29274,45,23188,1724,1391,9,106,11,148
SP,65455,3522208,ITAPECERICA DA SERRA,52,24,3482,37068,45,44540,3234,1984,9,153,20,222
SP,65471,3522307,ITAPETININGA,36,18,2436,55271,37,22147,2126,1963,10,77,12,195
SP,65498,3522406,ITAPEVA,9,8,1337,30581,12,15240,1074,897,4,42,5,84
SP,65510,3522505,ITAPEVI,45,29,5118,49798,75,56175,4295,2888,19,216,18,253
SP,65536,3522604,ITAPIRA,17,6,1237,25885,12,10212,1004,914,4,42,6,149
SP,65552,3522703,ITÁPOLIS,3,4,573,14916,3,5184,422,356,1,18,5,28
SP,65579,3522802,ITAPORANGA,0,2,192,4862,1,2636,115,124,0,3,2,11
SP,65595,3522901,ITAPUÍ,4,2,206,4349,2,2256,160,136,0,3,0,7
SP,65617,3523008,ITAPURA,2,1,77,793,0,1583,34,36,0,3,0,1
SP,65633,3523107,ITAQUAQUECETUBA,84,41,7259,79910,94,83516,5986,3768,27,315,30,347
SP,65650,3523206,ITARARÉ,10,1,738,15088,6,7095,486,524,3,23,1,52
SP,65676,3523305,ITARIRI,1,2,122,4051,0,2381,132,123,0,5,1,13
SP,65692,3523404,ITATIBA,28,22,2328,40307,33,18113,2155,1631,8,109,20,294
SP,65714,3523503,ITATINGA,3,1,361,5954,1,3203,215,220,1,8,0,14
SP,65730,3523602,ITIRAPINA,2,3,183,4246,0,2573,170,141,3,3,3,15
SP,65757,3523701,ITIRAPUÃ,0,0,97,1709,2,1685,55,81,0,0,0,10
SP,65773,3523800,ITOBI,1,0,132,2606,2,1516,82,102,0,1,0,5
SP,65790,3523909,ITU,37,24,3361,55736,56,26916,3023,2298,12,139,8,325
SP,65811,3524006,ITUPEVA,16,5,1348,21462,11,10639,1064,793,4,46,7,139
SP,65838,3524105,ITUVERAVA,6,0,501,11847,7,6613,381,411,2,11,0,76
SP,65854,3524204,JABORANDI,1,1,196,2035,0,1469,52,35,0,0,0,0
SP,65870,3524303,JABOTICABAL,6,8,1254,22901,20,11143,903,1038,2,52,7,112
SP,65897,3524402,JACAREÍ,62,21,4424,75767,154,41901,4092,2830,12,224,23,529
SP,65919,3524501,JACI,0,0,110,2553,0,1439,97,80,0,2,1,12
SP,65935,3524600,JACUPIRANGA,8,1,235,5889,4,2404,189,171,0,10,0,13
SP,65951,3524709,JAGUARIÚNA,7,12,1167,21186,20,9461,1110,777,7,68,4,174
SP,65978,3524808,JALES,6,9,664,18113,12,7063,570,444,4,25,4,44
SP,65994,3524907,JAMBEIRO,2,3,131,2255,0,1191,78,91,0,6,0,9
SP,66010,3525003,JANDIRA,27,13,2343,25516,38,24546,2058,1383,10,93,13,177
SP,66036,3525102,JARDINÓPOLIS,7,2,709,13263,12,6140,458,503,3,18,4,61
SP,66052,3525201,JARINU,12,4,643,11454,10,5802,560,410,1,27,6,71
SP,66079,3525300,JAÚ,21,11,1968,51878,24,17705,1849,1623,10,81,17,157
SP,66095,3525409,JERIQUARA,1,0,136,1270,0,1060,41,31,0,3,0,7
SP,66117,3525508,JOANÓPOLIS,3,2,205,4751,4,1865,159,165,0,6,0,28
SP,66133,3525607,JOÃO RAMALHO,0,1,57,1369,0,949,30,26,0,1,1,4
SP,66150,3525706,JOSÉ BONIFÁCIO,1,5,628,13238,6,5461,466,402,2,21,3,40
SP,66176,3525805,JÚLIO MESQUITA,0,0,58,1281,2,1188,44,34,0,2,0,2
SP,66192,3525904,JUNDIAÍ,116,63,10851,145880,161,76564,9927,6191,56,491,48,1484
SP,66214,3526001,JUNQUEIRÓPOLIS,1,1,288,6784,2,2679,227,164,0,3,1,23
SP,66230,3526100,JUQUIÁ,4,3,219,6200,5,3585,200,192,2,8,2,13
SP,66257,3526209,JUQUITIBA,9,1,660,8344,9,6972,401,406,2,19,0,22
SP,66273,3526308,LAGOINHA,1,0,136,2298,1,1392,79,137,0,2,0,8
SP,66290,3526407,LARANJAL PAULISTA,4,2,386,10912,4,3192,347,284,1,8,3,24
SP,66311,3526506,LAVÍNIA,0,0,75,1604,0,1062,50,39,0,5,0,4
SP,66338,3526605,LAVRINHAS,1,1,197,2430,1,1822,111,125,0,7,0,8
SP,66354,3526704,LEME,11,5,1368,34155,13,15762,1188,1071,6,60,8,115
SP,66370,3526803,LENÇÓIS PAULISTA,4,6,1113,26942,11,8014,1005,743,9,28,3,119
SP,66397,3526902,LIMEIRA,56,33,4950,118783,72,39100,4732,2948,25,214,18,519
SP,66419,3527009,LINDÓIA,0,0,77,3103,1,1095,111,83,1,1,0,14
SP,66435,3527108,LINS,17,9,1013,26053,17,9307,955,861,5,34,4,88
SP,66451,3527207,LORENA,17,8,1551,28205,29,14475,1330,1172,6,48,10,147
SP,66478,3527306,LOUVEIRA,10,4,1201,18102,9,8855,908,466,2,29,5,99
SP,66494,3527405,LUCÉLIA,6,1,248,6101,6,2762,202,164,0,5,0,7
SP,66516,3527504,LUCIANÓPOLIS,0,0,31,843,0,657,27,20,0,0,0,2
SP,66532,3527603,LUÍS ANTÔNIO,2,1,260,3859,4,2706,196,115,3,8,1,15
SP,66559,3527702,LUIZIÂNIA,0,0,67,1719,1,1050,26,30,0,0,0,4
SP,66575,3527801,LUPÉRCIO,0,2,38,1280,0,993,34,49,0,1,0,1
SP,66591,3527900,LUTÉCIA,0,1,28,968,1,747,22,33,0,1,0,3
SP,66613,3528007,MACATUBA,5,0,262,6232,1,2586,212,167,0,4,3,20
SP,66630,3528106,MACAUBAL,1,1,124,3176,0,1161,65,68,0,2,0,16
SP,66656,3528205,MACEDÔNIA,0,2,58,1827,1,898,46,91,0,0,0,0
SP,66672,3528304,MAGDA,0,0,52,1225,1,789,30,20,0,0,0,0
SP,66699,3528403,MAIRINQUE,14,5,1175,14763,18,10289,977,729,2,51,11,103
SP,66710,3528502,MAIRIPORÃ,22,11,1589,27633,16,16105,1335,1143,9,93,13,162
SP,66737,3528601,MANDURI,2,0,232,3140,2,1603,110,132,0,4,0,9
SP,66753,3528700,MARABÁ PAULISTA,0,0,35,998,0,1071,19,40,0,1,0,4
SP,66770,3528809,MARACAÍ,4,0,161,5095,3,2450,151,137,1,13,0,12
SP,66796,3528908,MARIÁPOLIS,1,0,63,1273,1,784,26,57,0,1,2,0
SP,66818,3529005,MARÍLIA,46,28,3463,83178,64,32441,3162,2502,16,135,17,300
SP,66834,3529104,MARINÓPOLIS,1,0,21,749,0,562,25,19,0,0,0,0
SP,66850,3529203,MARTINÓPOLIS,3,2,338,8092,4,4223,217,273,3,8,0,12
SP,66877,3529302,MATÃO,17,7,1457,28421,22,15256,1031,944,5,33,4,121
SP,66893,3529401,MAUÁ,98,65,9634,95900,126,102086,8487,4921,49,696,53,572
SP,66915,3529500,MENDONÇA,1,1,74,2407,0,1301,59,42,0,1,0,5
SP,66931,3529609,MERIDIANO,0,0,58,1683,0,958,98,38,0,0,0,4
SP,66958,3529708,MIGUELÓPOLIS,2,1,225,6124,1,4441,169,157,0,2,0,25
SP,66974,3529807,MINEIROS DO TIETÊ,0,0,178,4286,1,1592,118,122,0,5,0,11
SP,66990,3529906,MIRACATU,3,7,208,6295,2,3758,164,174,1,7,0,11
SP,67016,3530003,MIRA ESTRELA,1,1,40,1237,0,785,21,36,0,1,1,2
SP,67032,3530102,MIRANDÓPOLIS,2,1,305,8475,2,3216,261,247,0,9,1,15
SP,67059,3530201,MIRANTE DO PARANAPANEMA,1,2,172,3937,1,4500,121,107,3,2,0,2
SP,67075,3530300,MIRASSOL,9,5,974,21179,19,8899,832,701,3,37,4,92
SP,67091,3530409,MIRASSOLÂNDIA,1,1,83,1892,1,986,41,53,0,1,0,2
SP,67113,3530508,MOCOCA,9,9,1274,21848,16,9944,651,799,5,27,6,127
SP,67130,3530607,MOGI DAS CRUZES,110,74,9566,124249,154,88346,8987,6751,41,548,71,1041
SP,67156,3530706,MOGI GUAÇU,28,17,2742,57443,34,21740,2366,1790,17,91,9,263
SP,67172,3530805,MOGI MIRIM,20,14,1597,33902,20,12646,1343,1169,10,46,11,198
SP,67199,3530904,MOMBUCA,2,0,60,1613,2,577,46,38,0,2,0,4
SP,67210,3531001,MONÇÕES,0,0,43,985,0,550,34,37,0,0,0,0
SP,67237,3531100,MONGAGUÁ,19,7,917,15684,21,14198,1016,877,12,66,2,86
SP,67253,3531209,MONTE ALEGRE DO SUL,3,1,134,3096,0,1270,113,116,0,5,2,24
SP,67270,3531308,MONTE ALTO,8,3,1019,17490,11,6401,635,669,0,21,1,78
SP,67296,3531407,MONTE APRAZÍVEL,0,3,311,7723,1,3829,300,252,1,10,1,43
SP,67318,3531506,MONTE AZUL PAULISTA,2,4,374,7069,4,2763,173,191,2,8,2,17
SP,67334,3531605,MONTE CASTELO,0,0,26,1442,0,973,44,33,0,0,0,3
SP,67350,3531704,MONTEIRO LOBATO,0,0,70,1561,0,1179,47,56,0,5,0,12
SP,67377,3531803,MONTE MOR,13,7,1235,18255,18,13140,1015,699,1,55,2,86
SP,67393,3531902,MORRO AGUDO,3,1,422,8632,3,5236,289,288,0,10,3,30
SP,67415,3532009,MORUNGABA,3,0,213,5462,2,2073,186,175,3,5,0,19
SP,67431,3532108,MURUTINGA DO SUL,0,0,34,1590,0,755,50,21,0,0,1,1
SP,67458,3532207,NARANDIBA,0,1,124,1749,0,1459,45,55,0,2,0,2
SP,67474,3532306,NATIVIDADE DA SERRA,1,2,112,2508,2,1341,82,118,0,1,3,6
SP,67490,3532405,NAZARÉ PAULISTA,4,2,379,6534,4,3115,224,364,4,12,3,11
SP,67512,3532504,NEVES PAULISTA,2,1,146,3180,0,1709,102,112,1,1,1,20
SP,67539,3532603,NHANDEARA,0,1,172,3928,1,1384,82,85,0,3,0,10
SP,67555,3532702,NIPOÃ,0,2,97,1703,0,994,46,38,0,0,0,2
SP,67571,3532801,NOVA ALIANÇA,2,1,117,2578,2,1156,53,63,0,1,0,5
SP,67598,3532900,NOVA EUROPA,3,0,206,2485,2,2382,132,69,1,2,1,10
SP,67610,3533007,NOVA GRANADA,2,2,251,5963,3,4018,214,185,0,5,1,14
SP,67636,3533106,NOVA GUATAPORANGA,0,1,22,792,0,605,20,10,0,0,0,1
SP,67652,3533205,NOVA INDEPENDÊNCIA,1,2,46,1451,2,945,30,31,0,0,0,1
SP,67679,3533304,NOVA LUZITÂNIA,0,0,78,967,0,882,38,34,0,0,0,2
SP,67695,3533403,NOVA ODESSA,14,13,1372,22205,11,11562,1157,649,7,48,8,115
SP,67717,3533502,NOVO HORIZONTE,4,1,435,14302,2,5217,416,341,3,11,1,39
SP,67733,3533601,NUPORANGA,1,0,98,2813,0,1305,109,87,1,4,0,19
SP,67750,3533700,OCAUÇU,0,0,51,1480,1,894,36,53,0,0,0,1
SP,67776,3533809,ÓLEO,1,0,67,1129,2,566,28,45,0,1,0,0
SP,67792,3533908,OLÍMPIA,5,3,1082,19840,6,8606,694,605,5,18,7,61
SP,67814,3534005,ONDA VERDE,0,0,106,1826,1,1167,54,61,0,1,0,6
SP,67830,3534104,ORIENTE,0,1,62,2438,1,1135,68,51,0,2,0,8
SP,67857,3534203,ORINDIÚVA,1,0,131,1996,0,1445,76,50,0,2,0,8
SP,67873,3534302,ORLÂNDIA,12,3,638,13024,7,6990,502,612,3,22,6,76
SP,67890,3534401,OSASCO,225,152,17295,191726,307,182778,16086,10481,83,885,112,1627
SP,67911,3534500,OSCAR BRESSANE,0,0,27,1295,0,432,23,35,0,0,0,3
SP,67938,3534609,OSVALDO CRUZ,7,4,388,11605,6,3830,280,314,0,9,2,30
SP,67954,3534708,OURINHOS,8,13,1776,33838,19,17114,1381,1282,8,41,16,111
SP,67970,3534807,OURO VERDE,0,1,84,2364,1,1796,50,51,0,3,1,4
SP,67997,3534906,PACAEMBU,0,2,111,3593,0,1597,95,86,1,2,0,3
SP,68012,3535002,PALESTINA,0,1,154,3916,0,2217,90,134,0,1,0,7
SP,68039,3535101,PALMARES PAULISTA,1,3,182,3152,2,2187,94,76,1,2,0,11
SP,68055,3535200,PALMEIRA D'OESTE,0,1,139,3295,0,1754,93,91,0,2,1,10
SP,68071,3535309,PALMITAL,6,3,284,7880,3,3290,256,194,1,8,2,23
SP,68098,3535408,PANORAMA,0,0,138,4551,1,2531,113,83,1,2,0,9
SP,68110,3535507,PARAGUAÇU PAULISTA,6,2,501,12647,9,7446,405,382,1,14,3,30
SP,68136,3535606,PARAIBUNA,2,0,293,5564,5,4210,263,170,4,7,2,22
SP,68152,3535705,PARAÍSO,1,0,106,2314,0,940,61,63,0,2,1,6
SP,68179,3535804,PARANAPANEMA,1,1,264,6313,2,3529,162,115,0,2,1,9
SP,68195,3535903,PARANAPUÃ,0,0,43,1610,1,943,24,33,0,0,0,2
SP,68217,3536000,PARAPUÃ,2,3,115,3650,2,1602,94,96,1,3,0,6
SP,68233,3536109,PARDINHO,1,1,116,2714,0,1254,102,94,0,6,1,8
SP,68250,3536208,PARIQUERA-AÇU,5,3,245,7032,3,2894,247,130,3,11,3,12
SP,68276,3536307,PATROCÍNIO PAULISTA,1,1,281,4628,2,2474,132,248,1,2,1,43
SP,68292,3536406,PAULICÉIA,2,0,84,2771,1,1341,56,52,1,0,0,0
SP,68314,3536505,PAULÍNIA,55,20,2695,39264,46,23575,2402,1232,12,127,16,324
SP,68330,3536604,PAULO DE FARIA,0,1,108,2130,2,1832,80,71,0,1,1,3
SP,68357,3536703,PEDERNEIRAS,2,7,695,16572,11,6409,599,424,3,11,3,44
SP,68373,3536802,PEDRA BELA,1,3,102,2189,3,1125,87,80,0,1,0,7
SP,68390,3536901,PEDRANÓPOLIS,0,0,42,1158,0,704,54,21,0,0,0,1
SP,68411,3537008,PEDREGULHO,0,1,187,4448,0,4022,184,121,0,2,0,38
SP,68438,3537107,PEDREIRA,1,2,651,17474,6,5780,657,441,2,22,3,87
SP,68454,3537206,PEDRO DE TOLEDO,5,0,149,2824,0,2065,125,102,1,7,0,7
SP,68470,3537305,PENÁPOLIS,7,5,900,21170,8,9312,650,603,5,22,5,49
SP,68497,3537404,PEREIRA BARRETO,0,5,317,7498,2,4868,241,246,0,5,3,15
SP,68519,3537503,PEREIRAS,1,0,131,2918,0,1463,92,96,0,1,0,2
SP,68535,3537602,PERUÍBE,21,9,1180,21904,22,15550,1152,952,9,84,13,98
SP,68551,3537701,PIACATU,0,3,68,2151,0,1084,38,30,0,1,0,1
SP,68578,3537800,PIEDADE,14,3,928,17910,17,9014,744,823,4,31,3,50
SP,68594,3537909,PILAR DO SUL,1,4,416,10501,4,4458,305,331,0,14,5,36
SP,68616,3538006,PINDAMONHANGABA,45,17,3307,52407,61,27531,2614,2428,11,134,14,358
SP,68632,3538105,PINDORAMA,1,2,224,5292,1,2204,164,129,0,6,0,11
SP,68659,3515186,ESPÍRITO SANTO DO PINHAL,5,4,815,13097,12,6613,634,855,2,25,5,76
SP,68675,3538204,PINHALZINHO,5,0,204,5431,4,2277,162,181,0,8,3,26
SP,68691,3538303,PIQUEROBI,0,0,44,1196,0,941,22,14,0,0,0,0
SP,68713,3538501,PIQUETE,3,4,222,4334,4,2188,146,221,2,7,0,27
SP,68730,3538600,PIRACAIA,14,6,562,10426,7,4282,401,434,0,31,5,54
SP,68756,3538709,PIRACICABA,82,54,7284,143775,150,62618,6887,4802,42,308,36,917
SP,68772,3538808,PIRAJU,3,0,600,8961,4,5085,407,370,1,13,3,27
SP,68799,3538907,PIRAJUÍ,3,0,267,6696,9,3215,246,234,0,7,3,22
SP,68810,3539004,PIRANGI,1,1,146,4168,0,1354,122,127,0,2,0,3
SP,68837,3539103,PIRAPORA DO BOM JESUS,8,4,319,4634,6,4626,340,171,1,12,1,20
SP,68853,3539202,PIRAPOZINHO,6,2,433,8574,4,4853,330,307,1,8,0,18
SP,68870,3539301,PIRASSUNUNGA,11,14,1251,26402,20,10388,1081,1099,6,46,20,185
SP,68896,3539400,PIRATININGA,7,1,203,5067,3,1933,188,177,0,5,0,29
SP,68918,3539509,PITANGUEIRAS,1,3,520,10212,4,7041,407,314,1,15,2,54
SP,68934,3539608,PLANALTO,0,0,51,1600,1,1182,46,20,0,2,0,2
SP,68950,3539707,PLATINA,0,1,35,1365,0,563,47,21,0,0,0,0
SP,68977,3539806,POÁ,34,23,2653,31643,50,29359,2657,1659,12,164,18,203
SP,68993,3539905,POLONI,0,0,73,2137,1,1114,41,55,0,0,0,2
SP,69019,3540002,POMPÉIA,2,2,265,8930,4,2549,263,200,1,4,0,20
SP,69035,3540101,PONGAÍ,1,0,51,1499,0,586,33,38,0,3,0,0
SP,69051,3540200,PONTAL,5,2,664,11460,5,8148,480,444,3,16,1,56
SP,69078,3540309,PONTES GESTAL,0,0,39,1049,0,609,23,21,0,0,0,1
SP,69094,3540408,POPULINA,0,1,38,1280,1,1317,40,46,0,0,1,2
SP,69116,3540507,PORANGABA,1,2,114,3165,2,1844,74,114,0,6,0,11
SP,69132,3540606,PORTO FELIZ,18,3,977,20277,17,8121,817,591,4,40,1,68
SP,69159,3540705,PORTO FERREIRA,10,3,1014,18883,14,7306,750,777,4,22,3,75
SP,69175,3540804,POTIRENDABA,0,2,248,6684,4,3030,178,193,0,6,2,16
SP,69191,3540903,PRADÓPOLIS,6,0,422,6051,2,3605,290,187,0,3,3,25
SP,69213,3541000,PRAIA GRANDE,85,32,6066,98944,116,66444,6035,4122,26,360,36,454
SP,69230,3541109,PRESIDENTE ALVES,0,0,62,1399,3,906,33,57,0,2,0,1
SP,69256,3541208,PRESIDENTE BERNARDES,4,2,154,4540,2,2362,121,96,0,0,0,12
SP,69272,3541307,PRESIDENTE EPITÁCIO,2,5,457,11934,4,7733,434,344,0,15,3,25
SP,69299,3541406,PRESIDENTE PRUDENTE,29,13,3035,80401,44,33929,3044,2678,14,105,18,265
SP,69310,3541505,PRESIDENTE VENCESLAU,5,0,439,12868,2,5014,372,391,1,5,1,39
SP,69337,3541604,PROMISSÃO,8,3,455,10868,8,6110,367,365,5,12,2,18
SP,69353,3541703,QUATÁ,0,0,181,4814,2,2182,139,119,0,3,1,9
SP,69370,3541802,QUEIROZ,0,0,28,1410,1,869,23,18,0,2,0,1
SP,69396,3541901,QUELUZ,1,1,177,2446,2,2385,141,83,0,5,0,9
SP,69418,3542008,QUINTANA,2,0,75,2568,0,1101,62,45,0,5,0,4
SP,69434,3542107,RAFARD,1,0,157,3890,1,1446,140,98,0,9,3,15
SP,69450,3542206,RANCHARIA,5,0,358,9527,8,5825,367,527,1,8,2,20
SP,69477,3542305,REDENÇÃO DA SERRA,1,0,95,1689,0,1155,56,106,1,3,1,3
SP,69493,3542404,REGENTE FEIJÓ,5,3,284,7406,2,3669,217,215,2,13,0,15
SP,69515,3542503,REGINÓPOLIS,0,0,83,2430,1,833,59,89,1,2,0,6
SP,69531,3542602,REGISTRO,17,7,821,19326,12,10853,871,671,9,42,4,67
SP,69558,3542701,RESTINGA,1,2,140,2653,1,1931,144,60,0,3,0,7
SP,69574,3542800,RIBEIRA,0,0,25,955,0,1084,28,30,1,3,0,1
SP,69590,3542909,RIBEIRÃO BONITO,1,1,137,3168,2,2306,144,120,0,5,1,15
SP,69612,3543006,RIBEIRÃO BRANCO,2,4,174,5703,3,4340,141,116,0,2,0,4
SP,69639,3543105,RIBEIRÃO CORRENTE,2,0,71,1686,0,1279,45,50,0,0,0,8
SP,69655,3543204,RIBEIRÃO DO SUL,0,0,62,1684,0,1206,56,42,0,1,0,6
SP,69671,3543303,RIBEIRÃO PIRES,48,14,2847,30399,53,26550,2456,1644,18,136,17,215
SP,69698,3543402,RIBEIRÃO PRETO,122,96,14498,188761,195,116116,10657,8426,51,600,56,2065
SP,69710,3543501,RIVERSUL,1,1,63,1875,0,1335,67,64,0,0,2,2
SP,69736,3543600,RIFAINA,1,0,84,2204,1,1254,65,45,0,2,0,19
SP,69752,3543709,RINCÃO,3,0,147,2459,2,2319,77,69,0,2,2,8
SP,69779,3543808,RINÓPOLIS,1,2,109,3648,0,1275,78,70,0,3,0,4
SP,69795,3543907,RIO CLARO,34,36,3609,71036,67,31307,3210,2212,18,165,31,363
SP,69817,3544004,RIO DAS PEDRAS,10,2,618,12313,8,5198,434,313,0,23,1,35
SP,69833,3544103,RIO GRANDE DA SERRA,15,7,1038,10158,20,12124,808,482,7,73,7,58
SP,69850,3544202,RIOLÂNDIA,0,1,89,2721,0,2345,53,55,0,1,0,2
SP,69876,3544301,ROSEIRA,2,1,250,3895,3,2052,161,153,2,1,0,10
SP,69892,3544400,RUBIÁCEA,0,0,35,1115,0,543,10,33,1,0,0,0
SP,69914,3544509,RUBINÉIA,0,2,65,1778,1,894,31,58,0,1,2,12
SP,69930,3544608,SABINO,0,0,44,1798,0,1027,39,71,0,0,0,1
SP,69957,3544707,SAGRES,0,0,38,792,0,601,22,20,1,1,0,1
SP,69973,3544806,SALES,0,0,70,2839,1,963,55,56,0,2,0,5
SP,69990,3544905,SALES OLIVEIRA,0,0,192,4088,1,1764,179,189,0,7,0,15
SP,70017,3545001,SALESÓPOLIS,2,4,388,6471,2,3595,340,368,2,9,5,31
SP,70033,3545100,SALMOURÃO,0,0,45,1750,0,919,24,27,0,1,0,0
SP,70050,3545209,SALTO,23,25,2897,41488,47,22773,2595,1626,13,110,10,212
SP,70076,3545308,SALTO DE PIRAPORA,9,6,756,12779,8,7346,608,428,1,37,4,44
SP,70092,3545407,SALTO GRANDE,0,1,135,2928,4,1538,92,100,0,4,2,21
SP,70114,3545506,SANDOVALINA,0,0,78,1199,1,1966,27,38,0,0,0,3
SP,70130,3545605,SANTA ADÉLIA,1,2,245,4822,1,2395,161,200,2,8,2,10
SP,70157,3545704,SANTA ALBERTINA,0,0,67,2527,0,1224,54,47,0,1,0,2
SP,70173,3545803,SANTA BÁRBARA D'OESTE,39,20,3895,67949,41,29759,3026,1989,8,122,7,318
SP,70190,3500550,ÁGUAS DE SANTA BÁRBARA,2,3,94,2545,1,1024,74,55,0,1,1,7
SP,70211,3546009,SANTA BRANCA,3,1,242,5210,4,2769,215,242,0,3,3,23
SP,70238,3546108,SANTA CLARA D'OESTE,0,0,40,1075,0,623,17,30,0,1,0,1
SP,70254,3546207,SANTA CRUZ DA CONCEIÇÃO,1,0,78,2156,2,717,52,63,1,1,0,7
SP,70270,3546306,SANTA CRUZ DAS PALMEIRAS,4,3,461,9169,7,4756,374,439,0,15,0,27
SP,70297,3546405,SANTA CRUZ DO RIO PARDO,3,5,704,17550,13,5535,479,429,0,15,6,42
SP,70319,3546504,SANTA ERNESTINA,1,1,135,2176,2,1408,64,60,0,1,1,7
SP,70335,3546603,SANTA FÉ DO SUL,4,2,482,12581,6,4718,380,330,2,8,2,32
SP,70351,3546702,SANTA GERTRUDES,10,4,380,9526,6,4029,417,229,0,9,2,28
SP,70378,3546801,SANTA ISABEL,7,16,1055,18316,7,10116,857,785,2,28,3,74
SP,70394,3546900,SANTA LÚCIA,0,0,162,1969,4,2202,129,78,0,4,0,9
SP,70416,3547007,SANTA MARIA DA SERRA,0,0,62,2008,3,874,34,38,0,0,0,3
SP,70432,3547106,SANTA MERCEDES,0,0,40,1104,0,754,18,23,0,0,0,0
SP,70459,3547205,SANTANA DA PONTE PENSA,1,2,41,828,0,450,13,33,0,0,0,3
SP,70475,3547304,SANTANA DE PARNAÍBA,40,15,3419,43095,49,29460,3570,1913,9,124,26,467
SP,70491,3547403,SANTA RITA D'OESTE,1,0,37,1075,0,689,34,39,1,2,1,5
SP,70513,3547502,SANTA RITA DO PASSA QUATRO,2,0,402,9696,4,3445,361,384,1,13,1,53
SP,70530,3547601,SANTA ROSA DE VITERBO,3,3,508,7067,5,4638,320,352,1,11,2,31
SP,70556,3547700,SANTO ANASTÁCIO,4,1,262,6430,1,3568,194,195,2,7,2,3
SP,70572,3547809,SANTO ANDRÉ,202,114,17802,195045,303,170225,16436,10051,98,932,100,1835
SP,70599,3547908,SANTO ANTÔNIO DA ALEGRIA,0,0,151,2377,0,1604,36,63,0,3,0,21
SP,70610,3548005,SANTO ANTÔNIO DE POSSE,8,2,301,8227,5,3394,255,232,0,10,3,28
SP,70637,3548104,SANTO ANTÔNIO DO JARDIM,1,0,117,2396,2,1079,90,72,0,3,0,19
SP,70653,3548203,SANTO ANTÔNIO DO PINHAL,1,1,142,2723,3,1527,128,128,2,3,0,20
SP,70670,3548302,SANTO EXPEDITO,0,0,39,1069,0,785,15,35,0,2,1,2
SP,70696,3548401,SANTÓPOLIS DO AGUAPEÍ,0,0,47,1616,1,841,30,27,1,0,1,6
SP,70718,3548500,SANTOS,149,89,9289,125561,156,98538,9666,6939,73,566,58,1206
SP,70734,3548609,SÃO BENTO DO SAPUCAÍ,3,0,244,4061,1,2098,195,185,0,3,2,28
SP,70750,3548708,SÃO BERNARDO DO CAMPO,207,114,20524,192478,389,215232,18211,9815,97,1033,118,1933
SP,70777,3548807,SÃO CAETANO DO SUL,49,22,4890,63410,98,39455,5168,3322,18,243,29,811
SP,70793,3548906,SÃO CARLOS,52,34,4161,69472,140,57731,4564,3415,27,294,35,517
SP,70815,3549003,SÃO FRANCISCO,0,2,31,1081,0,711,25,38,0,2,0,4
SP,70831,3549102,SÃO JOÃO DA BOA VISTA,17,7,1536,30945,25,14238,1366,1410,4,67,8,252
SP,70858,3549201,SÃO JOÃO DAS DUAS PONTES,0,1,41,850,0,809,25,12,0,1,0,0
SP,70874,3549300,SÃO JOÃO DO PAU D'ALHO,0,1,29,735,0,640,27,36,0,0,0,2
SP,70890,3549409,SÃO JOAQUIM DA BARRA,2,5,946,14014,11,9890,575,539,6,26,8,67
SP,70912,3549508,SÃO JOSÉ DA BELA VISTA,0,0,101,2327,1,2052,71,79,0,3,0,9
SP,70939,3549607,SÃO JOSÉ DO BARREIRO,1,0,72,1225,2,1280,32,59,0,4,0,8
SP,70955,3549706,SÃO JOSÉ DO RIO PARDO,4,5,986,17402,10,8042,696,796,3,17,1,107
SP,70971,3549805,SÃO JOSÉ DO RIO PRETO,77,59,8735,156807,130,71275,7027,5606,23,259,40,1012
SP,70998,3549904,SÃO JOSÉ DOS CAMPOS,210,62,15476,240721,479,136451,14299,8645,87,644,79,2564
SP,71013,3550001,SÃO LUÍS DO PARAITINGA,1,3,199,3899,4,3105,186,203,2,4,0,16
SP,71030,3550100,SÃO MANUEL,6,6,665,13164,12,6565,449,467,3,22,3,32
SP,71056,3550209,SÃO MIGUEL ARCANJO,5,7,434,10990,1,5493,358,408,1,16,2,23
SP,71072,3550308,SÃO PAULO,3194,1868,249496,2760747,5667,3052349,249725,177516,1652,15181,1862,33563
SP,71099,3550407,SÃO PEDRO,11,11,460,13897,6,5034,454,388,2,25,3,50
SP,71110,3550506,SÃO PEDRO DO TURVO,1,0,78,2612,0,1478,60,43,0,4,0,6
SP,71137,3550605,SÃO ROQUE,25,6,1731,23452,22,15462,1461,1312,13,67,7,146
SP,71153,3550704,SÃO SEBASTIÃO,22,21,1806,25027,21,21005,1387,693,6,65,8,132
SP,71170,3550803,SÃO SEBASTIÃO DA GRAMA,0,0,183,3612,2,1864,137,157,0,4,2,35
SP,71196,3550902,SÃO SIMÃO,1,3,371,4559,1,2718,203,210,1,9,1,22
SP,71218,3551009,SÃO VICENTE,97,52,6044,87214,99,73549,6011,4042,33,358,44,449
SP,71234,3551108,SARAPUÍ,1,0,150,3184,3,2083,93,81,0,5,0,2
SP,71250,3551207,SARUTAIÁ,0,0,56,1080,0,1062,23,29,0,5,0,6
SP,71277,3551306,SEBASTIANÓPOLIS DO SUL,0,1,85,1499,0,637,33,45,1,0,2,4
SP,71293,3551405,SERRA AZUL,0,1,194,2695,0,2349,113,58,0,6,1,12
SP,71315,3551504,SERRANA,4,2,953,13353,7,9465,624,455,3,40,2,80
SP,71331,3551603,SERRA NEGRA,5,4,460,10696,8,4418,346,399,2,10,1,57
SP,71358,3551702,SERTÃOZINHO,18,22,2541,38741,38,24907,1956,1489,10,82,7,242
SP,71374,3551801,SETE BARRAS,1,1,131,4398,1,2455,100,129,0,3,1,8
SP,71390,3551900,SEVERÍNIA,1,3,255,5495,5,3164,125,119,1,1,0,10
SP,71412,3552007,SILVEIRAS,1,1,129,2205,0,1510,79,158,0,3,0,5
SP,71439,3552106,SOCORRO,8,5,665,16614,8,4835,574,631,3,18,1,85
SP,71455,3552205,SOROCABA,178,102,15819,222939,259,129576,14567,8358,79,809,72,1613
SP,71471,3552304,SUD MENNUCCI,1,0,60,2367,0,1857,51,41,0,0,2,10
SP,71498,3552403,SUMARÉ,65,26,4787,81394,75,53018,4322,2302,24,197,26,432
SP,71510,3552502,SUZANO,99,51,6509,83257,113,68212,6178,3903,29,395,50,469
SP,71536,3552601,TABAPUÃ,2,0,129,4570,1,1748,114,90,1,1,2,10
SP,71552,3552700,TABATINGA,2,0,164,4883,3,2624,138,122,0,5,0,7
SP,71579,3552809,TABOÃO DA SERRA,87,43,6918,62653,116,79435,5895,3959,25,341,31,548
SP,71595,3552908,TACIBA,0,0,71,2098,0,1659,85,55,0,2,0,3
SP,71617,3553005,TAGUAÍ,1,0,205,4395,1,2279,135,92,0,5,0,4
SP,71633,3553104,TAIAÇU,0,0,69,1901,0,1319,48,49,0,0,0,0
SP,71650,3553203,TAIÚVA,0,3,102,2234,0,893,51,59,0,5,0,5
SP,71676,3553302,TAMBAÚ,3,3,399,6296,2,4187,315,398,1,13,1,30
SP,71692,3553401,TANABI,4,3,468,9496,7,4376,294,304,0,9,0,23
SP,71714,3553500,TAPIRAÍ,0,2,87,2520,2,1573,95,102,2,5,0,8
SP,71730,3553609,TAPIRATIBA,3,2,220,3626,0,2707,149,165,0,2,3,37
SP,71757,3553708,TAQUARITINGA,16,10,1001,16556,13,8644,537,664,2,22,3,67
SP,71773,3553807,TAQUARITUBA,2,0,372,7881,3,4667,293,195,3,8,1,18
SP,71790,3553906,TARABAI,1,1,101,1937,0,1742,90,53,0,2,1,8
SP,71811,3554003,TATUÍ,20,7,1996,40608,26,16465,1609,1341,2,86,11,118
SP,71838,3554102,TAUBATÉ,74,46,6569,104820,109,50107,6170,5173,26,267,24,969
SP,71854,3554201,TEJUPÁ,1,0,38,1336,1,1133,40,34,0,0,0,3
SP,71870,3554300,TEODORO SAMPAIO,1,3,212,5660,3,5812,162,108,0,7,0,11
SP,71897,3554409,TERRA ROXA,0,1,176,2805,0,1640,69,87,1,6,0,9
SP,71919,3554508,TIETÊ,10,4,741,14607,5,5460,592,489,2,37,9,46
SP,71935,3554607,TIMBURI,2,0,48,1018,1,648,28,42,0,1,0,0
SP,71951,3554706,TORRINHA,0,0,101,3581,3,1150,69,96,0,7,0,13
SP,71978,3554805,TREMEMBÉ,12,5,749,13500,4,6688,718,667,1,30,2,75
SP,71994,3554904,TRÊS FRONTEIRAS,2,0,77,2292,0,1274,72,73,2,2,0,3
SP,72010,3555000,TUPÃ,11,4,943,23559,3,8245,767,754,6,14,4,55
SP,72036,3555109,TUPI PAULISTA,2,3,220,5227,1,2263,150,165,0,2,4,9
SP,72052,3555208,TURIÚBA,0,0,28,821,0,349,16,28,0,1,0,1
SP,72079,3555307,TURMALINA,0,1,38,668,0,627,28,56,0,0,0,1
SP,72095,3555406,UBATUBA,12,11,1506,33252,33,18571,1526,854,9,65,5,170
SP,72117,3555505,UBIRAJARA,0,1,58,1720,1,1022,41,34,0,0,1,5
SP,72133,3555604,UCHOA,1,0,220,3605,1,1932,119,144,0,3,0,16
SP,72150,3555703,UNIÃO PAULISTA,0,0,21,735,0,509,17,11,0,0,0,0
SP,72176,3555802,URÂNIA,0,2,84,3425,0,1590,108,67,0,0,0,10
SP,72192,3555901,URU,0,1,20,785,0,320,13,28,0,4,0,5
SP,72214,3556008,URUPÊS,2,2,167,5613,0,1932,112,110,0,1,2,17
SP,72230,3556107,VALENTIM GENTIL,1,1,193,4987,2,2349,162,106,2,2,0,6
SP,72257,3556206,VALINHOS,33,23,2579,44022,51,21448,2574,1750,17,110,18,533
SP,72273,3556305,VALPARAÍSO,1,0,215,6772,0,3446,189,143,0,3,0,14
SP,72311,3556404,VARGEM GRANDE DO SUL,5,5,743,13918,7,6003,516,622,1,11,3,63
SP,72338,3556503,VÁRZEA PAULISTA,36,17,2528,35108,29,21261,2081,1100,2,112,10,170
SP,72354,3556602,VERA CRUZ,1,0,88,3683,1,1792,117,122,0,9,0,13
SP,72370,3556701,VINHEDO,23,14,1756,30691,19,13483,1830,1087,9,85,7,302
SP,72397,3556800,VIRADOURO,2,2,316,6811,0,2700,162,172,1,8,1,16
SP,72419,3556909,VISTA ALEGRE DO ALTO,2,2,120,2747,1,1404,68,63,0,2,0,8
SP,72435,3557006,VOTORANTIM,30,11,2595,38477,34,22000,2342,1348,16,87,13,231
SP,72451,3557105,VOTUPORANGA,19,12,1408,34199,15,13875,1168,970,3,42,1,102
SP,72737,3556453,VARGEM GRANDE PAULISTA,18,7,1251,16390,22,11594,1188,828,7,56,5,106
TO,73008,1700251,ABREULÂNDIA,0,0,28,1013,0,884,20,27,0,0,0,0
TO,73016,1717206,PIRAQUÊ,0,0,41,826,0,983,15,39,0,1,1,0
TO,73024,1718550,RIACHINHO,0,0,49,1220,0,1535,22,29,0,0,1,0
TO,73032,1706506,DARCINÓPOLIS,0,0,75,1600,0,1929,30,66,0,2,0,1
TO,73040,1713809,PALMEIRAS DO TOCANTINS,0,0,62,1336,0,1841,33,46,1,0,0,0
TO,73059,1712801,MAURILÂNDIA DO TOCANTINS,0,0,74,786,1,1869,21,25,0,0,0,2
TO,73067,1703826,CACHOEIRINHA,0,0,63,553,0,968,11,23,0,0,0,0
TO,73075,1701051,ANGICO,0,0,46,985,0,1101,33,47,0,0,0,0
TO,73083,1715705,PALMEIRANTE,0,1,65,1367,0,1886,26,73,1,0,0,0
TO,73091,1703842,CAMPOS LINDOS,0,0,160,2434,0,2712,56,131,0,0,0,1
TO,73105,1720150,SÃO FÉLIX DO TOCANTINS,0,0,45,510,0,878,18,45,0,0,0,1
TO,73113,1711951,LAGOA DO TOCANTINS,0,1,87,1060,2,1443,17,41,0,0,0,0
TO,73121,1703305,BOM JESUS DO TOCANTINS,0,2,54,1483,1,1390,26,38,0,3,0,0
TO,73130,1718881,SANTA MARIA DO TOCANTINS,0,0,42,1050,0,897,13,33,0,1,0,0
TO,73148,1715150,NOVO ALEGRE,0,1,32,572,0,820,23,84,0,0,0,0
TO,73156,1718840,SANDOLÂNDIA,0,0,24,1523,0,1002,15,104,0,0,1,3
TO,73164,1720937,TAIPAS DO TOCANTINS,0,0,23,366,0,973,15,27,0,1,0,0
TO,73172,1715259,NOVO JARDIM,0,0,34,614,0,1034,20,43,0,0,0,0
TO,73180,1720200,SÃO MIGUEL DO TOCANTINS,1,0,222,3258,0,4432,137,114,1,1,0,2
TO,73199,1708254,TABOCÃO,0,0,42,1131,0,1114,27,66,1,0,0,1
TO,73202,1710904,ITAPIRATINS,0,1,155,1106,0,1439,17,30,1,0,0,0
TO,73210,1704105,CENTENÁRIO,0,0,28,599,0,858,12,31,0,0,0,0
TO,73229,1718501,RECURSOLÂNDIA,0,0,42,760,0,1591,11,24,0,0,0,0
TO,73237,1721307,TUPIRATINS,0,1,47,526,1,798,3,16,0,0,0,0
TO,73245,1703602,BRASILÂNDIA DO TOCANTINS,0,1,37,762,0,752,19,26,0,0,0,0
TO,73253,1711803,JUARINA,0,0,43,812,1,901,15,35,0,0,0,1
TO,73261,1716307,PAU D'ARCO,1,0,56,1331,0,1333,18,67,0,1,0,0
TO,73270,1712702,MATEIROS,0,0,23,494,0,984,8,14,0,0,0,0
TO,73288,1720101,SÃO BENTO DO TOCANTINS,0,1,115,1476,0,2518,50,67,0,1,0,1
TO,73296,1707405,ESPERANTINA,1,0,92,1521,0,3289,63,59,0,0,0,0
TO,73300,1703867,CARIRI DO TOCANTINS,1,0,60,1621,0,1184,22,61,0,0,0,1
TO,73318,1702158,ARAGUANÃ,1,1,48,1397,0,1321,31,38,0,0,0,0
TO,73326,1703883,CARMOLÂNDIA,0,0,51,809,0,998,20,21,0,0,0,0
TO,73334,1701309,ARAGOMINAS,1,1,54,1484,0,1882,27,67,0,1,0,2
TO,73342,1713957,MURICILÂNDIA,0,0,41,939,1,1254,26,24,0,0,1,6
TO,73350,1718865,SANTA FÉ DO ARAGUAIA,0,0,62,2038,0,2164,34,63,0,0,0,2
TO,73369,1711506,JAÚ DO TOCANTINS,1,0,25,1165,0,1083,7,60,0,0,0,2
TO,73377,1720853,SUCUPIRA,1,0,28,725,0,608,12,35,0,1,0,2
TO,73385,1711902,LAGOA DA CONFUSÃO,1,0,135,4535,0,3194,83,128,0,1,0,0
TO,73393,1720259,SÃO SALVADOR DO TOCANTINS,0,2,21,586,0,1155,15,102,0,0,1,1
TO,73407,1712009,LAJEADO,0,0,54,1432,1,1187,30,67,0,1,0,1
TO,73415,1718709,RIO DOS BOIS,0,1,44,840,1,1142,13,32,0,0,1,1
TO,73423,1703891,CARRASCO BONITO,0,0,34,1031,0,1575,25,9,0,0,1,1
TO,73431,1718659,RIO DA CONCEIÇÃO,0,0,39,527,0,894,16,40,1,0,0,2
TO,73440,1721000,PALMAS,49,20,5737,103652,42,59524,4164,4333,12,133,15,245
TO,73458,1721257,TUPIRAMA,1,0,28,619,0,770,11,19,0,0,0,1
TO,73466,1715507,OLIVEIRA DE FÁTIMA,0,0,22,657,0,632,13,22,0,0,0,0
TO,73474,1704600,CHAPADA DE AREIA,1,0,65,1063,0,767,13,53,0,1,0,0
TO,73482,1705102,CHAPADA DA NATIVIDADE,0,0,65,688,0,1550,7,44,0,1,0,1
TO,73504,1720978,TALISMÃ,0,0,28,1008,0,763,14,55,0,0,1,0
TO,73512,1700301,AGUIARNÓPOLIS,0,2,76,1221,0,1660,55,30,0,1,1,2
TO,73520,1712454,LUZINÓPOLIS,0,1,63,870,0,1109,22,26,0,1,0,1
TO,73539,1720002,SANTA TEREZINHA DO TOCANTINS,0,0,58,601,1,913,13,52,0,1,0,0
TO,73547,1718899,SANTA RITA DO TOCANTINS,0,0,54,898,0,643,4,35,0,1,1,0
TO,73555,1706258,CRIXÁS DO TOCANTINS,0,0,23,679,0,679,8,32,0,1,0,0
TO,73563,1713700,MONTE SANTO DO TOCANTINS,1,0,16,1199,0,702,10,60,0,0,0,1
TO,73571,1718451,PUGMIL,0,0,54,1038,0,743,15,19,0,0,0,1
TO,73580,1703057,BANDEIRANTES DO TOCANTINS,0,0,53,1308,0,906,27,35,0,0,0,0
TO,73598,1709807,IPUEIRAS,0,0,28,527,0,965,4,33,0,0,0,0
TO,73601,1712157,LAVANDEIRA,0,0,38,630,1,807,23,75,1,0,1,1
TO,73610,1703073,BARRA DO OURO,1,1,45,1263,0,1758,16,32,0,0,0,0
TO,92002,1703206,BERNARDO SAYÃO,1,0,48,1602,0,1155,31,54,0,1,0,0
TO,92045,1703800,BURITI DO TOCANTINS,1,2,113,2296,0,2793,42,62,0,4,0,1
TO,92070,1700400,ALMAS,0,0,91,1590,0,2446,37,131,0,1,1,3
TO,92088,1703909,CASEARA,1,1,66,1518,0,1470,19,60,1,0,0,0
TO,92134,1700707,ALVORADA,0,2,80,3557,0,2101,81,151,1,2,0,0
TO,92142,1705557,COMBINADO,0,1,71,1548,0,1339,25,141,0,0,0,0
TO,92185,1707108,DIVINÓPOLIS DO TOCANTINS,0,0,103,2153,0,2086,49,72,0,1,1,0
TO,92193,1701002,ANANÁS,0,0,135,2493,0,3337,54,96,0,2,0,1
TO,92240,1708304,GOIANORTE,0,0,81,1893,0,1516,24,124,0,1,1,0
TO,92304,1712504,MARIANÓPOLIS DO TOCANTINS,0,1,48,1528,0,1265,30,50,0,2,0,1
TO,92371,1701903,ARAGUACEMA,0,2,67,1647,0,2084,26,82,0,0,0,1
TO,92398,1702000,ARAGUAÇU,2,1,62,3585,0,1177,44,174,0,1,0,6
TO,92401,1715002,NOVA ROSALÂNDIA,0,0,47,1312,0,901,38,34,0,0,0,1
TO,92410,1702109,ARAGUAÍNA,28,11,2684,57270,16,35210,2030,2091,18,66,11,83
TO,92436,1702208,ARAGUATINS,5,3,512,7176,5,8731,276,238,0,7,0,12
TO,92452,1702307,ARAPOEMA,1,1,61,1658,0,1638,31,70,0,0,0,1
TO,92479,1702406,ARRAIAS,1,1,90,1650,0,3928,39,192,0,3,1,0
TO,92487,1716653,PEQUIZEIRO,0,0,59,1616,0,1786,22,42,0,2,0,1
TO,92509,1718006,PORTO ALEGRE DO TOCANTINS,0,0,61,705,0,1140,14,49,0,1,0,7
TO,92525,1718303,PRAIA NORTE,1,1,96,1475,0,2766,52,57,0,2,0,1
TO,92533,1702703,AURORA DO TOCANTINS,0,0,46,990,0,1288,28,82,0,1,0,0
TO,92541,1718808,SAMPAIO,0,0,47,966,0,1927,20,28,0,1,0,0
TO,92576,1702901,AXIXÁ DO TOCANTINS,0,0,100,2982,0,3979,40,85,0,0,0,1
TO,92584,1718907,SANTA ROSA DO TOCANTINS,0,1,67,1253,0,1923,19,73,0,1,0,1
TO,92592,1703008,BABAÇULÂNDIA,2,1,89,1916,0,3268,38,78,0,0,0,2
TO,92606,1719004,SANTA TEREZA DO TOCANTINS,0,0,60,1296,0,1049,17,70,0,0,0,0
TO,92681,1720499,SÃO VALÉRIO,0,0,75,1087,0,1792,24,75,0,1,0,4
TO,92738,1703701,BREJINHO DE NAZARÉ,1,1,51,1562,0,1612,15,114,0,1,0,1
TO,93114,1705508,COLINAS DO TOCANTINS,3,4,403,11628,2,6858,251,348,1,13,3,6
TO,93130,1705607,CONCEIÇÃO DO TOCANTINS,0,1,34,781,0,1636,9,103,1,1,1,1
TO,93211,1706001,COUTO MAGALHÃES,3,1,50,1624,0,1989,21,39,0,0,0,1
TO,93238,1706100,CRISTALÂNDIA,0,0,92,2327,1,1834,31,106,0,1,0,6
TO,93416,1707009,DIANÓPOLIS,1,0,338,3935,0,5368,112,248,0,1,2,4
TO,93459,1707207,DOIS IRMÃOS DO TOCANTINS,0,0,105,1712,0,1986,25,103,0,1,0,1
TO,93475,1707306,DUERÉ,0,0,49,1307,1,1352,46,102,1,1,0,6
TO,93556,1707702,FILADÉLFIA,2,0,61,1965,0,2649,57,91,0,3,1,4
TO,93653,1708205,FORMOSO DO ARAGUAIA,1,2,168,6319,0,4014,70,224,0,1,0,6
TO,93858,1709500,GURUPI,9,7,1051,28803,5,15383,663,1420,4,28,5,41
TO,94056,1710508,ITACAJÁ,0,0,63,1737,0,2542,28,79,0,1,0,1
TO,94099,1710706,ITAGUATINS,0,0,64,1330,0,2252,41,54,0,1,0,1
TO,94170,1711100,ITAPORÃ DO TOCANTINS,0,0,45,1055,0,1022,7,45,0,0,0,0
TO,94617,1713205,MIRACEMA DO TOCANTINS,5,2,326,4603,1,5810,136,249,1,7,0,14
TO,94633,1713304,MIRANORTE,0,0,186,4303,1,3139,77,165,0,2,1,4
TO,94692,1713601,MONTE DO CARMO,0,0,108,1709,0,1977,22,102,1,1,0,0
TO,94811,1714203,NATIVIDADE,1,1,131,2187,0,2522,40,203,0,2,0,1
TO,94838,1714302,NAZARÉ,1,0,86,968,0,2150,56,75,0,3,0,0
TO,94994,1715101,NOVO ACORDO,0,0,73,1598,0,1507,23,58,0,0,0,1
TO,95192,1716109,PARAÍSO DO TOCANTINS,10,2,597,19188,5,7337,396,616,4,5,4,14
TO,95214,1716208,PARANÃ,0,3,103,1562,0,4160,34,191,0,2,0,4
TO,95257,1716505,PEDRO AFONSO,1,2,195,4586,3,3415,94,141,0,3,1,2
TO,95273,1716604,PEIXE,2,0,116,2029,1,3189,50,144,0,0,1,1
TO,95290,1716703,COLMÉIA,0,0,76,3168,0,1803,42,103,0,1,0,4
TO,95338,1709005,GOIATINS,0,1,114,2163,0,4537,44,128,0,0,1,0
TO,95370,1717008,PINDORAMA DO TOCANTINS,0,0,43,1283,0,1463,23,63,1,0,0,0
TO,95478,1717503,PIUM,0,0,80,2519,0,1825,40,99,0,0,0,1
TO,95516,1717800,PONTE ALTA DO BOM JESUS,0,1,69,1014,0,1609,14,88,0,0,0,3
TO,95532,1717909,PONTE ALTA DO TOCANTINS,2,2,77,2221,0,1852,26,141,0,1,0,4
TO,95591,1718204,PORTO NACIONAL,7,4,1181,18594,4,16193,479,789,7,34,2,20
TO,95699,1712405,LIZARDA,1,0,57,727,0,1412,11,35,0,1,0,0
TO,96032,1720309,SÃO SEBASTIÃO DO TOCANTINS,0,0,42,812,0,1712,34,22,1,1,0,0
TO,96130,1720804,SÍTIO NOVO DO TOCANTINS,0,1,133,2187,0,3992,94,96,0,0,0,1
TO,96156,1720903,TAGUATINGA,0,2,148,3353,0,4524,75,241,0,4,0,0
TO,96199,1721109,TOCANTÍNIA,0,0,52,1234,0,3206,27,42,0,0,0,2
TO,96210,1721208,TOCANTINÓPOLIS,3,1,263,4330,0,7921,189,167,0,6,0,2
TO,96270,1709302,GUARAÍ,2,2,339,7851,0,5367,195,313,1,2,0,3
TO,96296,1718402,PRESIDENTE KENNEDY,2,1,55,1067,0,1051,10,55,0,1,0,1
TO,96431,1722107,XAMBIOÁ,1,1,92,3568,1,3006,109,77,1,1,1,3
TO,96490,1715754,PALMEIRÓPOLIS,1,0,58,2777,0,1716,53,184,0,0,1,2
TO,96598,1720655,SILVANÓPOLIS,1,0,59,1827,1,1834,36,124,0,2,0,2
TO,96636,1714880,NOVA OLINDA,0,0,137,3064,0,3104,60,89,1,1,0,0
TO,96652,1722081,WANDERLÂNDIA,1,1,100,2519,0,2933,84,72,0,2,0,4
TO,96679,1707652,FIGUEIRÓPOLIS,1,2,49,2037,0,1365,44,107,1,1,0,3
TO,96792,1718758,RIO SONO,0,0,65,1690,1,1783,16,61,0,0,1,0
TO,96830,1707553,FÁTIMA,0,0,48,1482,0,1010,22,55,0,0,1,1
TO,96857,1702554,AUGUSTINÓPOLIS,4,4,250,4391,0,5553,144,115,0,2,0,1
TO,96954,1700350,ALIANÇA DO TOCANTINS,0,1,74,1738,0,1361,25,91,0,1,0,1
TO,96970,1701101,APARECIDA DO RIO NEGRO,0,0,87,1997,0,1683,29,72,0,1,0,1
TO,96997,1703107,BARROLÂNDIA,0,0,77,2004,0,1710,30,107,0,0,0,2
ZZ,29173,,KATMANDU,0,0,1,11,0,1,0,0,0,0,0,0
ZZ,29254,,ABIDJÃ,0,1,1,13,0,24,1,2,1,0,0,1
ZZ,29262,,ABU DHABI,3,2,56,659,3,512,64,26,2,0,1,27
ZZ,29270,,ACCRA,0,0,2,2,0,8,0,1,0,0,0,0
ZZ,29289,,AMÃ,8,4,8,59,3,675,2,13,1,4,0,6
ZZ,29297,,ANCARA,0,0,2,7,0,24,1,1,0,0,0,2
ZZ,29300,,ARGEL,0,1,0,3,0,27,0,0,0,0,0,0
ZZ,29319,,ARTIGAS,4,3,11,227,0,104,4,11,0,2,0,1
ZZ,29327,,ASSUNÇÃO,3,3,17,740,0,250,23,10,1,2,1,11
ZZ,29335,,ATENAS,6,0,21,230,0,196,6,10,1,13,1,10
ZZ,29343,,BANGKOK,0,0,3,51,0,40,3,0,0,1,0,1
ZZ,29351,,BARCELONA,5,1,113,995,7,3692,105,52,1,26,4,42
ZZ,29360,,BEIRUTE,31,19,49,1138,5,2538,13,49,7,10,5,19
ZZ,29378,,BELGRADO,0,0,2,13,0,30,2,1,0,0,0,0
ZZ,29386,,BERLIM,11,13,170,925,26,6504,164,74,5,45,9,73
ZZ,29394,,BISSAU,0,0,2,17,0,17,1,0,0,0,0,0
ZZ,29408,,BOGOTÁ,1,0,12,252,0,245,5,8,1,0,1,2
ZZ,29416,,BOSTON,17,14,370,11228,4,3919,230,161,5,15,24,105
ZZ,29424,,BRIDGETOWN,0,0,0,0,0,0,0,0,0,0,0,0
ZZ,29432,,BRUXELAS,11,1,184,1959,8,2516,121,98,3,13,6,55
ZZ,29440,,BUCARESTE,0,0,6,22,0,31,1,1,0,0,1,0
ZZ,29459,,BUDAPESTE,2,1,15,93,0,331,12,3,0,0,0,7
ZZ,29467,,BUENOS AIRES,3,4,118,1449,9,3507,130,54,1,9,3,22
ZZ,29475,,CAIENA,4,2,38,518,3,484,16,12,0,4,1,2
ZZ,29483,,CAIRO,0,0,3,12,0,46,0,2,1,0,0,0
ZZ,29491,,CAMBERRA,3,5,100,805,3,1478,95,32,1,14,1,56
ZZ,29505,,CARACAS,1,0,1,125,0,128,2,3,0,1,0,1
ZZ,29513,,CHICAGO,6,0,92,953,0,1485,72,41,3,4,5,33
ZZ,29521,,CHUY,0,0,0,0,0,0,0,0,0,0,0,0
ZZ,29530,,CIDADE DO CABO,0,0,4,58,0,90,1,5,0,0,0,2
ZZ,29548,,SINGAPURA,1,0,21,92,0,190,22,6,2,2,0,12
ZZ,29556,,CIUDAD DEL ESTE,2,1,21,2239,1,202,24,10,0,0,0,3
ZZ,29564,,CIUDAD GUAYANA,0,0,0,0,0,0,0,0,0,0,0,0
ZZ,29572,,COCHABAMBA,2,0,3,119,0,57,3,0,0,0,1,0
ZZ,29580,,CONCEPCIÓN,0,0,0,32,0,2,1,0,0,0,0,0
ZZ,29599,,COPENHAGUE,1,0,41,195,5,1166,28,18,2,5,0,15
ZZ,29602,,CÓRDOBA,2,1,4,159,0,182,4,7,0,2,1,5
ZZ,29610,,DACAR,2,0,1,24,0,51,0,1,0,0,0,0
ZZ,29629,,DACCA,0,0,0,0,0,0,0,0,0,0,0,0
ZZ,29637,,DAMASCO,1,0,1,7,0,97,0,2,0,0,0,0
ZZ,29645,,DÍLI,0,0,2,27,0,16,0,0,0,0,0,1
ZZ,29653,,DOHA,1,1,10,173,0,147,15,4,0,0,0,6
ZZ,29661,,DUBLIN,8,2,225,1559,11,6025,312,56,5,26,2,68
ZZ,29670,,ENCARNACIÓN,0,0,0,122,1,14,2,1,0,0,0,1
ZZ,29688,,ESTOCOLMO,5,4,84,505,3,1770,70,41,1,6,3,48
ZZ,29696,,FRANKFURT,14,5,174,1320,6,3657,109,88,6,28,9,79
ZZ,29700,,GENEBRA,6,6,198,2226,1,2298,122,109,2,19,7,69
ZZ,29718,,GEORGETOWN,0,0,1,43,0,7,1,0,0,0,0,1
ZZ,29742,,HAMAMATSU,71,28,287,4698,15,884,279,99,10,32,20,52
ZZ,29750,,HANÓI,0,0,0,14,0,13,1,0,1,0,0,0
ZZ,29769,,HARARE,0,0,0,0,0,0,0,0,0,0,0,0
ZZ,29777,,HAVANA,0,1,0,1,0,36,0,0,0,0,0,0
ZZ,29785,,HELSINQUE,2,3,14,155,3,475,22,10,0,1,0,8
ZZ,29793,,HONG KONG,1,0,10,105,0,99,12,11,1,0,0,5
ZZ,29807,,HOUSTON,4,3,152,2586,1,1265,109,84,3,5,6,103
ZZ,29815,,IAUNDÊ,0,0,0,0,0,0,0,0,0,0,0,0
ZZ,29823,,IQUITOS,0,0,0,0,0,0,0,0,0,0,0,0
ZZ,29831,,ISLAMABADE,0,0,0,0,0,0,0,0,0,0,0,0
ZZ,29840,,JACARTA,0,0,2,19,1,8,1,0,0,0,0,0
ZZ,29858,,KIEV,0,0,0,19,0,4,0,0,0,0,0,0
ZZ,29874,,KINSHASA,0,0,0,0,0,0,0,0,0,0,0,0
ZZ,29882,,KUAITE,0,0,5,12,0,54,0,2,0,0,0,0
ZZ,29890,,KUALA LUMPUR,0,0,3,27,0,44,7,0,0,0,0,1
ZZ,29904,,LA PAZ,0,3,2,106,0,98,6,7,0,1,0,1
ZZ,29912,,LAGOS,0,0,0,6,0,26,0,0,0,0,0,0
ZZ,29939,,LIBREVILLE,0,0,0,0,0,0,0,0,0,0,0,0
ZZ,29947,,LIMA,3,1,31,380,1,248,27,23,0,1,3,12
ZZ,29955,,LISBOA,35,16,896,10548,27,14948,838,349,10,92,18,159
ZZ,29963,,LOMÉ,0,0,0,0,0,0,0,0,0,0,0,0
ZZ,29971,,LONDRES,15,6,334,5227,13,8152,357,171,10,42,14,131
ZZ,29980,,LOS ANGELES,7,2,122,1994,2,2131,122,57,2,6,5,42
ZZ,29998,,LUANDA,0,0,3,101,0,147,6,4,0,0,0,3
ZZ,30066,,MADRI,14,5,209,2343,4,3571,168,118,6,26,3,87
ZZ,30074,,MANÁGUA,0,0,0,35,0,33,0,0,0,0,1,0
ZZ,30082,,MANILA,0,0,0,33,0,26,2,1,0,0,0,0
ZZ,30090,,MAPUTO,0,0,5,113,0,89,1,1,0,0,0,5
ZZ,30104,,MEXICO,2,3,40,589,1,585,22,25,0,4,3,11
ZZ,30112,,MIAMI,9,4,226,8914,2,2260,266,172,5,4,10,145
ZZ,30120,,MILÃO,21,14,235,2908,8,3593,171,117,3,32,10,51
ZZ,30147,,MONTEVIDÉU,7,0,38,465,2,686,24,19,0,8,2,12
ZZ,30155,,MONTREAL,14,5,195,1456,9,3823,190,84,6,27,4,76
ZZ,30163,,MOSCOU,0,0,0,25,0,49,0,2,3,0,0,2
ZZ,30171,,MUMBAI,1,0,1,1,0,5,3,0,0,0,0,0
ZZ,30180,,MUNIQUE,15,9,226,1287,9,3364,149,102,2,23,11,91
ZZ,30198,,NAGÓIA,90,50,696,11480,15,2022,521,258,14,67,38,155
ZZ,30201,,NAIRÓBI,0,0,1,17,0,26,1,1,0,0,0,0
ZZ,30210,,NOVA DELHI,0,0,0,26,0,24,0,0,0,0,0,0
ZZ,30228,,NOVA YORK,5,7,197,4684,6,4570,150,163,7,11,10,81
ZZ,30244,,OSLO,1,3,34,198,0,592,18,17,0,3,1,17
ZZ,30252,,OTTAWA,3,1,54,395,0,794,48,26,6,7,0,27
ZZ,30260,,PANAMA,3,1,28,336,0,236,14,19,0,1,0,20
ZZ,30279,,PARAMARIBO,4,1,18,366,1,121,15,7,1,0,3,3
ZZ,30287,,PARIS,12,8,198,1654,10,8054,167,119,3,33,5,78
ZZ,30295,,PASO LOS LIBRES,0,0,0,3,0,2,0,0,0,0,0,0
ZZ,30309,,PEDRO JUAN CABALLERO,2,0,4,219,0,59,4,2,0,2,2,1
ZZ,30317,,PEQUIM,1,0,3,22,0,104,1,1,0,2,0,0
ZZ,30325,,PORT OF SPAIN,1,0,3,10,0,4,0,1,0,0,0,0
ZZ,30333,,PORTO PRÍNCIPE,0,0,0,0,0,5,0,0,0,0,0,0
ZZ,30341,,PORTO,28,17,676,7559,22,10356,652,204,7,78,8,121
ZZ,30350,,PRAGA,0,0,13,70,2,279,25,2,0,1,0,5
ZZ,30368,,PRAIA,0,0,7,20,0,39,2,2,0,0,0,0
ZZ,30376,,PRETÓRIA,1,0,6,172,0,62,5,9,0,2,0,2
ZZ,30392,,QUITO,1,0,9,171,0,130,6,5,1,0,2,3
ZZ,30406,,RABAT,2,0,1,6,0,30,0,3,0,0,0,0
ZZ,30414,,RAMALLAH,9,7,2,46,1,1078,6,2,1,1,2,2
ZZ,30422,,RIADE,0,0,0,22,0,52,6,1,0,0,0,2
ZZ,30430,,RIO BRANCO,0,0,0,9,0,7,2,3,0,0,0,0
ZZ,30449,,ROMA,19,12,140,1478,5,2555,94,70,5,14,8,32
ZZ,30457,,AMSTERDÃ,17,4,156,1081,15,4624,164,81,5,31,4,92
ZZ,30465,,SALTO DEL GUAIRÁ,0,0,2,496,0,19,5,1,0,0,0,2
ZZ,30473,,SANTA CRUZ DE LA SIERRA,2,0,17,1162,1,194,28,16,2,1,2,3
ZZ,30481,,SANTIAGO,1,2,68,809,1,928,67,43,0,6,3,43
ZZ,30490,,SÃO DOMINGOS,0,1,3,106,1,65,4,3,0,2,0,3
ZZ,30503,,SÃO FRANCISCO,5,3,81,1323,5,2176,52,84,0,2,3,48
ZZ,30511,,SÃO JOSÉ,2,0,9,159,2,173,9,3,1,1,0,11
ZZ,30520,,SÃO SALVADOR,0,1,0,48,0,23,3,0,0,1,1,0
ZZ,30538,,SEUL,0,0,6,72,0,123,6,6,1,1,0,1
ZZ,30546,,SÓFIA,0,0,4,8,0,34,0,0,0,0,0,1
ZZ,30562,,SYDNEY,11,5,231,1774,11,3084,221,89,5,17,5,83
ZZ,30570,,TAIPÉ,4,1,6,107,2,77,14,2,0,1,0,4
ZZ,30597,,TEERÃ,0,0,0,11,0,14,0,0,0,0,0,0
ZZ,30600,,TEGUCIGALPA,0,1,3,34,0,17,1,2,0,1,0,0
ZZ,30619,,TEL AVIV,3,0,25,523,0,92,27,24,0,1,2,7
ZZ,30627,,TÓQUIO,146,58,518,8423,24,2328,397,238,9,65,33,161
ZZ,30635,,TORONTO,7,9,205,3319,11,4670,248,94,2,27,9,96
ZZ,30651,,CANTÃO,0,0,1,35,0,48,6,1,1,0,0,0
ZZ,30669,,GABORONE,0,0,0,0,0,0,0,0,0,0,0,0
ZZ,30686,,TRÍPOLI,0,0,0,0,0,2,0,0,0,0,0,0
ZZ,30708,,TUNIS,0,0,1,9,0,12,0,0,0,0,0,0
ZZ,30740,,VARSÓVIA,1,1,7,65,1,183,12,4,0,2,0,6
ZZ,30767,,VIENA,4,3,53,311,2,979,37,38,1,10,5,28
ZZ,30783,,WASHINGTON,13,4,111,1858,4,2419,113,109,0,5,9,61
ZZ,30805,,WELLINGTON,0,0,6,64,1,234,13,5,0,2,0,7
ZZ,30821,,WINDHOEK,0,0,1,5,0,6,0,0,0,0,0,1
ZZ,30848,,XANGAI,0,0,7,41,1,116,9,3,0,0,0,4
ZZ,30864,,ZURIQUE,17,6,236,2299,7,2896,130,96,2,22,3,76
ZZ,30902,,HARTFORD,3,3,29,1207,1,557,30,45,2,4,0,14
ZZ,30929,,COLOMBO,0,0,0,0,0,0,0,0,0,0,0,0
ZZ,30961,,FARO,5,2,108,1305,4,1097,90,33,0,13,2,11
ZZ,30988,,SARAJEVO,0,0,0,0,0,0,0,0,0,0,0,0
ZZ,38881,,BELMOPAN,0,0,0,0,0,0,0,0,0,0,0,0
ZZ,38903,,CONACRI,0,0,0,0,0,0,0,0,0,0,0,0
ZZ,38920,,COTONOU,0,0,0,0,0,0,0,0,0,0,0,0
ZZ,38962,,DAR ES SALAAM,0,0,0,5,0,11,0,0,0,0,0,0
ZZ,38989,,IEREVAN,0,0,0,0,0,0,0,0,0,0,0,0
ZZ,39004,,MENDOZA,0,0,2,55,0,49,4,1,0,0,0,1
ZZ,39020,,ZAGREB,0,0,1,17,0,29,0,0,0,0,0,1
ZZ,39063,,VANCOUVER,3,5,181,1873,10,3221,192,77,5,35,3,106
ZZ,39080,,ATLANTA,5,3,101,3276,4,1221,101,122,1,10,7,52
ZZ,39102,,MASCATE,0,0,4,20,0,12,0,0,0,0,0,0
ZZ,39128,,BAKU,0,0,0,0,0,0,0,0,0,0,0,0
ZZ,39160,,LIUBLIANA,0,0,1,25,1,61,2,6,0,0,0,2
ZZ,39187,,BRAZZAVILLE,0,0,0,0,0,0,0,0,0,0,0,0
ZZ,39209,,BRATISLAVA,0,0,5,13,0,35,3,2,0,0,0,0
ZZ,39225,,SÃO TOMÉ,0,0,0,0,0,0,0,0,0,0,0,0
ZZ,39241,,ASTANA,0,0,0,0,0,0,0,0,0,0,0,0
ZZ,39263,,MALABO,0,0,0,0,0,0,0,0,0,0,0,0
ZZ,39284,,UAGADUGU,0,0,0,0,0,0,0,0,0,0,0,0
ZZ,39306,,ISTAMBUL,1,0,3,30,0,90,0,1,1,1,0,0
ZZ,39322,,NICOSIA,0,0,5,20,0,24,2,4,1,0,0,1
ZZ,98000,,GUATEMALA,0,1,10,67,0,33,6,1,0,0,0,0
ZZ,99104,,TBILISI,0,0,0,0,0,0,0,0,0,0,0,0
ZZ,99139,,TIRANA,0,0,0,0,0,0,0,0,0,0,0,0
ZZ,99147,,SAINT JOHNS,0,0,0,0,0,0,0,0,0,0,0,0
ZZ,99155,,PUERTO IGUAZÚ,0,0,0,15,0,7,0,0,0,0,0,0
ZZ,99171,,BAGDÁ,0,0,0,0,0,0,0,0,0,0,0,0
ZZ,99180,,NASSAU,0,0,1,10,0,6,0,1,0,0,0,1
ZZ,99198,,ABUJA,0,0,0,0,0,0,0,0,0,0,0,0
ZZ,99210,,COBIJA,0,0,0,0,0,0,0,0,0,0,0,0
ZZ,99236,,PUERTO QUIJARRO,0,0,0,0,0,0,0,0,0,0,0,0
ZZ,99244,,RIVERA,0,0,0,0,0,0,0,0,0,0,0,0
ZZ,99279,,SANTA ELENA DE UAIRÉN,0,0,0,0,0,0,0,0,0,0,0,0
ZZ,99287,,LUSACA,0,0,0,0,0,0,0,0,0,0,0,0
ZZ,99295,,PYONGYANG,0,0,0,0,0,0,0,0,0,0,0,0
ZZ,99317,,TALIN,1,0,9,19,0,142,8,5,0,3,0,3
ZZ,99325,,ADIS ABEBA,0,0,0,0,0,0,0,0,0,0,0,0
ZZ,99333,,ST GEORGES DE LOYAPOCK,0,0,0,0,0,0,0,0,0,0,0,0
ZZ,99341,,LILONGUE,0,0,0,0,0,0,0,0,0,0,0,0
ZZ,99350,,BAMAKO,0,0,0,0,0,0,0,0,0,0,0,0
ZZ,99376,,YANGON,0,0,0,0,0,0,0,0,0,0,0,0
ZZ,99384,,CASTRIES,0,0,0,0,0,0,0,0,0,0,0,0
ZZ,99430,,KINGSTON-JAMAICA,0,0,0,14,0,4,0,1,0,0,0,0
ZZ,99473,,BAREIN,0,0,2,27,0,17,1,0,0,0,0,0
ZZ,99490,,ORLANDO,5,3,177,6981,2,1332,228,71,0,4,5,60
ZZ,99503,,EDIMBURGO,1,1,12,139,0,488,21,9,1,3,1,1
ZZ,99511,,MARSELHA,1,0,13,104,3,715,19,1,0,5,1,6
